{
	"variant": "splendor",
	"weight": 10,
	"quality": 0,
	"dimensions": [
	],
	"bonuses": [{
			"type": "apotheosis:attribute",
			"gem_class": {
				"key": "core_armor",
				"types": [
					"chestplate",
					"leggings"
				]
			},
			"attribute": "minecraft:generic.luck",
			"operation": "ADDITION",
			"values": {
				"common": 0.5,
				"uncommon": 1.5,
				"rare": 2.75,
				"epic": 4,
				"mythic": 5,
				"ancient": 6
			}
		},
		{
			"type": "apotheosis:attribute",
			"gem_class": {
				"key": "weapon_or_tool",
				"types": [
					"sword",
					"trident",
					"bow",
					"crossbow",
					"heavy_weapon",
					"shovel",
					"pickaxe"
				]
			},
			"attribute": "attributeslib:experience_gained",
			"operation": "MULTIPLY_TOTAL",
			"values": {
				"common": 0.075,
				"uncommon": 0.15,
				"rare": 0.18,
				"epic": 0.20,
				"mythic": 0.25,
				"ancient": 0.30
			}
		},
		{
			"type": "apotheosis:attribute",
			"gem_class": {
				"key": "boots",
				"types": [
					"boots"
				]
			},
			"attribute": "minecraft:generic.movement_speed",
			"operation": "MULTIPLY_TOTAL",
			"values": {
				"common": 0.10,
				"uncommon": 0.15,
				"rare": 0.25,
				"epic": 0.35,
				"mythic": 0.45,
				"ancient": 0.50
			}
		}
	]
}