{
	"variant": "tyrannical",
	"weight": 10,
	"quality": 0,
	"unique": true,
	"dimensions": [
	],
	"bonuses": [{
			"type": "apotheosis:attribute",
			"gem_class": {
				"key": "heavy_weapon",
				"types": [
					"heavy_weapon"
				]
			},
			"attribute": "attributeslib:current_hp_damage",
			"operation": "ADDITION",
			"values": {
				"common": 0.025,
				"uncommon": 0.05,
				"rare": 0.10,
				"epic": 0.15,
				"mythic": 0.18,
				"ancient": 0.20
			}
		},
		{
			"type": "apotheosis:attribute",
			"gem_class": {
				"key": "light_weapon",
				"types": [
					"sword",
					"trident"
				]
			},
			"attribute": "minecraft:generic.attack_knockback",
			"operation": "ADDITION",
			"values": {
				"common": 0.5,
				"uncommon": 1,
				"rare": 1.5,
				"epic": 2,
				"mythic": 3,
				"ancient": 3.5
			}
		},
		{
			"type": "apotheosis:attribute",
			"gem_class": {
				"key": "core_armor",
				"types": [
					"chestplate", "leggings"
				]
			},
			"attribute": "minecraft:generic.armor_toughness",
			"operation": "ADDITION",
			"values": {
				"common": 0.5,
				"uncommon": 1,
				"rare": 1.5,
				"epic": 2.5,
				"mythic": 4,
				"ancient": 6
			}
		},
		{
			"type": "apotheosis:attribute",
			"gem_class": {
				"key": "shield",
				"types": [
					"shield"
				]
			},
			"attribute": "minecraft:generic.armor_toughness",
			"operation": "MULTIPLY_TOTAL",
			"values": {
				"common": 0.05,
				"uncommon": 0.075,
				"rare": 0.10,
				"epic": 0.15,
				"mythic": 0.225,
				"ancient": 0.3
			}
		}
	]
}