{
  "__comment": "Dragon skull, blood and heart drops are handled differently and can be disabled in ice_and_fire.cfg. The customize_to_dragon tag changes items to appear like the dragon(ex. red dragon scales -> blue dragon scales), and scales the stack size to the dragon's as well.",
  "pools": [
    {
      "name": "fire_dragon_female",
      "rolls": 1,
      "entries": [
        {
          "type": "item",
          "name": "iceandfire:dragonscales_red",
          "weight": 60,
          "functions": [
            {
              "function": "set_count",
              "count": {
                "min": 1,
                "max": 1
              }
            },
            {
              "function": "iceandfire:customize_to_dragon"
            }
          ]
        },
        {
          "type": "item",
          "name": "iceandfire:fire_dragon_flesh",
          "weight": 40,
          "functions": [
            {
              "function": "set_count",
              "count": {
                "min": 1,
                "max": 3
              }
            },
            {
              "function": "iceandfire:customize_to_dragon"
            }
          ]
        },
        {
          "type": "item",
          "name": "iceandfire:dragonegg_red",
          "weight": 4,
          "functions": [
            {
              "function": "set_count",
              "count": {
                "min": 1,
                "max": 1
              }
            },
            {
              "function": "iceandfire:customize_to_dragon"
            }
          ]
        }
      ]
    }
  ]
}