{
  "anim_state": "PUNCH",
  "class": "LIGHT",
  "cooldown_type": "STAND_LIGHT",
  "crouching_variant": {
    "anim_state": "BACKHAND",
    "class": "LIGHT",
    "cooldown_type": "STAND_LIGHT",
    "followup": {
      "anim_state": "BACKHAND_FOLLOWUP",
      "class": "LIGHT",
      "cooldown_type": "STAND_LIGHT",
      "move": {
        "type": "jcraft:shared_knockdown_attack",
        "attack_extras": {
          "backstab": true,
          "block_stun": 10,
          "hit_animation": "MID",
          "hit_spark": "HIT_SPARK_2"
        },
        "cooldown": 0,
        "damage": 6.0,
        "duration": 20,
        "extras": {
          "actions": [
            {
              "type": "jcraft:play_sound",
              "on_impact": true,
              "sound": "jcraft:impact2"
            }
          ],
          "description": {
            "text": "1s knockdown"
          },
          "name": {
            "text": "Hammerfist"
          }
        },
        "hitbox_size": 1.75,
        "knockback": 0.5,
        "knockdown_duration": 25,
        "move_distance": 0.75,
        "offset": 0.35,
        "stun": 13,
        "windup": 13
      }
    },
    "move": {
      "type": "jcraft:purplehaze_backhand_attack",
      "attack_extras": {
        "backstab": true,
        "block_stun": 10,
        "extra_hit_boxes": [
          {
            "size": 1.25,
            "vertical_offset": 0.35
          }
        ],
        "hit_animation": "CRUSH",
        "hit_spark": "HIT_SPARK_2"
      },
      "cooldown": 20,
      "damage": 6.0,
      "duration": 14,
      "extras": {
        "actions": [
          {
            "type": "jcraft:play_sound",
            "on_impact": true,
            "sound": "jcraft:impact4"
          }
        ],
        "description": {
          "text": "launches vertically, infects (3s) on hit"
        },
        "name": {
          "text": "Backhand"
        }
      },
      "hitbox_size": 1.5,
      "knockback": 0.25,
      "move_distance": 0.75,
      "offset": -0.6,
      "strength": 0.5,
      "stun": 20,
      "windup": 6
    }
  },
  "followup": {
    "anim_state": "LIGHT_FOLLOWUP",
    "class": "LIGHT",
    "cooldown_type": "STAND_LIGHT",
    "move": {
      "type": "jcraft:shared_simple_attack",
      "attack_extras": {
        "backstab": true,
        "block_stun": 10,
        "hit_animation": "LAUNCH",
        "hit_spark": "HIT_SPARK_2",
        "override_stun": true,
        "shockwaves": true,
        "stun_type": "LAUNCH"
      },
      "cooldown": 0,
      "damage": 6.0,
      "duration": 20,
      "extras": {
        "actions": [
          {
            "type": "jcraft:play_sound",
            "on_impact": true,
            "sound": "jcraft:impact1"
          }
        ],
        "description": {
          "text": "fast combo finisher"
        },
        "name": {
          "text": "Kick"
        }
      },
      "hitbox_size": 1.6,
      "knockback": 1.25,
      "move_distance": 0.75,
      "offset": -0.1,
      "stun": 13,
      "windup": 9
    }
  },
  "move": {
    "type": "jcraft:shared_simple_attack",
    "attack_extras": {
      "backstab": true,
      "block_stun": 9,
      "hit_animation": "MID",
      "hit_spark": "HIT_SPARK_1"
    },
    "cooldown": 30,
    "damage": 5.0,
    "duration": 9,
    "extras": {
      "actions": [
        {
          "type": "jcraft:play_sound",
          "on_impact": true,
          "sound": "jcraft:impact1"
        }
      ],
      "description": {
        "text": "fast combo starter"
      },
      "name": {
        "text": "Punch"
      }
    },
    "hitbox_size": 1.5,
    "knockback": 0.25,
    "move_distance": 0.75,
    "offset": 0.1,
    "stun": 11,
    "windup": 6
  }
}