{
  "anim_state": "DETECTOR",
  "class": "UTILITY",
  "cooldown_type": "UTILITY",
  "move": {
    "type": "jcraft:magiciansred_life_detector_attack",
    "cooldown": 280,
    "duration": 20,
    "extras": {
      "description": {
        "text": "tracks down nearby life, lasts 15s"
      },
      "init_actions": [
        {
          "type": "jcraft:play_sound",
          "sound": "jcraft:mrdetector"
        }
      ],
      "name": {
        "text": "Life Detector"
      },
      "ranged": true
    },
    "move_distance": 0.75,
    "windup": 13
  }
}