{
  "anim_state": "BARRAGE",
  "class": "BARRAGE",
  "cooldown_type": "STAND_BARRAGE",
  "move": {
    "type": "jcraft:magiciansred_flamethrower_attack",
    "attack_extras": {
      "backstab": true,
      "block_stun": 3,
      "hit_animation": "MID",
      "stun_type": "WINDED"
    },
    "cooldown": 300,
    "damage": 0.4,
    "duration": 40,
    "extras": {
      "armor": 1,
      "description": {
        "text": "fast reliable damage cash-out tool, no stun, burns for 3 seconds"
      },
      "init_actions": [
        {
          "type": "jcraft:play_sound",
          "sound": "jcraft:mrbarrage"
        }
      ],
      "name": {
        "text": "Flamethrower"
      }
    },
    "hitbox_size": 2.0,
    "interval": 3,
    "knockback": 0.25,
    "move_distance": 0.75,
    "offset": 0.0,
    "stun": 0,
    "windup": 0
  }
}