{
  "properties": {
    "fuel": 40.0,
    "durability": 6.0,
    "yawSpeed": 1.0,
    "pitchSpeed": 1.0,
    "engineSpeed": 0.160,
    "pushSpeed": 0.05,
    "glideFactor": 0.095,
    "driftDrag": 0.00001,
    "lift": 0.003,
    "rollFactor": 35.0,
    "groundPitch": 0.0,
    "wind": 0.002,
    "mass": 8.00
  },
  "inventorySlots": [
    {"type": "boiler", "x": 12, "y": 37},
    {"type": "upgrade", "x": 84, "y": 32},
    {"type": "upgrade", "x": 106, "y": 32},
    {"type": "upgrade", "x": 128, "y": 32},
    {"type": "upgrade", "x": 150, "y": 32},
    {"type": "inventory", "x": 8, "y": 68, "cols": 7, "rows": 4},
	{"type": "inventory", "x": -80, "y": 18, "cols": 4, "rows": 4, "boxed": true},
    {"type": "inventory", "x": 186, "y": 18, "cols": 4, "rows": 4, "boxed": true}
  ],
  "weaponMounts": [],
  "passengerPositions": [
    [
      {"x": 0.43, "y": 2.3, "z": 10.0}
    ],
	[
		{"x": 0.41, "y": 2.3, "z": 10.0},
	  {"x": -0.41, "y": 2.3, "z": 10.0}

	],
	  [
		  {"x": 0.41, "y": 2.3, "z": 10.0},
		  {"x": -0.41, "y": 2.3, "z": 10.0},
		  {"x": 1.03, "y": 2.35, "z": 3.552}
	  ],
	  [
		  {"x": 0.41, "y": 2.3, "z": 10.0},
		  {"x": -0.41, "y": 2.3, "z": 10.0},
		  {"x": 1.03, "y": 2.35, "z": 3.552},
		  {"x": 0.379, "y": 2.35, "z": 3.552}
	  ],
	  [
		  {"x": 0.41, "y": 2.3, "z": 10.0},
		  {"x": -0.41, "y": 2.3, "z": 10.0},
		  {"x": 1.03, "y": 2.35, "z": 3.552},
		  {"x": 0.379, "y": 2.35, "z": 3.552},
		  {"x": -1.03, "y": 2.35, "z": 3.552}
	  ],
	  [
		  {"x": 0.41, "y": 2.3, "z": 10.0},
		  {"x": -0.41, "y": 2.3, "z": 10.0},
		  {"x": 1.03, "y": 2.35, "z": 3.552},
		  {"x": 0.379, "y": 2.35, "z": 3.552},
		  {"x": -1.03, "y": 2.35, "z": 3.552},
		  {"x": 1.03, "y": 2.35, "z": 1.999}
	  ],
	  [
		  {"x": 0.41, "y": 2.3, "z": 10.0},
		  {"x": -0.41, "y": 2.3, "z": 10.0},
		  {"x": 1.03, "y": 2.35, "z": 3.552},
		  {"x": 0.379, "y": 2.35, "z": 3.552},
		  {"x": -1.03, "y": 2.35, "z": 3.552},
		  {"x": 1.03, "y": 2.35, "z": 1.999},
		  {"x": 0.379, "y": 2.35, "z": 1.999}
	  ],
	  [
		  {"x": 0.41, "y": 2.3, "z": 10.0},
		  {"x": -0.41, "y": 2.3, "z": 10.0},
		  {"x": 1.03, "y": 2.35, "z": 3.552},
		  {"x": 0.379, "y": 2.35, "z": 3.552},
		  {"x": -1.03, "y": 2.35, "z": 3.552},
		  {"x": 1.03, "y": 2.35, "z": 1.999},
		  {"x": 0.379, "y": 2.35, "z": 1.999},
		  {"x": -1.03, "y": 2.35, "z": 1.999}
	  ],
	  [
		  {"x": 0.41, "y": 2.3, "z": 10.0},
		  {"x": -0.41, "y": 2.3, "z": 10.0},
		  {"x": 1.03, "y": 2.35, "z": 3.552},
		  {"x": 0.379, "y": 2.35, "z": 3.552},
		  {"x": -1.03, "y": 2.35, "z": 3.552},
		  {"x": 1.03, "y": 2.35, "z": 1.999},
		  {"x": 0.379, "y": 2.35, "z": 1.999},
		  {"x": -1.03, "y": 2.35, "z": 1.999},
		  {"x": 1.03, "y": 2.35, "z": 0.914}
	  ],
	  [
		  {"x": 0.41, "y": 2.3, "z": 10.0},
		  {"x": -0.41, "y": 2.3, "z": 10.0},
		  {"x": 1.03, "y": 2.35, "z": 3.552},
		  {"x": 0.379, "y": 2.35, "z": 3.552},
		  {"x": -1.03, "y": 2.35, "z": 3.552},
		  {"x": 1.03, "y": 2.35, "z": 1.999},
		  {"x": 0.379, "y": 2.35, "z": 1.999},
		  {"x": -1.03, "y": 2.35, "z": 1.999},
		  {"x": 1.03, "y": 2.35, "z": 0.914},
		  {"x": 0.379, "y": 2.35, "z": 0.914}
	  ],
	  [
		  {"x": 0.41, "y": 2.3, "z": 10.0},
		  {"x": -0.41, "y": 2.3, "z": 10.0},
		  {"x": 1.03, "y": 2.35, "z": 3.552},
		  {"x": 0.379, "y": 2.35, "z": 3.552},
		  {"x": -1.03, "y": 2.35, "z": 3.552},
		  {"x": 1.03, "y": 2.35, "z": 1.999},
		  {"x": 0.379, "y": 2.35, "z": 1.999},
		  {"x": -1.03, "y": 2.35, "z": 1.999},
		  {"x": 1.03, "y": 2.35, "z": 0.914},
		  {"x": 0.379, "y": 2.35, "z": 0.914},
		  {"x": -1.03, "y": 2.35, "z": 0.914}
	  ],
	  [
		  {"x": 0.41, "y": 2.3, "z": 10.0},
		  {"x": -0.41, "y": 2.3, "z": 10.0},
		  {"x": 1.03, "y": 2.35, "z": 3.552},
		  {"x": 0.379, "y": 2.35, "z": 3.552},
		  {"x": -1.03, "y": 2.35, "z": 3.552},
		  {"x": 1.03, "y": 2.35, "z": 1.999},
		  {"x": 0.379, "y": 2.35, "z": 1.999},
		  {"x": -1.03, "y": 2.35, "z": 1.999},
		  {"x": 1.03, "y": 2.35, "z": 0.914},
		  {"x": 0.379, "y": 2.35, "z": 0.914},
		  {"x": -1.03, "y": 2.35, "z": 0.914},
		  {"x": 1.03, "y": 2.35, "z": -0.205}
	  ],
	  [
		  {"x": 0.41, "y": 2.3, "z": 10.0},
		  {"x": -0.41, "y": 2.3, "z": 10.0},
		  {"x": 1.03, "y": 2.35, "z": 3.552},
		  {"x": 0.379, "y": 2.35, "z": 3.552},
		  {"x": -1.03, "y": 2.35, "z": 3.552},
		  {"x": 1.03, "y": 2.35, "z": 1.999},
		  {"x": 0.379, "y": 2.35, "z": 1.999},
		  {"x": -1.03, "y": 2.35, "z": 1.999},
		  {"x": 1.03, "y": 2.35, "z": 0.914},
		  {"x": 0.379, "y": 2.35, "z": 0.914},
		  {"x": -1.03, "y": 2.35, "z": 0.914},
		  {"x": 1.03, "y": 2.35, "z": -0.205},
		  {"x": 0.379, "y": 2.35, "z": -0.205}
	  ],
	  [
		  {"x": 0.41, "y": 2.3, "z": 10.0},
		  {"x": -0.41, "y": 2.3, "z": 10.0},
		  {"x": 1.03, "y": 2.35, "z": 3.552},
		  {"x": 0.379, "y": 2.35, "z": 3.552},
		  {"x": -1.03, "y": 2.35, "z": 3.552},
		  {"x": 1.03, "y": 2.35, "z": 1.999},
		  {"x": 0.379, "y": 2.35, "z": 1.999},
		  {"x": -1.03, "y": 2.35, "z": 1.999},
		  {"x": 1.03, "y": 2.35, "z": 0.914},
		  {"x": 0.379, "y": 2.35, "z": 0.914},
		  {"x": -1.03, "y": 2.35, "z": 0.914},
		  {"x": 1.03, "y": 2.35, "z": -0.205},
		  {"x": 0.379, "y": 2.35, "z": -0.205},
		  {"x": -1.03, "y": 2.35, "z": -0.205}
	  ],
	  [
		  {"x": 0.41, "y": 2.3, "z": 10.0},
		  {"x": -0.41, "y": 2.3, "z": 10.0},
		  {"x": 1.03, "y": 2.35, "z": 3.552},
		  {"x": 0.379, "y": 2.35, "z": 3.552},
		  {"x": -1.03, "y": 2.35, "z": 3.552},
		  {"x": 1.03, "y": 2.35, "z": 1.999},
		  {"x": 0.379, "y": 2.35, "z": 1.999},
		  {"x": -1.03, "y": 2.35, "z": 1.999},
		  {"x": 1.03, "y": 2.35, "z": 0.914},
		  {"x": 0.379, "y": 2.35, "z": 0.914},
		  {"x": -1.03, "y": 2.35, "z": 0.914},
		  {"x": 1.03, "y": 2.35, "z": -0.205},
		  {"x": 0.379, "y": 2.35, "z": -0.205},
		  {"x": -1.03, "y": 2.35, "z": -0.205},
		  {"x": 1.03, "y": 2.35, "z": -1.387}
	  ],
	  [
		  {"x": 0.41, "y": 2.3, "z": 10.0},
		  {"x": -0.41, "y": 2.3, "z": 10.0},
		  {"x": 1.03, "y": 2.35, "z": 3.552},
		  {"x": 0.379, "y": 2.35, "z": 3.552},
		  {"x": -1.03, "y": 2.35, "z": 3.552},
		  {"x": 1.03, "y": 2.35, "z": 1.999},
		  {"x": 0.379, "y": 2.35, "z": 1.999},
		  {"x": -1.03, "y": 2.35, "z": 1.999},
		  {"x": 1.03, "y": 2.35, "z": 0.914},
		  {"x": 0.379, "y": 2.35, "z": 0.914},
		  {"x": -1.03, "y": 2.35, "z": 0.914},
		  {"x": 1.03, "y": 2.35, "z": -0.205},
		  {"x": 0.379, "y": 2.35, "z": -0.205},
		  {"x": -1.03, "y": 2.35, "z": -0.205},
		  {"x": 1.03, "y": 2.35, "z": -1.387},
		  {"x": 0.379, "y": 2.35, "z": -1.387}
	  ],
	  [
		  {"x": 0.41, "y": 2.3, "z": 10.0},
		  {"x": -0.41, "y": 2.3, "z": 10.0},
		  {"x": 1.03, "y": 2.35, "z": 3.552},
		  {"x": 0.379, "y": 2.35, "z": 3.552},
		  {"x": -1.03, "y": 2.35, "z": 3.552},
		  {"x": 1.03, "y": 2.35, "z": 1.999},
		  {"x": 0.379, "y": 2.35, "z": 1.999},
		  {"x": -1.03, "y": 2.35, "z": 1.999},
		  {"x": 1.03, "y": 2.35, "z": 0.914},
		  {"x": 0.379, "y": 2.35, "z": 0.914},
		  {"x": -1.03, "y": 2.35, "z": 0.914},
		  {"x": 1.03, "y": 2.35, "z": -0.205},
		  {"x": 0.379, "y": 2.35, "z": -0.205},
		  {"x": -1.03, "y": 2.35, "z": -0.205},
		  {"x": 1.03, "y": 2.35, "z": -1.387},
		  {"x": 0.379, "y": 2.35, "z": -1.387},
		  {"x": -1.03, "y": 2.35, "z": -1.387}
	  ],
	  [
		  {"x": 0.41, "y": 2.3, "z": 10.0},
		  {"x": -0.41, "y": 2.3, "z": 10.0},
		  {"x": 1.03, "y": 2.35, "z": 3.552},
		  {"x": 0.379, "y": 2.35, "z": 3.552},
		  {"x": -1.03, "y": 2.35, "z": 3.552},
		  {"x": 1.03, "y": 2.35, "z": 1.999},
		  {"x": 0.379, "y": 2.35, "z": 1.999},
		  {"x": -1.03, "y": 2.35, "z": 1.999},
		  {"x": 1.03, "y": 2.35, "z": 0.914},
		  {"x": 0.379, "y": 2.35, "z": 0.914},
		  {"x": -1.03, "y": 2.35, "z": 0.914},
		  {"x": 1.03, "y": 2.35, "z": -0.205},
		  {"x": 0.379, "y": 2.35, "z": -0.205},
		  {"x": -1.03, "y": 2.35, "z": -0.205},
		  {"x": 1.03, "y": 2.35, "z": -1.387},
		  {"x": 0.379, "y": 2.35, "z": -1.387},
		  {"x": -1.03, "y": 2.35, "z": -1.387},
		  {"x": 1.03, "y": 2.35, "z": -2.494}
	  ],
	  [
		  {"x": 0.41, "y": 2.3, "z": 10.0},
		  {"x": -0.41, "y": 2.3, "z": 10.0},
		  {"x": 1.03, "y": 2.35, "z": 3.552},
		  {"x": 0.379, "y": 2.35, "z": 3.552},
		  {"x": -1.03, "y": 2.35, "z": 3.552},
		  {"x": 1.03, "y": 2.35, "z": 1.999},
		  {"x": 0.379, "y": 2.35, "z": 1.999},
		  {"x": -1.03, "y": 2.35, "z": 1.999},
		  {"x": 1.03, "y": 2.35, "z": 0.914},
		  {"x": 0.379, "y": 2.35, "z": 0.914},
		  {"x": -1.03, "y": 2.35, "z": 0.914},
		  {"x": 1.03, "y": 2.35, "z": -0.205},
		  {"x": 0.379, "y": 2.35, "z": -0.205},
		  {"x": -1.03, "y": 2.35, "z": -0.205},
		  {"x": 1.03, "y": 2.35, "z": -1.387},
		  {"x": 0.379, "y": 2.35, "z": -1.387},
		  {"x": -1.03, "y": 2.35, "z": -1.387},
		  {"x": 1.03, "y": 2.35, "z": -2.494},
		  {"x": 0.379, "y": 2.35, "z": -2.494}
	  ],
	  [
		  {"x": 0.41, "y": 2.3, "z": 10.0},
		  {"x": -0.41, "y": 2.3, "z": 10.0},
		  {"x": 1.03, "y": 2.35, "z": 3.552},
		  {"x": 0.379, "y": 2.35, "z": 3.552},
		  {"x": -1.03, "y": 2.35, "z": 3.552},
		  {"x": 1.03, "y": 2.35, "z": 1.999},
		  {"x": 0.379, "y": 2.35, "z": 1.999},
		  {"x": -1.03, "y": 2.35, "z": 1.999},
		  {"x": 1.03, "y": 2.35, "z": 0.914},
		  {"x": 0.379, "y": 2.35, "z": 0.914},
		  {"x": -1.03, "y": 2.35, "z": 0.914},
		  {"x": 1.03, "y": 2.35, "z": -0.205},
		  {"x": 0.379, "y": 2.35, "z": -0.205},
		  {"x": -1.03, "y": 2.35, "z": -0.205},
		  {"x": 1.03, "y": 2.35, "z": -1.387},
		  {"x": 0.379, "y": 2.35, "z": -1.387},
		  {"x": -1.03, "y": 2.35, "z": -1.387},
		  {"x": 1.03, "y": 2.35, "z": -2.494},
		  {"x": 0.379, "y": 2.35, "z": -2.494},
		  {"x": -1.03, "y": 2.35, "z": -2.494}
	  ],
	  [
		  {"x": 0.41, "y": 2.3, "z": 10.0},
		  {"x": -0.41, "y": 2.3, "z": 10.0},
		  {"x": 1.03, "y": 2.35, "z": 3.552},
		  {"x": 0.379, "y": 2.35, "z": 3.552},
		  {"x": -1.03, "y": 2.35, "z": 3.552},
		  {"x": 1.03, "y": 2.35, "z": 1.999},
		  {"x": 0.379, "y": 2.35, "z": 1.999},
		  {"x": -1.03, "y": 2.35, "z": 1.999},
		  {"x": 1.03, "y": 2.35, "z": 0.914},
		  {"x": 0.379, "y": 2.35, "z": 0.914},
		  {"x": -1.03, "y": 2.35, "z": 0.914},
		  {"x": 1.03, "y": 2.35, "z": -0.205},
		  {"x": 0.379, "y": 2.35, "z": -0.205},
		  {"x": -1.03, "y": 2.35, "z": -0.205},
		  {"x": 1.03, "y": 2.35, "z": -1.387},
		  {"x": 0.379, "y": 2.35, "z": -1.387},
		  {"x": -1.03, "y": 2.35, "z": -1.387},
		  {"x": 1.03, "y": 2.35, "z": -2.494},
		  {"x": 0.379, "y": 2.35, "z": -2.494},
		  {"x": -1.03, "y": 2.35, "z": -2.494},
		  {"x": 1.03, "y": 2.35, "z": -3.576}
	  ],
	  [
		  {"x": 0.41, "y": 2.3, "z": 10.0},
		  {"x": -0.41, "y": 2.3, "z": 10.0},
		  {"x": 1.03, "y": 2.35, "z": 3.552},
		  {"x": 0.379, "y": 2.35, "z": 3.552},
		  {"x": -1.03, "y": 2.35, "z": 3.552},
		  {"x": 1.03, "y": 2.35, "z": 1.999},
		  {"x": 0.379, "y": 2.35, "z": 1.999},
		  {"x": -1.03, "y": 2.35, "z": 1.999},
		  {"x": 1.03, "y": 2.35, "z": 0.914},
		  {"x": 0.379, "y": 2.35, "z": 0.914},
		  {"x": -1.03, "y": 2.35, "z": 0.914},
		  {"x": 1.03, "y": 2.35, "z": -0.205},
		  {"x": 0.379, "y": 2.35, "z": -0.205},
		  {"x": -1.03, "y": 2.35, "z": -0.205},
		  {"x": 1.03, "y": 2.35, "z": -1.387},
		  {"x": 0.379, "y": 2.35, "z": -1.387},
		  {"x": -1.03, "y": 2.35, "z": -1.387},
		  {"x": 1.03, "y": 2.35, "z": -2.494},
		  {"x": 0.379, "y": 2.35, "z": -2.494},
		  {"x": -1.03, "y": 2.35, "z": -2.494},
		  {"x": 1.03, "y": 2.35, "z": -3.576},
		  {"x": 0.379, "y": 2.35, "z": -3.576}
	  ],
	  [
		  {"x": 0.41, "y": 2.3, "z": 10.0},
		  {"x": -0.41, "y": 2.3, "z": 10.0},
		  {"x": 1.03, "y": 2.35, "z": 3.552},
		  {"x": 0.379, "y": 2.35, "z": 3.552},
		  {"x": -1.03, "y": 2.35, "z": 3.552},
		  {"x": 1.03, "y": 2.35, "z": 1.999},
		  {"x": 0.379, "y": 2.35, "z": 1.999},
		  {"x": -1.03, "y": 2.35, "z": 1.999},
		  {"x": 1.03, "y": 2.35, "z": 0.914},
		  {"x": 0.379, "y": 2.35, "z": 0.914},
		  {"x": -1.03, "y": 2.35, "z": 0.914},
		  {"x": 1.03, "y": 2.35, "z": -0.205},
		  {"x": 0.379, "y": 2.35, "z": -0.205},
		  {"x": -1.03, "y": 2.35, "z": -0.205},
		  {"x": 1.03, "y": 2.35, "z": -1.387},
		  {"x": 0.379, "y": 2.35, "z": -1.387},
		  {"x": -1.03, "y": 2.35, "z": -1.387},
		  {"x": 1.03, "y": 2.35, "z": -2.494},
		  {"x": 0.379, "y": 2.35, "z": -2.494},
		  {"x": -1.03, "y": 2.35, "z": -2.494},
		  {"x": 1.03, "y": 2.35, "z": -3.576},
		  {"x": 0.379, "y": 2.35, "z": -3.576},
		  {"x": -1.03, "y": 2.35, "z": -3.576}
	  ],
	  [
		  {"x": 0.41, "y": 2.3, "z": 10.0},
		  {"x": -0.41, "y": 2.3, "z": 10.0},
		  {"x": 1.03, "y": 2.35, "z": 3.552},
		  {"x": 0.379, "y": 2.35, "z": 3.552},
		  {"x": -1.03, "y": 2.35, "z": 3.552},
		  {"x": 1.03, "y": 2.35, "z": 1.999},
		  {"x": 0.379, "y": 2.35, "z": 1.999},
		  {"x": -1.03, "y": 2.35, "z": 1.999},
		  {"x": 1.03, "y": 2.35, "z": 0.914},
		  {"x": 0.379, "y": 2.35, "z": 0.914},
		  {"x": -1.03, "y": 2.35, "z": 0.914},
		  {"x": 1.03, "y": 2.35, "z": -0.205},
		  {"x": 0.379, "y": 2.35, "z": -0.205},
		  {"x": -1.03, "y": 2.35, "z": -0.205},
		  {"x": 1.03, "y": 2.35, "z": -1.387},
		  {"x": 0.379, "y": 2.35, "z": -1.387},
		  {"x": -1.03, "y": 2.35, "z": -1.387},
		  {"x": 1.03, "y": 2.35, "z": -2.494},
		  {"x": 0.379, "y": 2.35, "z": -2.494},
		  {"x": -1.03, "y": 2.35, "z": -2.494},
		  {"x": 1.03, "y": 2.35, "z": -3.576},
		  {"x": 0.379, "y": 2.35, "z": -3.576},
		  {"x": -1.03, "y": 2.35, "z": -3.576},
		  {"x": 1.03, "y": 2.35, "z": -4.741}
	  ],
	  [
		  {"x": 0.41, "y": 2.3, "z": 10.0},
		  {"x": -0.41, "y": 2.3, "z": 10.0},
		  {"x": 1.03, "y": 2.35, "z": 3.552},
		  {"x": 0.379, "y": 2.35, "z": 3.552},
		  {"x": -1.03, "y": 2.35, "z": 3.552},
		  {"x": 1.03, "y": 2.35, "z": 1.999},
		  {"x": 0.379, "y": 2.35, "z": 1.999},
		  {"x": -1.03, "y": 2.35, "z": 1.999},
		  {"x": 1.03, "y": 2.35, "z": 0.914},
		  {"x": 0.379, "y": 2.35, "z": 0.914},
		  {"x": -1.03, "y": 2.35, "z": 0.914},
		  {"x": 1.03, "y": 2.35, "z": -0.205},
		  {"x": 0.379, "y": 2.35, "z": -0.205},
		  {"x": -1.03, "y": 2.35, "z": -0.205},
		  {"x": 1.03, "y": 2.35, "z": -1.387},
		  {"x": 0.379, "y": 2.35, "z": -1.387},
		  {"x": -1.03, "y": 2.35, "z": -1.387},
		  {"x": 1.03, "y": 2.35, "z": -2.494},
		  {"x": 0.379, "y": 2.35, "z": -2.494},
		  {"x": -1.03, "y": 2.35, "z": -2.494},
		  {"x": 1.03, "y": 2.35, "z": -3.576},
		  {"x": 0.379, "y": 2.35, "z": -3.576},
		  {"x": -1.03, "y": 2.35, "z": -3.576},
		  {"x": 1.03, "y": 2.35, "z": -4.741},
		  {"x": 0.379, "y": 2.35, "z": -4.741}
	  ],
	  [
		  {"x": 0.41, "y": 2.3, "z": 10.0},
		  {"x": -0.41, "y": 2.3, "z": 10.0},
		  {"x": 1.03, "y": 2.35, "z": 3.552},
		  {"x": 0.379, "y": 2.35, "z": 3.552},
		  {"x": -1.03, "y": 2.35, "z": 3.552},
		  {"x": 1.03, "y": 2.35, "z": 1.999},
		  {"x": 0.379, "y": 2.35, "z": 1.999},
		  {"x": -1.03, "y": 2.35, "z": 1.999},
		  {"x": 1.03, "y": 2.35, "z": 0.914},
		  {"x": 0.379, "y": 2.35, "z": 0.914},
		  {"x": -1.03, "y": 2.35, "z": 0.914},
		  {"x": 1.03, "y": 2.35, "z": -0.205},
		  {"x": 0.379, "y": 2.35, "z": -0.205},
		  {"x": -1.03, "y": 2.35, "z": -0.205},
		  {"x": 1.03, "y": 2.35, "z": -1.387},
		  {"x": 0.379, "y": 2.35, "z": -1.387},
		  {"x": -1.03, "y": 2.35, "z": -1.387},
		  {"x": 1.03, "y": 2.35, "z": -2.494},
		  {"x": 0.379, "y": 2.35, "z": -2.494},
		  {"x": -1.03, "y": 2.35, "z": -2.494},
		  {"x": 1.03, "y": 2.35, "z": -3.576},
		  {"x": 0.379, "y": 2.35, "z": -3.576},
		  {"x": -1.03, "y": 2.35, "z": -3.576},
		  {"x": 1.03, "y": 2.35, "z": -4.741},
		  {"x": 0.379, "y": 2.35, "z": -4.741},
		  {"x": -1.03, "y": 2.35, "z": -4.741}
	  ]
  ],
  "boundingBoxes": [
    {"width": 1.94, "height": 1.94, "x": 0.0, "y": 3.152, "z": 10.95},
	  {"width": 2.69, "height": 2.69, "x": 0.0, "y": 3.152, "z": 8.609},
	  {"width": 2.84, "height": 2.84, "x": 0.0, "y": 3.152, "z": 5.813},
	  {"width": 2.84, "height": 2.84, "x": 0.0, "y": 3.152, "z": 2.853},
	  {"width": 2.84, "height": 2.84, "x": 0.0, "y": 3.152, "z": 0.0},
	  {"width": 2.84, "height": 2.84, "x": 0.0, "y": 3.152, "z": -2.906},
	  {"width": 2.84, "height": 2.84, "x": 0.0, "y": 3.152, "z": -5.857},
	  {"width": 2.68, "height": 2.68, "x": 0.0, "y": 3.152, "z": -8.785},
	  {"width": 2.18, "height": 2.18, "x": 0.0, "y": 3.345, "z": -11.35},
	  {"width": 1.64, "height": 5.6, "x": 0.0, "y": 5.45, "z": -13.3},
	  {"width": 1.29, "height": 5.21, "x": 0.0, "y": 5.426, "z": -14.92},
	  {"width": 3.17, "height": 0.28, "x": 0.0, "y": 4.439, "z": -14.21},
	  {"width": -3.17, "height": 0.28, "x": 0.0, "y": 4.439, "z": -14.21},
	  {"width": 8.38, "height": 0.74, "x": 0.0, "y": 2.078, "z": 0.0},
	  {"width": 5.22, "height": 0.46, "x": 6.989, "y": 2.360, "z": -0.732},
	  {"width": 5.22, "height": 0.46, "x": 12.57, "y": 2.572, "z": -2.142},
	  {"width": 3.17, "height": 0.28, "x": 15.99, "y": 2.853, "z": -3.163},
	  {"width": 5.22, "height": 0.46, "x": -6.989, "y": 2.360, "z": -0.732},
	  {"width": 5.22, "height": 0.46, "x": -12.57, "y": 2.572, "z": -2.142},
	  {"width": 3.17, "height": 0.28, "x": -15.99, "y": 2.853, "z": -3.163}
  ]
}