{
  "properties": {
    "fuel": 35.0,
    "durability": 6.0,
    "yawSpeed": 0.8,
    "pitchSpeed": 0.8,
    "engineSpeed": 0.08,
    "pushSpeed": 0.05,
    "glideFactor": 0.095,
    "driftDrag": 0.00001,
    "lift": 0.003,
    "rollFactor": 30.0,
    "groundPitch": 10.05,
    "wind": 0.01,
    "mass": 8.52
  },
  "inventorySlots": [
    {"type": "boiler", "x": 12, "y": 37},
    {"type": "upgrade", "x": 84, "y": 32},
    {"type": "upgrade", "x": 106, "y": 32},
    {"type": "upgrade", "x": 128, "y": 32},
    {"type": "upgrade", "x": 150, "y": 32},
    {"type": "inventory", "x": 8, "y": 68, "cols": 7, "rows": 4},
	{"type": "inventory", "x": -80, "y": 18, "cols": 3, "rows": 4, "boxed": true},
    {"type": "inventory", "x": 186, "y": 18, "cols": 3, "rows": 4, "boxed": true}
  ],
  "weaponMounts": [],
  "passengerPositions": [
    [
      {"x": -0.5093, "y": 2.4, "z": 3.288}
    ],
	[
		{"x": -0.5093, "y": 2.4, "z": 3.288},
	  	{"x": 0.5093, "y": 2.4, "z": 3.288}
	],
	  [
		  {"x": -0.5093, "y": 2.4, "z": 3.288},
		  {"x": 0.5093, "y": 2.4, "z": 3.288},
	  	{"x": 0.824, "y": 2.6, "z": 1.059}
	  ],
	  [
		  {"x": -0.5093, "y": 2.4, "z": 3.288},
		  {"x": 0.5093, "y": 2.4, "z": 3.288},
		  {"x": 0.824, "y": 2.6, "z": 1.059},
		  {"x": 0.824, "y": 2.6, "z": -0.072}
	  ],
	  [
		  {"x": -0.5093, "y": 2.4, "z": 3.288},
		  {"x": 0.5093, "y": 2.4, "z": 3.288},
		  {"x": 0.824, "y": 2.6, "z": 1.059},
		  {"x": 0.824, "y": 2.6, "z": -0.072},
		  {"x": 0.824, "y": 2.6, "z": -1.238}
	  ],
	  [
		  {"x": -0.5093, "y": 2.4, "z": 3.288},
		  {"x": 0.5093, "y": 2.4, "z": 3.288},
		  {"x": 0.824, "y": 2.6, "z": 1.059},
		  {"x": 0.824, "y": 2.6, "z": -0.072},
		  {"x": 0.824, "y": 2.6, "z": -1.238},
		  {"x": 0.824, "y": 2.6, "z": -2.37}
	  ],
	  [
		  {"x": -0.5093, "y": 2.4, "z": 3.288},
		  {"x": 0.5093, "y": 2.4, "z": 3.288},
		  {"x": 0.824, "y": 2.6, "z": 1.059},
		  {"x": 0.824, "y": 2.6, "z": -0.072},
		  {"x": 0.824, "y": 2.6, "z": -1.238},
		  {"x": 0.824, "y": 2.6, "z": -2.37},
		  {"x": 0.824, "y": 2.6, "z": -3.515}
	  ],
	  [
		  {"x": -0.5093, "y": 2.4, "z": 3.288},
		  {"x": 0.5093, "y": 2.4, "z": 3.288},
		  {"x": 0.824, "y": 2.6, "z": 1.059},
		  {"x": 0.824, "y": 2.6, "z": -0.072},
		  {"x": 0.824, "y": 2.6, "z": -1.238},
		  {"x": 0.824, "y": 2.6, "z": -2.37},
		  {"x": 0.824, "y": 2.6, "z": -3.515}
	  ],
	  [
		  {"x": -0.5093, "y": 2.4, "z": 3.288},
		  {"x": 0.5093, "y": 2.4, "z": 3.288},
		  {"x": 0.824, "y": 2.6, "z": 1.059},
		  {"x": 0.824, "y": 2.6, "z": -0.072},
		  {"x": 0.824, "y": 2.6, "z": -1.238},
		  {"x": 0.824, "y": 2.6, "z": -2.37},
		  {"x": 0.824, "y": 2.6, "z": -3.515},
		  {"x": 0.824, "y": 2.6, "z": -4.518}
	  ],
	  [
		  {"x": -0.5093, "y": 2.4, "z": 3.288},
		  {"x": 0.5093, "y": 2.4, "z": 3.288},
		  {"x": 0.824, "y": 2.6, "z": 1.059},
		  {"x": 0.824, "y": 2.6, "z": -0.072},
		  {"x": 0.824, "y": 2.6, "z": -1.238},
		  {"x": 0.824, "y": 2.6, "z": -2.37},
		  {"x": 0.824, "y": 2.6, "z": -3.515},
		  {"x": 0.824, "y": 2.6, "z": -4.518},
		  {"x": -0.824, "y": 2.6, "z": 1.059}
	  ],
	  [
		  {"x": -0.5093, "y": 2.4, "z": 3.288},
		  {"x": 0.5093, "y": 2.4, "z": 3.288},
		  {"x": 0.824, "y": 2.6, "z": 1.059},
		  {"x": 0.824, "y": 2.6, "z": -0.072},
		  {"x": 0.824, "y": 2.6, "z": -1.238},
		  {"x": 0.824, "y": 2.6, "z": -2.37},
		  {"x": 0.824, "y": 2.6, "z": -3.515},
		  {"x": 0.824, "y": 2.6, "z": -4.518},
		  {"x": -0.824, "y": 2.6, "z": 1.059},
		  {"x": -0.824, "y": 2.6, "z": -0.072}
	  ],
	  [
		  {"x": -0.5093, "y": 2.4, "z": 3.288},
		  {"x": 0.5093, "y": 2.4, "z": 3.288},
		  {"x": 0.824, "y": 2.6, "z": 1.059},
		  {"x": 0.824, "y": 2.6, "z": -0.072},
		  {"x": 0.824, "y": 2.6, "z": -1.238},
		  {"x": 0.824, "y": 2.6, "z": -2.37},
		  {"x": 0.824, "y": 2.6, "z": -3.515},
		  {"x": 0.824, "y": 2.6, "z": -4.518},
		  {"x": -0.824, "y": 2.6, "z": 1.059},
		  {"x": -0.824, "y": 2.6, "z": -0.072},
		  {"x": -0.824, "y": 2.6, "z": -1.238}
	  ],
	  [
		  {"x": -0.5093, "y": 2.4, "z": 3.288},
		  {"x": 0.5093, "y": 2.4, "z": 3.288},
		  {"x": 0.824, "y": 2.6, "z": 1.059},
		  {"x": 0.824, "y": 2.6, "z": -0.072},
		  {"x": 0.824, "y": 2.6, "z": -1.238},
		  {"x": 0.824, "y": 2.6, "z": -2.37},
		  {"x": 0.824, "y": 2.6, "z": -3.515},
		  {"x": 0.824, "y": 2.6, "z": -4.518},
		  {"x": -0.824, "y": 2.6, "z": 1.059},
		  {"x": -0.824, "y": 2.6, "z": -0.072},
		  {"x": -0.824, "y": 2.6, "z": -1.238}
	  ],
	  [
		  {"x": -0.5093, "y": 2.4, "z": 3.288},
		  {"x": 0.5093, "y": 2.4, "z": 3.288},
		  {"x": 0.824, "y": 2.6, "z": 1.059},
		  {"x": 0.824, "y": 2.6, "z": -0.072},
		  {"x": 0.824, "y": 2.6, "z": -1.238},
		  {"x": 0.824, "y": 2.6, "z": -2.37},
		  {"x": 0.824, "y": 2.6, "z": -3.515},
		  {"x": 0.824, "y": 2.6, "z": -4.518},
		  {"x": -0.824, "y": 2.6, "z": 1.059},
		  {"x": -0.824, "y": 2.6, "z": -0.072},
		  {"x": -0.824, "y": 2.6, "z": -1.238},
		  {"x": -0.824, "y": 2.6, "z": -2.37}
	  ],
	  [
		  {"x": -0.5093, "y": 2.4, "z": 3.288},
		  {"x": 0.5093, "y": 2.4, "z": 3.288},
		  {"x": 0.824, "y": 2.6, "z": 1.059},
		  {"x": 0.824, "y": 2.6, "z": -0.072},
		  {"x": 0.824, "y": 2.6, "z": -1.238},
		  {"x": 0.824, "y": 2.6, "z": -2.37},
		  {"x": 0.824, "y": 2.6, "z": -3.515},
		  {"x": 0.824, "y": 2.6, "z": -4.518},
		  {"x": -0.824, "y": 2.6, "z": 1.059},
		  {"x": -0.824, "y": 2.6, "z": -0.072},
		  {"x": -0.824, "y": 2.6, "z": -1.238},
		  {"x": -0.824, "y": 2.6, "z": -2.37},
		  {"x": -0.824, "y": 2.6, "z": -3.515}
	  ],
	  [
		  {"x": -0.5093, "y": 2.4, "z": 3.288},
		  {"x": 0.5093, "y": 2.4, "z": 3.288},
		  {"x": 0.824, "y": 2.6, "z": 1.059},
		  {"x": 0.824, "y": 2.6, "z": -0.072},
		  {"x": 0.824, "y": 2.6, "z": -1.238},
		  {"x": 0.824, "y": 2.6, "z": -2.37},
		  {"x": 0.824, "y": 2.6, "z": -3.515},
		  {"x": 0.824, "y": 2.6, "z": -4.518},
		  {"x": -0.824, "y": 2.6, "z": 1.059},
		  {"x": -0.824, "y": 2.6, "z": -0.072},
		  {"x": -0.824, "y": 2.6, "z": -1.238},
		  {"x": -0.824, "y": 2.6, "z": -2.37},
		  {"x": -0.824, "y": 2.6, "z": -3.515},
		  {"x": -0.824, "y": 2.6, "z": -4.518}
	  ]
  ],
  "boundingBoxes": [
    {"width": 1.1, "height": 1.1, "x": 0.0, "y": 2.779, "z": 5.23},
	{"width": 2.66, "height": 2.66, "x": 0.0, "y": 3.025, "z": 3.25},
	{"width": 2.66, "height": 2.66, "x": 0.0, "y": 2.779, "z": 0.5127},
	{"width": 2.66, "height": 2.66, "x": 0.0, "y": 2.779, "z": -2.261},
	{"width": 2.66, "height": 2.66, "x": 0.0, "y": 2.779, "z": -5.058},
	{"width": 2.51, "height": 2.51, "x": 0.0, "y": 3.025, "z": -7.788},
	{"width": 1.93, "height": 1.93, "x": 0.0, "y": 3.157, "z": -10.09},
	{"width": 1.39, "height": 1.39, "x": 0.0, "y": 3.267, "z": -11.81},
	{"width": 1.11, "height": 1.11, "x": 0.0, "y": 3.311, "z": -13.29},
	{"width": 3.27, "height": 3.27, "x": 2.77, "y": 2.487, "z": -12.36},
	{"width": 3.27, "height": 3.27, "x": -2.77, "y": 2.487, "z": -12.36},
	{"width": 0.8, "height": 1.66, "x": 0.0, "y": 4.854, "z": -11.29},
	{"width": 0.8, "height": 3.3, "x": 0.0, "y": 5.576, "z": -12.24},
	{"width": 0.8, "height": 3.42, "x": 0.0, "y": 5.501, "z": -13.37},
	{"width": 4.19, "height": 0.62, "x": 3.477, "y": 1.941, "z": -1.516},
	{"width": 4.19, "height": 0.62, "x": -3.477, "y": 1.941, "z": -1.516},
	{"width": 3.7, "height": 0.55, "x": 7.606, "y": 2.203, "z": -1.796},
	{"width": 3.7, "height": 0.55, "x": -7.606, "y": 2.203, "z": -1.796},
	{"width": 3.27, "height": 0.48, "x": 11.25, "y": 2.487, "z": -1.951},
	{"width": 3.27, "height": 0.48, "x": -11.25, "y": 2.487, "z": -1.951}
  ]
}