{
  "properties": {
    "fuel": 28.0,
    "durability": 4.0,
    "yawSpeed": 0.8,
    "pitchSpeed": 0.9,
    "engineSpeed": 0.065,
    "pushSpeed": 0.05,
    "glideFactor": 0.08,
    "driftDrag": 0.00001,
    "lift": 0.003,
    "rollFactor": 20.0,
    "groundPitch": 6.85,
    "wind": 0.012,
    "mass": 8.52
  },
  "inventorySlots": [
    {"type": "boiler", "x": 12, "y": 37},
    {"type": "upgrade", "x": 84, "y": 32},
    {"type": "upgrade", "x": 106, "y": 32},
    {"type": "upgrade", "x": 128, "y": 32},
    {"type": "upgrade", "x": 150, "y": 32},
    {"type": "inventory", "x": 8, "y": 68, "cols": 6, "rows": 4}
  ],
  "weaponMounts": [],
  "passengerPositions": [
    [
      {"x": 0.41, "y": 1.82, "z": 0.22}
    ],
	[
		{"x": 0.41, "y": 1.82, "z": 0.22},
		{"x": -0.41, "y": 1.82, "z": 0.22}
	],
	  [
		  {"x": 0.41, "y": 1.82, "z": 0.22},
		  {"x": -0.41, "y": 1.82, "z": 0.22},
		  {"x": -0.41, "y": 1.0, "z": -0.6611}
	  ],
	  [
		  {"x": 0.41, "y": 1.82, "z": 0.22},
		  {"x": -0.41, "y": 1.82, "z": 0.22},
		  {"x": -0.41, "y": 1.0, "z": -0.6611},
		  {"x": -0.41, "y": 1.0, "z": -1.694}
	  ],
	  [
		  {"x": 0.41, "y": 1.82, "z": 0.22},
		  {"x": -0.41, "y": 1.82, "z": 0.22},
		  {"x": -0.41, "y": 1.0, "z": -0.6611},
		  {"x": -0.41, "y": 1.0, "z": -1.694},
		  {"x": -0.41, "y": 1.0, "z": -2.751}
	  ],
	  [
		  {"x": 0.41, "y": 1.82, "z": 0.22},
		  {"x": -0.41, "y": 1.82, "z": 0.22},
		  {"x": -0.41, "y": 1.0, "z": -0.6611},
		  {"x": -0.41, "y": 1.0, "z": -1.694},
		  {"x": -0.41, "y": 1.0, "z": -2.751},
		  {"x": -0.41, "y": 1.0, "z": -3.799}
	  ],
	  [
		  {"x": 0.41, "y": 1.82, "z": 0.22},
		  {"x": -0.41, "y": 1.82, "z": 0.22},
		  {"x": -0.41, "y": 1.0, "z": -0.6611},
		  {"x": -0.41, "y": 1.0, "z": -1.694},
		  {"x": -0.41, "y": 1.0, "z": -2.751},
		  {"x": -0.41, "y": 1.0, "z": -3.799},
		  {"x": 0.41, "y": 1.0, "z": -0.6611}
	  ],
	  [
		  {"x": 0.41, "y": 1.82, "z": 0.22},
		  {"x": -0.41, "y": 1.82, "z": 0.22},
		  {"x": -0.41, "y": 1.0, "z": -0.6611},
		  {"x": -0.41, "y": 1.0, "z": -1.694},
		  {"x": -0.41, "y": 1.0, "z": -2.751},
		  {"x": -0.41, "y": 1.0, "z": -3.799},
		  {"x": 0.41, "y": 1.0, "z": -0.6611},
		  {"x": 0.41, "y": 1.0, "z": -1.694}
	  ],
	  [
		  {"x": 0.41, "y": 1.82, "z": 0.22},
		  {"x": -0.41, "y": 1.82, "z": 0.22},
		  {"x": -0.41, "y": 1.0, "z": -0.6611},
		  {"x": -0.41, "y": 1.0, "z": -1.694},
		  {"x": -0.41, "y": 1.0, "z": -2.751},
		  {"x": -0.41, "y": 1.0, "z": -3.799},
		  {"x": 0.41, "y": 1.0, "z": -0.6611},
		  {"x": 0.41, "y": 1.0, "z": -1.694},
		  {"x": 0.41, "y": 1.0, "z": -2.751}
	  ]
  ],
  "boundingBoxes": [
    {"width": 1.78, "height": 1.78, "x": 0.0, "y": 2.036, "z": 1.7},
	{"width": 2.37, "height": 2.37, "x": 0.0, "y": 2.265, "z": -0.4631},
	  {"width": 2.37, "height": 2.37, "x": 0.0, "y": 2.265, "z": -3.008},
	{"width": 1.93, "height": 1.93, "x": 0.0, "y": 2.265, "z": -5.25},
	{"width": 1.67, "height": 1.67, "x": 0.0, "y": 2.163, "z": -7.07},
	  {"width": 1.39, "height": 1.39, "x": 0.0, "y": 2.163, "z": -8.671},
	  {"width": 1.39, "height": 1.39, "x": 0.0, "y": 2.274, "z": -10.13},
	  {"width": 0.8, "height": 2.29, "x": 0.0, "y": 2.91, "z": -11.29},
	  {"width": 3.79, "height": 0.64, "x": 0.0, "y": 3.419, "z": -1.531},
	  {"width": 4.470, "height": 0.3, "x": 4.470, "y": 3.419, "z": -1.531},
	  {"width": 4.470, "height": 0.3, "x": 9.003, "y": 3.419, "z": -1.531},
	  {"width": 4.470, "height": 0.3, "x": -4.470, "y": 3.419, "z": -1.531},
	  {"width": 4.470, "height": 0.3, "x": -9.003, "y": 3.419, "z": -1.531}
  ]
}