{
  "properties": {
    "fuel": 40.0,
    "durability": 8.0,
    "yawSpeed": 0.9,
    "pitchSpeed": 0.9,
    "engineSpeed": 0.115,
    "pushSpeed": 0.05,
    "glideFactor": 0.095,
    "driftDrag": 0.00001,
    "lift": 0.003,
    "rollFactor": 30.0,
    "groundPitch": 0.98,
    "wind": 0.0008,
    "mass": 8.52
  },
  "inventorySlots": [
    {"type": "boiler", "x": 12, "y": 37},
    {"type": "upgrade", "x": 84, "y": 32},
    {"type": "upgrade", "x": 106, "y": 32},
    {"type": "upgrade", "x": 128, "y": 32},
    {"type": "upgrade", "x": 150, "y": 32},
    {"type": "inventory", "x": 8, "y": 68, "cols": 9, "rows": 4},
	{"type": "inventory", "x": -80, "y": 18, "cols": 4, "rows": 5, "boxed": true},
    {"type": "inventory", "x": 186, "y": 18, "cols": 4, "rows": 5, "boxed": true}
  ],
  "weaponMounts": [],
  "passengerPositions": [
    [
      {"x": 0.6, "y": 2.78, "z": 12.96}
    ],
	[
      {"x": 0.6, "y": 2.78, "z": 12.96},
	  {"x": -0.6, "y": 2.78, "z": 12.96}
    ],
    [
      {"x": 0.6, "y": 2.78, "z": 12.96},
      {"x": -0.6, "y": 2.78, "z": 12.96},
      {"x": 0.9, "y": 2.78, "z": 10.70}
    ],
    [
      {"x": 0.6, "y": 2.78, "z": 12.96},
      {"x": -0.6, "y": 2.78, "z": 12.96},
      {"x": 0.9, "y": 2.78, "z": 10.70},
      {"x": -0.9, "y": 2.78, "z": 10.70}
    ],
    [
      {"x": 0.6, "y": 2.78, "z": 12.96},
      {"x": -0.6, "y": 2.78, "z": 12.96},
      {"x": 0.9, "y": 2.78, "z": 10.70},
      {"x": -0.9, "y": 2.78, "z": 10.70},
      {"x": 0.95, "y": 2.78, "z": 9.735}
    ],
    [
      {"x": 0.6, "y": 2.78, "z": 12.96},
      {"x": -0.6, "y": 2.78, "z": 12.96},
      {"x": 0.9, "y": 2.78, "z": 10.70},
      {"x": -0.9, "y": 2.78, "z": 10.70},
      {"x": 0.95, "y": 2.78, "z": 9.735},
      {"x": -0.95, "y": 2.78, "z": 9.735}
    ],
    [
      {"x": 0.6, "y": 2.78, "z": 12.96},
      {"x": -0.6, "y": 2.78, "z": 12.96},
      {"x": 0.9, "y": 2.78, "z": 10.70},
      {"x": -0.9, "y": 2.78, "z": 10.70},
      {"x": 0.95, "y": 2.78, "z": 9.735},
      {"x": -0.95, "y": 2.78, "z": 9.735},
      {"x": 1.0, "y": 2.78, "z": 8.739}
    ],
    [
      {"x": 0.6, "y": 2.78, "z": 12.96},
      {"x": -0.6, "y": 2.78, "z": 12.96},
      {"x": 0.9, "y": 2.78, "z": 10.70},
      {"x": -0.9, "y": 2.78, "z": 10.70},
      {"x": 0.95, "y": 2.78, "z": 9.735},
      {"x": -0.95, "y": 2.78, "z": 9.735},
      {"x": 1.0, "y": 2.78, "z": 8.739},
      {"x": -1.0, "y": 2.78, "z": 8.739}
    ],
    [
      {"x": 0.6, "y": 2.78, "z": 12.96},
      {"x": -0.6, "y": 2.78, "z": 12.96},
      {"x": 0.9, "y": 2.78, "z": 10.70},
      {"x": -0.9, "y": 2.78, "z": 10.70},
      {"x": 0.95, "y": 2.78, "z": 9.735},
      {"x": -0.95, "y": 2.78, "z": 9.735},
      {"x": 1.0, "y": 2.78, "z": 8.739},
      {"x": -1.0, "y": 2.78, "z": 8.739},
      {"x": 1.05, "y": 2.78, "z": 7.734}
    ],
    [
      {"x": 0.6, "y": 2.78, "z": 12.96},
      {"x": -0.6, "y": 2.78, "z": 12.96},
      {"x": 0.9, "y": 2.78, "z": 10.70},
      {"x": -0.9, "y": 2.78, "z": 10.70},
      {"x": 0.95, "y": 2.78, "z": 9.735},
      {"x": -0.95, "y": 2.78, "z": 9.735},
      {"x": 1.0, "y": 2.78, "z": 8.739},
      {"x": -1.0, "y": 2.78, "z": 8.739},
      {"x": 1.05, "y": 2.78, "z": 7.734},
      {"x": 0.5921, "y": 2.78, "z": 7.734}
    ],
    [
      {"x": 0.6, "y": 2.78, "z": 12.96},
      {"x": -0.6, "y": 2.78, "z": 12.96},
      {"x": 0.9, "y": 2.78, "z": 10.70},
      {"x": -0.9, "y": 2.78, "z": 10.70},
      {"x": 0.95, "y": 2.78, "z": 9.735},
      {"x": -0.95, "y": 2.78, "z": 9.735},
      {"x": 1.0, "y": 2.78, "z": 8.739},
      {"x": -1.0, "y": 2.78, "z": 8.739},
      {"x": 1.05, "y": 2.78, "z": 7.734},
      {"x": 0.5921, "y": 2.78, "z": 7.734},
      {"x": -1.05, "y": 2.78, "z": 7.734}
    ],
    [
      {"x": 0.6, "y": 2.78, "z": 12.96},
      {"x": -0.6, "y": 2.78, "z": 12.96},
      {"x": 0.9, "y": 2.78, "z": 10.70},
      {"x": -0.9, "y": 2.78, "z": 10.70},
      {"x": 0.95, "y": 2.78, "z": 9.735},
      {"x": -0.95, "y": 2.78, "z": 9.735},
      {"x": 1.0, "y": 2.78, "z": 8.739},
      {"x": -1.0, "y": 2.78, "z": 8.739},
      {"x": 1.05, "y": 2.78, "z": 7.734},
      {"x": 0.5921, "y": 2.78, "z": 7.734},
      {"x": -1.05, "y": 2.78, "z": 7.734},
      {"x": -0.5921, "y": 2.78, "z": 7.734}
    ],
    [
      {"x": 0.6, "y": 2.78, "z": 12.96},
      {"x": -0.6, "y": 2.78, "z": 12.96},
      {"x": 0.9, "y": 2.78, "z": 10.70},
      {"x": -0.9, "y": 2.78, "z": 10.70},
      {"x": 0.95, "y": 2.78, "z": 9.735},
      {"x": -0.95, "y": 2.78, "z": 9.735},
      {"x": 1.0, "y": 2.78, "z": 8.739},
      {"x": -1.0, "y": 2.78, "z": 8.739},
      {"x": 1.05, "y": 2.78, "z": 7.734},
      {"x": 0.5921, "y": 2.78, "z": 7.734},
      {"x": -1.05, "y": 2.78, "z": 7.734},
      {"x": -0.5921, "y": 2.78, "z": 7.734},
      {"x": 1.1, "y": 2.78, "z": 6.736}
    ],
    [
      {"x": 0.6, "y": 2.78, "z": 12.96},
      {"x": -0.6, "y": 2.78, "z": 12.96},
      {"x": 0.9, "y": 2.78, "z": 10.70},
      {"x": -0.9, "y": 2.78, "z": 10.70},
      {"x": 0.95, "y": 2.78, "z": 9.735},
      {"x": -0.95, "y": 2.78, "z": 9.735},
      {"x": 1.0, "y": 2.78, "z": 8.739},
      {"x": -1.0, "y": 2.78, "z": 8.739},
      {"x": 1.05, "y": 2.78, "z": 7.734},
      {"x": 0.5921, "y": 2.78, "z": 7.734},
      {"x": -1.05, "y": 2.78, "z": 7.734},
      {"x": -0.5921, "y": 2.78, "z": 7.734},
      {"x": 1.1, "y": 2.78, "z": 6.736},
      {"x": 0.64, "y": 2.78, "z": 6.736}
    ],
    [
      {"x": 0.6, "y": 2.78, "z": 12.96},
      {"x": -0.6, "y": 2.78, "z": 12.96},
      {"x": 0.9, "y": 2.78, "z": 10.70},
      {"x": -0.9, "y": 2.78, "z": 10.70},
      {"x": 0.95, "y": 2.78, "z": 9.735},
      {"x": -0.95, "y": 2.78, "z": 9.735},
      {"x": 1.0, "y": 2.78, "z": 8.739},
      {"x": -1.0, "y": 2.78, "z": 8.739},
      {"x": 1.05, "y": 2.78, "z": 7.734},
      {"x": 0.5921, "y": 2.78, "z": 7.734},
      {"x": -1.05, "y": 2.78, "z": 7.734},
      {"x": -0.5921, "y": 2.78, "z": 7.734},
      {"x": 1.1, "y": 2.78, "z": 6.736},
      {"x": 0.64, "y": 2.78, "z": 6.736},
      {"x": -1.1, "y": 2.78, "z": 6.736}
    ],
    [
      {"x": 0.6, "y": 2.78, "z": 12.96},
      {"x": -0.6, "y": 2.78, "z": 12.96},
      {"x": 0.9, "y": 2.78, "z": 10.70},
      {"x": -0.9, "y": 2.78, "z": 10.70},
      {"x": 0.95, "y": 2.78, "z": 9.735},
      {"x": -0.95, "y": 2.78, "z": 9.735},
      {"x": 1.0, "y": 2.78, "z": 8.739},
      {"x": -1.0, "y": 2.78, "z": 8.739},
      {"x": 1.05, "y": 2.78, "z": 7.734},
      {"x": 0.5921, "y": 2.78, "z": 7.734},
      {"x": -1.05, "y": 2.78, "z": 7.734},
      {"x": -0.5921, "y": 2.78, "z": 7.734},
      {"x": 1.1, "y": 2.78, "z": 6.736},
      {"x": 0.64, "y": 2.78, "z": 6.736},
      {"x": -1.1, "y": 2.78, "z": 6.736},
      {"x": -0.64, "y": 2.78, "z": 6.736}
    ],
    [
      {"x": 0.6, "y": 2.78, "z": 12.96},
      {"x": -0.6, "y": 2.78, "z": 12.96},
      {"x": 0.9, "y": 2.78, "z": 10.70},
      {"x": -0.9, "y": 2.78, "z": 10.70},
      {"x": 0.95, "y": 2.78, "z": 9.735},
      {"x": -0.95, "y": 2.78, "z": 9.735},
      {"x": 1.0, "y": 2.78, "z": 8.739},
      {"x": -1.0, "y": 2.78, "z": 8.739},
      {"x": 1.05, "y": 2.78, "z": 7.734},
      {"x": 0.5921, "y": 2.78, "z": 7.734},
      {"x": -1.05, "y": 2.78, "z": 7.734},
      {"x": -0.5921, "y": 2.78, "z": 7.734},
      {"x": 1.1, "y": 2.78, "z": 6.736},
      {"x": 0.64, "y": 2.78, "z": 6.736},
      {"x": -1.1, "y": 2.78, "z": 6.736},
      {"x": -0.64, "y": 2.78, "z": 6.736},
      {"x": 1.25, "y": 3.08, "z": 4.141}
    ],
    [
      {"x": 0.6, "y": 2.78, "z": 12.96},
      {"x": -0.6, "y": 2.78, "z": 12.96},
      {"x": 0.9, "y": 2.78, "z": 10.70},
      {"x": -0.9, "y": 2.78, "z": 10.70},
      {"x": 0.95, "y": 2.78, "z": 9.735},
      {"x": -0.95, "y": 2.78, "z": 9.735},
      {"x": 1.0, "y": 2.78, "z": 8.739},
      {"x": -1.0, "y": 2.78, "z": 8.739},
      {"x": 1.05, "y": 2.78, "z": 7.734},
      {"x": 0.5921, "y": 2.78, "z": 7.734},
      {"x": -1.05, "y": 2.78, "z": 7.734},
      {"x": -0.5921, "y": 2.78, "z": 7.734},
      {"x": 1.1, "y": 2.78, "z": 6.736},
      {"x": 0.64, "y": 2.78, "z": 6.736},
      {"x": -1.1, "y": 2.78, "z": 6.736},
      {"x": -0.64, "y": 2.78, "z": 6.736},
      {"x": 1.25, "y": 3.08, "z": 4.141},
      {"x": 0.66, "y": 3.08, "z": 4.141}
    ],
    [
      {"x": 0.6, "y": 2.78, "z": 12.96},
      {"x": -0.6, "y": 2.78, "z": 12.96},
      {"x": 0.9, "y": 2.78, "z": 10.70},
      {"x": -0.9, "y": 2.78, "z": 10.70},
      {"x": 0.95, "y": 2.78, "z": 9.735},
      {"x": -0.95, "y": 2.78, "z": 9.735},
      {"x": 1.0, "y": 2.78, "z": 8.739},
      {"x": -1.0, "y": 2.78, "z": 8.739},
      {"x": 1.05, "y": 2.78, "z": 7.734},
      {"x": 0.5921, "y": 2.78, "z": 7.734},
      {"x": -1.05, "y": 2.78, "z": 7.734},
      {"x": -0.5921, "y": 2.78, "z": 7.734},
      {"x": 1.1, "y": 2.78, "z": 6.736},
      {"x": 0.64, "y": 2.78, "z": 6.736},
      {"x": -1.1, "y": 2.78, "z": 6.736},
      {"x": -0.64, "y": 2.78, "z": 6.736},
      {"x": 1.25, "y": 3.08, "z": 4.141},
      {"x": 0.66, "y": 3.08, "z": 4.141},
      {"x": -1.25, "y": 3.08, "z": 4.141}
    ],
    [
      {"x": 0.6, "y": 2.78, "z": 12.96},
      {"x": -0.6, "y": 2.78, "z": 12.96},
      {"x": 0.9, "y": 2.78, "z": 10.70},
      {"x": -0.9, "y": 2.78, "z": 10.70},
      {"x": 0.95, "y": 2.78, "z": 9.735},
      {"x": -0.95, "y": 2.78, "z": 9.735},
      {"x": 1.0, "y": 2.78, "z": 8.739},
      {"x": -1.0, "y": 2.78, "z": 8.739},
      {"x": 1.05, "y": 2.78, "z": 7.734},
      {"x": 0.5921, "y": 2.78, "z": 7.734},
      {"x": -1.05, "y": 2.78, "z": 7.734},
      {"x": -0.5921, "y": 2.78, "z": 7.734},
      {"x": 1.1, "y": 2.78, "z": 6.736},
      {"x": 0.64, "y": 2.78, "z": 6.736},
      {"x": -1.1, "y": 2.78, "z": 6.736},
      {"x": -0.64, "y": 2.78, "z": 6.736},
      {"x": 1.25, "y": 3.08, "z": 4.141},
      {"x": 0.66, "y": 3.08, "z": 4.141},
      {"x": -1.25, "y": 3.08, "z": 4.141},
      {"x": -0.66, "y": 3.08, "z": 4.141}
    ],
    [
      {"x": 0.6, "y": 2.78, "z": 12.96},
      {"x": -0.6, "y": 2.78, "z": 12.96},
      {"x": 0.9, "y": 2.78, "z": 10.70},
      {"x": -0.9, "y": 2.78, "z": 10.70},
      {"x": 0.95, "y": 2.78, "z": 9.735},
      {"x": -0.95, "y": 2.78, "z": 9.735},
      {"x": 1.0, "y": 2.78, "z": 8.739},
      {"x": -1.0, "y": 2.78, "z": 8.739},
      {"x": 1.05, "y": 2.78, "z": 7.734},
      {"x": 0.5921, "y": 2.78, "z": 7.734},
      {"x": -1.05, "y": 2.78, "z": 7.734},
      {"x": -0.5921, "y": 2.78, "z": 7.734},
      {"x": 1.1, "y": 2.78, "z": 6.736},
      {"x": 0.64, "y": 2.78, "z": 6.736},
      {"x": -1.1, "y": 2.78, "z": 6.736},
      {"x": -0.64, "y": 2.78, "z": 6.736},
      {"x": 1.25, "y": 3.08, "z": 4.141},
      {"x": 0.66, "y": 3.08, "z": 4.141},
      {"x": -1.25, "y": 3.08, "z": 4.141},
      {"x": -0.66, "y": 3.08, "z": 4.141},
      {"x": 1.25, "y": 3.08, "z": 3.144}
    ],
    [
      {"x": 0.6, "y": 2.78, "z": 12.96},
      {"x": -0.6, "y": 2.78, "z": 12.96},
      {"x": 0.9, "y": 2.78, "z": 10.70},
      {"x": -0.9, "y": 2.78, "z": 10.70},
      {"x": 0.95, "y": 2.78, "z": 9.735},
      {"x": -0.95, "y": 2.78, "z": 9.735},
      {"x": 1.0, "y": 2.78, "z": 8.739},
      {"x": -1.0, "y": 2.78, "z": 8.739},
      {"x": 1.05, "y": 2.78, "z": 7.734},
      {"x": 0.5921, "y": 2.78, "z": 7.734},
      {"x": -1.05, "y": 2.78, "z": 7.734},
      {"x": -0.5921, "y": 2.78, "z": 7.734},
      {"x": 1.1, "y": 2.78, "z": 6.736},
      {"x": 0.64, "y": 2.78, "z": 6.736},
      {"x": -1.1, "y": 2.78, "z": 6.736},
      {"x": -0.64, "y": 2.78, "z": 6.736},
      {"x": 1.25, "y": 3.08, "z": 4.141},
      {"x": 0.66, "y": 3.08, "z": 4.141},
      {"x": -1.25, "y": 3.08, "z": 4.141},
      {"x": -0.66, "y": 3.08, "z": 4.141},
      {"x": 1.25, "y": 3.08, "z": 3.144},
      {"x": 0.66, "y": 3.08, "z": 3.144}
    ],
    [
      {"x": 0.6, "y": 2.78, "z": 12.96},
      {"x": -0.6, "y": 2.78, "z": 12.96},
      {"x": 0.9, "y": 2.78, "z": 10.70},
      {"x": -0.9, "y": 2.78, "z": 10.70},
      {"x": 0.95, "y": 2.78, "z": 9.735},
      {"x": -0.95, "y": 2.78, "z": 9.735},
      {"x": 1.0, "y": 2.78, "z": 8.739},
      {"x": -1.0, "y": 2.78, "z": 8.739},
      {"x": 1.05, "y": 2.78, "z": 7.734},
      {"x": 0.5921, "y": 2.78, "z": 7.734},
      {"x": -1.05, "y": 2.78, "z": 7.734},
      {"x": -0.5921, "y": 2.78, "z": 7.734},
      {"x": 1.1, "y": 2.78, "z": 6.736},
      {"x": 0.64, "y": 2.78, "z": 6.736},
      {"x": -1.1, "y": 2.78, "z": 6.736},
      {"x": -0.64, "y": 2.78, "z": 6.736},
      {"x": 1.25, "y": 3.08, "z": 4.141},
      {"x": 0.66, "y": 3.08, "z": 4.141},
      {"x": -1.25, "y": 3.08, "z": 4.141},
      {"x": -0.66, "y": 3.08, "z": 4.141},
      {"x": 1.25, "y": 3.08, "z": 3.144},
      {"x": 0.66, "y": 3.08, "z": 3.144},
      {"x": -1.25, "y": 3.08, "z": 3.144}
    ],
    [
      {"x": 0.6, "y": 2.78, "z": 12.96},
      {"x": -0.6, "y": 2.78, "z": 12.96},
      {"x": 0.9, "y": 2.78, "z": 10.70},
      {"x": -0.9, "y": 2.78, "z": 10.70},
      {"x": 0.95, "y": 2.78, "z": 9.735},
      {"x": -0.95, "y": 2.78, "z": 9.735},
      {"x": 1.0, "y": 2.78, "z": 8.739},
      {"x": -1.0, "y": 2.78, "z": 8.739},
      {"x": 1.05, "y": 2.78, "z": 7.734},
      {"x": 0.5921, "y": 2.78, "z": 7.734},
      {"x": -1.05, "y": 2.78, "z": 7.734},
      {"x": -0.5921, "y": 2.78, "z": 7.734},
      {"x": 1.1, "y": 2.78, "z": 6.736},
      {"x": 0.64, "y": 2.78, "z": 6.736},
      {"x": -1.1, "y": 2.78, "z": 6.736},
      {"x": -0.64, "y": 2.78, "z": 6.736},
      {"x": 1.25, "y": 3.08, "z": 4.141},
      {"x": 0.66, "y": 3.08, "z": 4.141},
      {"x": -1.25, "y": 3.08, "z": 4.141},
      {"x": -0.66, "y": 3.08, "z": 4.141},
      {"x": 1.25, "y": 3.08, "z": 3.144},
      {"x": 0.66, "y": 3.08, "z": 3.144},
      {"x": -1.25, "y": 3.08, "z": 3.144},
      {"x": -0.66, "y": 3.08, "z": 3.144}
    ],
    [
      {"x": 0.6, "y": 2.78, "z": 12.96},
      {"x": -0.6, "y": 2.78, "z": 12.96},
      {"x": 0.9, "y": 2.78, "z": 10.70},
      {"x": -0.9, "y": 2.78, "z": 10.70},
      {"x": 0.95, "y": 2.78, "z": 9.735},
      {"x": -0.95, "y": 2.78, "z": 9.735},
      {"x": 1.0, "y": 2.78, "z": 8.739},
      {"x": -1.0, "y": 2.78, "z": 8.739},
      {"x": 1.05, "y": 2.78, "z": 7.734},
      {"x": 0.5921, "y": 2.78, "z": 7.734},
      {"x": -1.05, "y": 2.78, "z": 7.734},
      {"x": -0.5921, "y": 2.78, "z": 7.734},
      {"x": 1.1, "y": 2.78, "z": 6.736},
      {"x": 0.64, "y": 2.78, "z": 6.736},
      {"x": -1.1, "y": 2.78, "z": 6.736},
      {"x": -0.64, "y": 2.78, "z": 6.736},
      {"x": 1.25, "y": 3.08, "z": 4.141},
      {"x": 0.66, "y": 3.08, "z": 4.141},
      {"x": -1.25, "y": 3.08, "z": 4.141},
      {"x": -0.66, "y": 3.08, "z": 4.141},
      {"x": 1.25, "y": 3.08, "z": 3.144},
      {"x": 0.66, "y": 3.08, "z": 3.144},
      {"x": -1.25, "y": 3.08, "z": 3.144},
      {"x": -0.66, "y": 3.08, "z": 3.144},
      {"x": 1.25, "y": 3.08, "z": 2.148}
    ],
    [
      {"x": 0.6, "y": 2.78, "z": 12.96},
      {"x": -0.6, "y": 2.78, "z": 12.96},
      {"x": 0.9, "y": 2.78, "z": 10.70},
      {"x": -0.9, "y": 2.78, "z": 10.70},
      {"x": 0.95, "y": 2.78, "z": 9.735},
      {"x": -0.95, "y": 2.78, "z": 9.735},
      {"x": 1.0, "y": 2.78, "z": 8.739},
      {"x": -1.0, "y": 2.78, "z": 8.739},
      {"x": 1.05, "y": 2.78, "z": 7.734},
      {"x": 0.5921, "y": 2.78, "z": 7.734},
      {"x": -1.05, "y": 2.78, "z": 7.734},
      {"x": -0.5921, "y": 2.78, "z": 7.734},
      {"x": 1.1, "y": 2.78, "z": 6.736},
      {"x": 0.64, "y": 2.78, "z": 6.736},
      {"x": -1.1, "y": 2.78, "z": 6.736},
      {"x": -0.64, "y": 2.78, "z": 6.736},
      {"x": 1.25, "y": 3.08, "z": 4.141},
      {"x": 0.66, "y": 3.08, "z": 4.141},
      {"x": -1.25, "y": 3.08, "z": 4.141},
      {"x": -0.66, "y": 3.08, "z": 4.141},
      {"x": 1.25, "y": 3.08, "z": 3.144},
      {"x": 0.66, "y": 3.08, "z": 3.144},
      {"x": -1.25, "y": 3.08, "z": 3.144},
      {"x": -0.66, "y": 3.08, "z": 3.144},
      {"x": 1.25, "y": 3.08, "z": 2.148},
      {"x": 0.66, "y": 3.08, "z": 2.148}
    ],
    [
      {"x": 0.6, "y": 2.78, "z": 12.96},
      {"x": -0.6, "y": 2.78, "z": 12.96},
      {"x": 0.9, "y": 2.78, "z": 10.70},
      {"x": -0.9, "y": 2.78, "z": 10.70},
      {"x": 0.95, "y": 2.78, "z": 9.735},
      {"x": -0.95, "y": 2.78, "z": 9.735},
      {"x": 1.0, "y": 2.78, "z": 8.739},
      {"x": -1.0, "y": 2.78, "z": 8.739},
      {"x": 1.05, "y": 2.78, "z": 7.734},
      {"x": 0.5921, "y": 2.78, "z": 7.734},
      {"x": -1.05, "y": 2.78, "z": 7.734},
      {"x": -0.5921, "y": 2.78, "z": 7.734},
      {"x": 1.1, "y": 2.78, "z": 6.736},
      {"x": 0.64, "y": 2.78, "z": 6.736},
      {"x": -1.1, "y": 2.78, "z": 6.736},
      {"x": -0.64, "y": 2.78, "z": 6.736},
      {"x": 1.25, "y": 3.08, "z": 4.141},
      {"x": 0.66, "y": 3.08, "z": 4.141},
      {"x": -1.25, "y": 3.08, "z": 4.141},
      {"x": -0.66, "y": 3.08, "z": 4.141},
      {"x": 1.25, "y": 3.08, "z": 3.144},
      {"x": 0.66, "y": 3.08, "z": 3.144},
      {"x": -1.25, "y": 3.08, "z": 3.144},
      {"x": -0.66, "y": 3.08, "z": 3.144},
      {"x": 1.25, "y": 3.08, "z": 2.148},
      {"x": 0.66, "y": 3.08, "z": 2.148},
      {"x": -1.25, "y": 3.08, "z": 2.148}
    ],
    [
      {"x": 0.6, "y": 2.78, "z": 12.96},
      {"x": -0.6, "y": 2.78, "z": 12.96},
      {"x": 0.9, "y": 2.78, "z": 10.70},
      {"x": -0.9, "y": 2.78, "z": 10.70},
      {"x": 0.95, "y": 2.78, "z": 9.735},
      {"x": -0.95, "y": 2.78, "z": 9.735},
      {"x": 1.0, "y": 2.78, "z": 8.739},
      {"x": -1.0, "y": 2.78, "z": 8.739},
      {"x": 1.05, "y": 2.78, "z": 7.734},
      {"x": 0.5921, "y": 2.78, "z": 7.734},
      {"x": -1.05, "y": 2.78, "z": 7.734},
      {"x": -0.5921, "y": 2.78, "z": 7.734},
      {"x": 1.1, "y": 2.78, "z": 6.736},
      {"x": 0.64, "y": 2.78, "z": 6.736},
      {"x": -1.1, "y": 2.78, "z": 6.736},
      {"x": -0.64, "y": 2.78, "z": 6.736},
      {"x": 1.25, "y": 3.08, "z": 4.141},
      {"x": 0.66, "y": 3.08, "z": 4.141},
      {"x": -1.25, "y": 3.08, "z": 4.141},
      {"x": -0.66, "y": 3.08, "z": 4.141},
      {"x": 1.25, "y": 3.08, "z": 3.144},
      {"x": 0.66, "y": 3.08, "z": 3.144},
      {"x": -1.25, "y": 3.08, "z": 3.144},
      {"x": -0.66, "y": 3.08, "z": 3.144},
      {"x": 1.25, "y": 3.08, "z": 2.148},
      {"x": 0.66, "y": 3.08, "z": 2.148},
      {"x": -1.25, "y": 3.08, "z": 2.148},
      {"x": -0.66, "y": 3.08, "z": 2.148}
    ],
    [
      {"x": 0.6, "y": 2.78, "z": 12.96},
      {"x": -0.6, "y": 2.78, "z": 12.96},
      {"x": 0.9, "y": 2.78, "z": 10.70},
      {"x": -0.9, "y": 2.78, "z": 10.70},
      {"x": 0.95, "y": 2.78, "z": 9.735},
      {"x": -0.95, "y": 2.78, "z": 9.735},
      {"x": 1.0, "y": 2.78, "z": 8.739},
      {"x": -1.0, "y": 2.78, "z": 8.739},
      {"x": 1.05, "y": 2.78, "z": 7.734},
      {"x": 0.5921, "y": 2.78, "z": 7.734},
      {"x": -1.05, "y": 2.78, "z": 7.734},
      {"x": -0.5921, "y": 2.78, "z": 7.734},
      {"x": 1.1, "y": 2.78, "z": 6.736},
      {"x": 0.64, "y": 2.78, "z": 6.736},
      {"x": -1.1, "y": 2.78, "z": 6.736},
      {"x": -0.64, "y": 2.78, "z": 6.736},
      {"x": 1.25, "y": 3.08, "z": 4.141},
      {"x": 0.66, "y": 3.08, "z": 4.141},
      {"x": -1.25, "y": 3.08, "z": 4.141},
      {"x": -0.66, "y": 3.08, "z": 4.141},
      {"x": 1.25, "y": 3.08, "z": 3.144},
      {"x": 0.66, "y": 3.08, "z": 3.144},
      {"x": -1.25, "y": 3.08, "z": 3.144},
      {"x": -0.66, "y": 3.08, "z": 3.144},
      {"x": 1.25, "y": 3.08, "z": 2.148},
      {"x": 0.66, "y": 3.08, "z": 2.148},
      {"x": -1.25, "y": 3.08, "z": 2.148},
      {"x": -0.66, "y": 3.08, "z": 2.148},
      {"x": 1.25, "y": 3.08, "z": 1.151}
    ],
    [
      {"x": 0.6, "y": 2.78, "z": 12.96},
      {"x": -0.6, "y": 2.78, "z": 12.96},
      {"x": 0.9, "y": 2.78, "z": 10.70},
      {"x": -0.9, "y": 2.78, "z": 10.70},
      {"x": 0.95, "y": 2.78, "z": 9.735},
      {"x": -0.95, "y": 2.78, "z": 9.735},
      {"x": 1.0, "y": 2.78, "z": 8.739},
      {"x": -1.0, "y": 2.78, "z": 8.739},
      {"x": 1.05, "y": 2.78, "z": 7.734},
      {"x": 0.5921, "y": 2.78, "z": 7.734},
      {"x": -1.05, "y": 2.78, "z": 7.734},
      {"x": -0.5921, "y": 2.78, "z": 7.734},
      {"x": 1.1, "y": 2.78, "z": 6.736},
      {"x": 0.64, "y": 2.78, "z": 6.736},
      {"x": -1.1, "y": 2.78, "z": 6.736},
      {"x": -0.64, "y": 2.78, "z": 6.736},
      {"x": 1.25, "y": 3.08, "z": 4.141},
      {"x": 0.66, "y": 3.08, "z": 4.141},
      {"x": -1.25, "y": 3.08, "z": 4.141},
      {"x": -0.66, "y": 3.08, "z": 4.141},
      {"x": 1.25, "y": 3.08, "z": 3.144},
      {"x": 0.66, "y": 3.08, "z": 3.144},
      {"x": -1.25, "y": 3.08, "z": 3.144},
      {"x": -0.66, "y": 3.08, "z": 3.144},
      {"x": 1.25, "y": 3.08, "z": 2.148},
      {"x": 0.66, "y": 3.08, "z": 2.148},
      {"x": -1.25, "y": 3.08, "z": 2.148},
      {"x": -0.66, "y": 3.08, "z": 2.148},
      {"x": 1.25, "y": 3.08, "z": 1.151},
      {"x": 0.66, "y": 3.08, "z": 1.151}
    ],
    [
      {"x": 0.6, "y": 2.78, "z": 12.96},
      {"x": -0.6, "y": 2.78, "z": 12.96},
      {"x": 0.9, "y": 2.78, "z": 10.70},
      {"x": -0.9, "y": 2.78, "z": 10.70},
      {"x": 0.95, "y": 2.78, "z": 9.735},
      {"x": -0.95, "y": 2.78, "z": 9.735},
      {"x": 1.0, "y": 2.78, "z": 8.739},
      {"x": -1.0, "y": 2.78, "z": 8.739},
      {"x": 1.05, "y": 2.78, "z": 7.734},
      {"x": 0.5921, "y": 2.78, "z": 7.734},
      {"x": -1.05, "y": 2.78, "z": 7.734},
      {"x": -0.5921, "y": 2.78, "z": 7.734},
      {"x": 1.1, "y": 2.78, "z": 6.736},
      {"x": 0.64, "y": 2.78, "z": 6.736},
      {"x": -1.1, "y": 2.78, "z": 6.736},
      {"x": -0.64, "y": 2.78, "z": 6.736},
      {"x": 1.25, "y": 3.08, "z": 4.141},
      {"x": 0.66, "y": 3.08, "z": 4.141},
      {"x": -1.25, "y": 3.08, "z": 4.141},
      {"x": -0.66, "y": 3.08, "z": 4.141},
      {"x": 1.25, "y": 3.08, "z": 3.144},
      {"x": 0.66, "y": 3.08, "z": 3.144},
      {"x": -1.25, "y": 3.08, "z": 3.144},
      {"x": -0.66, "y": 3.08, "z": 3.144},
      {"x": 1.25, "y": 3.08, "z": 2.148},
      {"x": 0.66, "y": 3.08, "z": 2.148},
      {"x": -1.25, "y": 3.08, "z": 2.148},
      {"x": -0.66, "y": 3.08, "z": 2.148},
      {"x": 1.25, "y": 3.08, "z": 1.151},
      {"x": 0.66, "y": 3.08, "z": 1.151},
      {"x": -1.25, "y": 3.08, "z": 1.151}
    ],
    [
      {"x": 0.6, "y": 2.78, "z": 12.96},
      {"x": -0.6, "y": 2.78, "z": 12.96},
      {"x": 0.9, "y": 2.78, "z": 10.70},
      {"x": -0.9, "y": 2.78, "z": 10.70},
      {"x": 0.95, "y": 2.78, "z": 9.735},
      {"x": -0.95, "y": 2.78, "z": 9.735},
      {"x": 1.0, "y": 2.78, "z": 8.739},
      {"x": -1.0, "y": 2.78, "z": 8.739},
      {"x": 1.05, "y": 2.78, "z": 7.734},
      {"x": 0.5921, "y": 2.78, "z": 7.734},
      {"x": -1.05, "y": 2.78, "z": 7.734},
      {"x": -0.5921, "y": 2.78, "z": 7.734},
      {"x": 1.1, "y": 2.78, "z": 6.736},
      {"x": 0.64, "y": 2.78, "z": 6.736},
      {"x": -1.1, "y": 2.78, "z": 6.736},
      {"x": -0.64, "y": 2.78, "z": 6.736},
      {"x": 1.25, "y": 3.08, "z": 4.141},
      {"x": 0.66, "y": 3.08, "z": 4.141},
      {"x": -1.25, "y": 3.08, "z": 4.141},
      {"x": -0.66, "y": 3.08, "z": 4.141},
      {"x": 1.25, "y": 3.08, "z": 3.144},
      {"x": 0.66, "y": 3.08, "z": 3.144},
      {"x": -1.25, "y": 3.08, "z": 3.144},
      {"x": -0.66, "y": 3.08, "z": 3.144},
      {"x": 1.25, "y": 3.08, "z": 2.148},
      {"x": 0.66, "y": 3.08, "z": 2.148},
      {"x": -1.25, "y": 3.08, "z": 2.148},
      {"x": -0.66, "y": 3.08, "z": 2.148},
      {"x": 1.25, "y": 3.08, "z": 1.151},
      {"x": 0.66, "y": 3.08, "z": 1.151},
      {"x": -1.25, "y": 3.08, "z": 1.151},
      {"x": -0.66, "y": 3.08, "z": 1.151}
    ],
    [
      {"x": 0.6, "y": 2.78, "z": 12.96},
      {"x": -0.6, "y": 2.78, "z": 12.96},
      {"x": 0.9, "y": 2.78, "z": 10.70},
      {"x": -0.9, "y": 2.78, "z": 10.70},
      {"x": 0.95, "y": 2.78, "z": 9.735},
      {"x": -0.95, "y": 2.78, "z": 9.735},
      {"x": 1.0, "y": 2.78, "z": 8.739},
      {"x": -1.0, "y": 2.78, "z": 8.739},
      {"x": 1.05, "y": 2.78, "z": 7.734},
      {"x": 0.5921, "y": 2.78, "z": 7.734},
      {"x": -1.05, "y": 2.78, "z": 7.734},
      {"x": -0.5921, "y": 2.78, "z": 7.734},
      {"x": 1.1, "y": 2.78, "z": 6.736},
      {"x": 0.64, "y": 2.78, "z": 6.736},
      {"x": -1.1, "y": 2.78, "z": 6.736},
      {"x": -0.64, "y": 2.78, "z": 6.736},
      {"x": 1.25, "y": 3.08, "z": 4.141},
      {"x": 0.66, "y": 3.08, "z": 4.141},
      {"x": -1.25, "y": 3.08, "z": 4.141},
      {"x": -0.66, "y": 3.08, "z": 4.141},
      {"x": 1.25, "y": 3.08, "z": 3.144},
      {"x": 0.66, "y": 3.08, "z": 3.144},
      {"x": -1.25, "y": 3.08, "z": 3.144},
      {"x": -0.66, "y": 3.08, "z": 3.144},
      {"x": 1.25, "y": 3.08, "z": 2.148},
      {"x": 0.66, "y": 3.08, "z": 2.148},
      {"x": -1.25, "y": 3.08, "z": 2.148},
      {"x": -0.66, "y": 3.08, "z": 2.148},
      {"x": 1.25, "y": 3.08, "z": 1.151},
      {"x": 0.66, "y": 3.08, "z": 1.151},
      {"x": -1.25, "y": 3.08, "z": 1.151},
      {"x": -0.66, "y": 3.08, "z": 1.151},
      {"x": 1.25, "y": 3.08, "z": 0.1543}
    ],
    [
      {"x": 0.6, "y": 2.78, "z": 12.96},
      {"x": -0.6, "y": 2.78, "z": 12.96},
      {"x": 0.9, "y": 2.78, "z": 10.70},
      {"x": -0.9, "y": 2.78, "z": 10.70},
      {"x": 0.95, "y": 2.78, "z": 9.735},
      {"x": -0.95, "y": 2.78, "z": 9.735},
      {"x": 1.0, "y": 2.78, "z": 8.739},
      {"x": -1.0, "y": 2.78, "z": 8.739},
      {"x": 1.05, "y": 2.78, "z": 7.734},
      {"x": 0.5921, "y": 2.78, "z": 7.734},
      {"x": -1.05, "y": 2.78, "z": 7.734},
      {"x": -0.5921, "y": 2.78, "z": 7.734},
      {"x": 1.1, "y": 2.78, "z": 6.736},
      {"x": 0.64, "y": 2.78, "z": 6.736},
      {"x": -1.1, "y": 2.78, "z": 6.736},
      {"x": -0.64, "y": 2.78, "z": 6.736},
      {"x": 1.25, "y": 3.08, "z": 4.141},
      {"x": 0.66, "y": 3.08, "z": 4.141},
      {"x": -1.25, "y": 3.08, "z": 4.141},
      {"x": -0.66, "y": 3.08, "z": 4.141},
      {"x": 1.25, "y": 3.08, "z": 3.144},
      {"x": 0.66, "y": 3.08, "z": 3.144},
      {"x": -1.25, "y": 3.08, "z": 3.144},
      {"x": -0.66, "y": 3.08, "z": 3.144},
      {"x": 1.25, "y": 3.08, "z": 2.148},
      {"x": 0.66, "y": 3.08, "z": 2.148},
      {"x": -1.25, "y": 3.08, "z": 2.148},
      {"x": -0.66, "y": 3.08, "z": 2.148},
      {"x": 1.25, "y": 3.08, "z": 1.151},
      {"x": 0.66, "y": 3.08, "z": 1.151},
      {"x": -1.25, "y": 3.08, "z": 1.151},
      {"x": -0.66, "y": 3.08, "z": 1.151},
      {"x": 1.25, "y": 3.08, "z": 0.1543},
      {"x": 0.66, "y": 3.08, "z": 0.1543}
    ],
    [
      {"x": 0.6, "y": 2.78, "z": 12.96},
      {"x": -0.6, "y": 2.78, "z": 12.96},
      {"x": 0.9, "y": 2.78, "z": 10.70},
      {"x": -0.9, "y": 2.78, "z": 10.70},
      {"x": 0.95, "y": 2.78, "z": 9.735},
      {"x": -0.95, "y": 2.78, "z": 9.735},
      {"x": 1.0, "y": 2.78, "z": 8.739},
      {"x": -1.0, "y": 2.78, "z": 8.739},
      {"x": 1.05, "y": 2.78, "z": 7.734},
      {"x": 0.5921, "y": 2.78, "z": 7.734},
      {"x": -1.05, "y": 2.78, "z": 7.734},
      {"x": -0.5921, "y": 2.78, "z": 7.734},
      {"x": 1.1, "y": 2.78, "z": 6.736},
      {"x": 0.64, "y": 2.78, "z": 6.736},
      {"x": -1.1, "y": 2.78, "z": 6.736},
      {"x": -0.64, "y": 2.78, "z": 6.736},
      {"x": 1.25, "y": 3.08, "z": 4.141},
      {"x": 0.66, "y": 3.08, "z": 4.141},
      {"x": -1.25, "y": 3.08, "z": 4.141},
      {"x": -0.66, "y": 3.08, "z": 4.141},
      {"x": 1.25, "y": 3.08, "z": 3.144},
      {"x": 0.66, "y": 3.08, "z": 3.144},
      {"x": -1.25, "y": 3.08, "z": 3.144},
      {"x": -0.66, "y": 3.08, "z": 3.144},
      {"x": 1.25, "y": 3.08, "z": 2.148},
      {"x": 0.66, "y": 3.08, "z": 2.148},
      {"x": -1.25, "y": 3.08, "z": 2.148},
      {"x": -0.66, "y": 3.08, "z": 2.148},
      {"x": 1.25, "y": 3.08, "z": 1.151},
      {"x": 0.66, "y": 3.08, "z": 1.151},
      {"x": -1.25, "y": 3.08, "z": 1.151},
      {"x": -0.66, "y": 3.08, "z": 1.151},
      {"x": 1.25, "y": 3.08, "z": 0.1543},
      {"x": 0.66, "y": 3.08, "z": 0.1543},
      {"x": -1.25, "y": 3.08, "z": 0.1543}
    ],
    [
      {"x": 0.6, "y": 2.78, "z": 12.96},
      {"x": -0.6, "y": 2.78, "z": 12.96},
      {"x": 0.9, "y": 2.78, "z": 10.70},
      {"x": -0.9, "y": 2.78, "z": 10.70},
      {"x": 0.95, "y": 2.78, "z": 9.735},
      {"x": -0.95, "y": 2.78, "z": 9.735},
      {"x": 1.0, "y": 2.78, "z": 8.739},
      {"x": -1.0, "y": 2.78, "z": 8.739},
      {"x": 1.05, "y": 2.78, "z": 7.734},
      {"x": 0.5921, "y": 2.78, "z": 7.734},
      {"x": -1.05, "y": 2.78, "z": 7.734},
      {"x": -0.5921, "y": 2.78, "z": 7.734},
      {"x": 1.1, "y": 2.78, "z": 6.736},
      {"x": 0.64, "y": 2.78, "z": 6.736},
      {"x": -1.1, "y": 2.78, "z": 6.736},
      {"x": -0.64, "y": 2.78, "z": 6.736},
      {"x": 1.25, "y": 3.08, "z": 4.141},
      {"x": 0.66, "y": 3.08, "z": 4.141},
      {"x": -1.25, "y": 3.08, "z": 4.141},
      {"x": -0.66, "y": 3.08, "z": 4.141},
      {"x": 1.25, "y": 3.08, "z": 3.144},
      {"x": 0.66, "y": 3.08, "z": 3.144},
      {"x": -1.25, "y": 3.08, "z": 3.144},
      {"x": -0.66, "y": 3.08, "z": 3.144},
      {"x": 1.25, "y": 3.08, "z": 2.148},
      {"x": 0.66, "y": 3.08, "z": 2.148},
      {"x": -1.25, "y": 3.08, "z": 2.148},
      {"x": -0.66, "y": 3.08, "z": 2.148},
      {"x": 1.25, "y": 3.08, "z": 1.151},
      {"x": 0.66, "y": 3.08, "z": 1.151},
      {"x": -1.25, "y": 3.08, "z": 1.151},
      {"x": -0.66, "y": 3.08, "z": 1.151},
      {"x": 1.25, "y": 3.08, "z": 0.1543},
      {"x": 0.66, "y": 3.08, "z": 0.1543},
      {"x": -1.25, "y": 3.08, "z": 0.1543},
      {"x": -0.66, "y": 3.08, "z": 0.1543}
    ],
    [
      {"x": 0.6, "y": 2.78, "z": 12.96},
      {"x": -0.6, "y": 2.78, "z": 12.96},
      {"x": 0.9, "y": 2.78, "z": 10.70},
      {"x": -0.9, "y": 2.78, "z": 10.70},
      {"x": 0.95, "y": 2.78, "z": 9.735},
      {"x": -0.95, "y": 2.78, "z": 9.735},
      {"x": 1.0, "y": 2.78, "z": 8.739},
      {"x": -1.0, "y": 2.78, "z": 8.739},
      {"x": 1.05, "y": 2.78, "z": 7.734},
      {"x": 0.5921, "y": 2.78, "z": 7.734},
      {"x": -1.05, "y": 2.78, "z": 7.734},
      {"x": -0.5921, "y": 2.78, "z": 7.734},
      {"x": 1.1, "y": 2.78, "z": 6.736},
      {"x": 0.64, "y": 2.78, "z": 6.736},
      {"x": -1.1, "y": 2.78, "z": 6.736},
      {"x": -0.64, "y": 2.78, "z": 6.736},
      {"x": 1.25, "y": 3.08, "z": 4.141},
      {"x": 0.66, "y": 3.08, "z": 4.141},
      {"x": -1.25, "y": 3.08, "z": 4.141},
      {"x": -0.66, "y": 3.08, "z": 4.141},
      {"x": 1.25, "y": 3.08, "z": 3.144},
      {"x": 0.66, "y": 3.08, "z": 3.144},
      {"x": -1.25, "y": 3.08, "z": 3.144},
      {"x": -0.66, "y": 3.08, "z": 3.144},
      {"x": 1.25, "y": 3.08, "z": 2.148},
      {"x": 0.66, "y": 3.08, "z": 2.148},
      {"x": -1.25, "y": 3.08, "z": 2.148},
      {"x": -0.66, "y": 3.08, "z": 2.148},
      {"x": 1.25, "y": 3.08, "z": 1.151},
      {"x": 0.66, "y": 3.08, "z": 1.151},
      {"x": -1.25, "y": 3.08, "z": 1.151},
      {"x": -0.66, "y": 3.08, "z": 1.151},
      {"x": 1.25, "y": 3.08, "z": 0.1543},
      {"x": 0.66, "y": 3.08, "z": 0.1543},
      {"x": -1.25, "y": 3.08, "z": 0.1543},
      {"x": -0.66, "y": 3.08, "z": 0.1543},
      {"x": 1.25, "y": 3.08, "z": -0.8424}
    ],
    [
      {"x": 0.6, "y": 2.78, "z": 12.96},
      {"x": -0.6, "y": 2.78, "z": 12.96},
      {"x": 0.9, "y": 2.78, "z": 10.70},
      {"x": -0.9, "y": 2.78, "z": 10.70},
      {"x": 0.95, "y": 2.78, "z": 9.735},
      {"x": -0.95, "y": 2.78, "z": 9.735},
      {"x": 1.0, "y": 2.78, "z": 8.739},
      {"x": -1.0, "y": 2.78, "z": 8.739},
      {"x": 1.05, "y": 2.78, "z": 7.734},
      {"x": 0.5921, "y": 2.78, "z": 7.734},
      {"x": -1.05, "y": 2.78, "z": 7.734},
      {"x": -0.5921, "y": 2.78, "z": 7.734},
      {"x": 1.1, "y": 2.78, "z": 6.736},
      {"x": 0.64, "y": 2.78, "z": 6.736},
      {"x": -1.1, "y": 2.78, "z": 6.736},
      {"x": -0.64, "y": 2.78, "z": 6.736},
      {"x": 1.25, "y": 3.08, "z": 4.141},
      {"x": 0.66, "y": 3.08, "z": 4.141},
      {"x": -1.25, "y": 3.08, "z": 4.141},
      {"x": -0.66, "y": 3.08, "z": 4.141},
      {"x": 1.25, "y": 3.08, "z": 3.144},
      {"x": 0.66, "y": 3.08, "z": 3.144},
      {"x": -1.25, "y": 3.08, "z": 3.144},
      {"x": -0.66, "y": 3.08, "z": 3.144},
      {"x": 1.25, "y": 3.08, "z": 2.148},
      {"x": 0.66, "y": 3.08, "z": 2.148},
      {"x": -1.25, "y": 3.08, "z": 2.148},
      {"x": -0.66, "y": 3.08, "z": 2.148},
      {"x": 1.25, "y": 3.08, "z": 1.151},
      {"x": 0.66, "y": 3.08, "z": 1.151},
      {"x": -1.25, "y": 3.08, "z": 1.151},
      {"x": -0.66, "y": 3.08, "z": 1.151},
      {"x": 1.25, "y": 3.08, "z": 0.1543},
      {"x": 0.66, "y": 3.08, "z": 0.1543},
      {"x": -1.25, "y": 3.08, "z": 0.1543},
      {"x": -0.66, "y": 3.08, "z": 0.1543},
      {"x": 1.25, "y": 3.08, "z": -0.8424},
      {"x": 0.66, "y": 3.08, "z": -0.8424}
    ],
    [
      {"x": 0.6, "y": 2.78, "z": 12.96},
      {"x": -0.6, "y": 2.78, "z": 12.96},
      {"x": 0.9, "y": 2.78, "z": 10.70},
      {"x": -0.9, "y": 2.78, "z": 10.70},
      {"x": 0.95, "y": 2.78, "z": 9.735},
      {"x": -0.95, "y": 2.78, "z": 9.735},
      {"x": 1.0, "y": 2.78, "z": 8.739},
      {"x": -1.0, "y": 2.78, "z": 8.739},
      {"x": 1.05, "y": 2.78, "z": 7.734},
      {"x": 0.5921, "y": 2.78, "z": 7.734},
      {"x": -1.05, "y": 2.78, "z": 7.734},
      {"x": -0.5921, "y": 2.78, "z": 7.734},
      {"x": 1.1, "y": 2.78, "z": 6.736},
      {"x": 0.64, "y": 2.78, "z": 6.736},
      {"x": -1.1, "y": 2.78, "z": 6.736},
      {"x": -0.64, "y": 2.78, "z": 6.736},
      {"x": 1.25, "y": 3.08, "z": 4.141},
      {"x": 0.66, "y": 3.08, "z": 4.141},
      {"x": -1.25, "y": 3.08, "z": 4.141},
      {"x": -0.66, "y": 3.08, "z": 4.141},
      {"x": 1.25, "y": 3.08, "z": 3.144},
      {"x": 0.66, "y": 3.08, "z": 3.144},
      {"x": -1.25, "y": 3.08, "z": 3.144},
      {"x": -0.66, "y": 3.08, "z": 3.144},
      {"x": 1.25, "y": 3.08, "z": 2.148},
      {"x": 0.66, "y": 3.08, "z": 2.148},
      {"x": -1.25, "y": 3.08, "z": 2.148},
      {"x": -0.66, "y": 3.08, "z": 2.148},
      {"x": 1.25, "y": 3.08, "z": 1.151},
      {"x": 0.66, "y": 3.08, "z": 1.151},
      {"x": -1.25, "y": 3.08, "z": 1.151},
      {"x": -0.66, "y": 3.08, "z": 1.151},
      {"x": 1.25, "y": 3.08, "z": 0.1543},
      {"x": 0.66, "y": 3.08, "z": 0.1543},
      {"x": -1.25, "y": 3.08, "z": 0.1543},
      {"x": -0.66, "y": 3.08, "z": 0.1543},
      {"x": 1.25, "y": 3.08, "z": -0.8424},
      {"x": 0.66, "y": 3.08, "z": -0.8424},
      {"x": -1.25, "y": 3.08, "z": -0.8424}
    ],
    [
      {"x": 0.6, "y": 2.78, "z": 12.96},
      {"x": -0.6, "y": 2.78, "z": 12.96},
      {"x": 0.9, "y": 2.78, "z": 10.70},
      {"x": -0.9, "y": 2.78, "z": 10.70},
      {"x": 0.95, "y": 2.78, "z": 9.735},
      {"x": -0.95, "y": 2.78, "z": 9.735},
      {"x": 1.0, "y": 2.78, "z": 8.739},
      {"x": -1.0, "y": 2.78, "z": 8.739},
      {"x": 1.05, "y": 2.78, "z": 7.734},
      {"x": 0.5921, "y": 2.78, "z": 7.734},
      {"x": -1.05, "y": 2.78, "z": 7.734},
      {"x": -0.5921, "y": 2.78, "z": 7.734},
      {"x": 1.1, "y": 2.78, "z": 6.736},
      {"x": 0.64, "y": 2.78, "z": 6.736},
      {"x": -1.1, "y": 2.78, "z": 6.736},
      {"x": -0.64, "y": 2.78, "z": 6.736},
      {"x": 1.25, "y": 3.08, "z": 4.141},
      {"x": 0.66, "y": 3.08, "z": 4.141},
      {"x": -1.25, "y": 3.08, "z": 4.141},
      {"x": -0.66, "y": 3.08, "z": 4.141},
      {"x": 1.25, "y": 3.08, "z": 3.144},
      {"x": 0.66, "y": 3.08, "z": 3.144},
      {"x": -1.25, "y": 3.08, "z": 3.144},
      {"x": -0.66, "y": 3.08, "z": 3.144},
      {"x": 1.25, "y": 3.08, "z": 2.148},
      {"x": 0.66, "y": 3.08, "z": 2.148},
      {"x": -1.25, "y": 3.08, "z": 2.148},
      {"x": -0.66, "y": 3.08, "z": 2.148},
      {"x": 1.25, "y": 3.08, "z": 1.151},
      {"x": 0.66, "y": 3.08, "z": 1.151},
      {"x": -1.25, "y": 3.08, "z": 1.151},
      {"x": -0.66, "y": 3.08, "z": 1.151},
      {"x": 1.25, "y": 3.08, "z": 0.1543},
      {"x": 0.66, "y": 3.08, "z": 0.1543},
      {"x": -1.25, "y": 3.08, "z": 0.1543},
      {"x": -0.66, "y": 3.08, "z": 0.1543},
      {"x": 1.25, "y": 3.08, "z": -0.8424},
      {"x": 0.66, "y": 3.08, "z": -0.8424},
      {"x": -1.25, "y": 3.08, "z": -0.8424},
      {"x": -0.66, "y": 3.08, "z": -0.8424}
    ],
    [
      {"x": 0.6, "y": 2.78, "z": 12.96},
      {"x": -0.6, "y": 2.78, "z": 12.96},
      {"x": 0.9, "y": 2.78, "z": 10.70},
      {"x": -0.9, "y": 2.78, "z": 10.70},
      {"x": 0.95, "y": 2.78, "z": 9.735},
      {"x": -0.95, "y": 2.78, "z": 9.735},
      {"x": 1.0, "y": 2.78, "z": 8.739},
      {"x": -1.0, "y": 2.78, "z": 8.739},
      {"x": 1.05, "y": 2.78, "z": 7.734},
      {"x": 0.5921, "y": 2.78, "z": 7.734},
      {"x": -1.05, "y": 2.78, "z": 7.734},
      {"x": -0.5921, "y": 2.78, "z": 7.734},
      {"x": 1.1, "y": 2.78, "z": 6.736},
      {"x": 0.64, "y": 2.78, "z": 6.736},
      {"x": -1.1, "y": 2.78, "z": 6.736},
      {"x": -0.64, "y": 2.78, "z": 6.736},
      {"x": 1.25, "y": 3.08, "z": 4.141},
      {"x": 0.66, "y": 3.08, "z": 4.141},
      {"x": -1.25, "y": 3.08, "z": 4.141},
      {"x": -0.66, "y": 3.08, "z": 4.141},
      {"x": 1.25, "y": 3.08, "z": 3.144},
      {"x": 0.66, "y": 3.08, "z": 3.144},
      {"x": -1.25, "y": 3.08, "z": 3.144},
      {"x": -0.66, "y": 3.08, "z": 3.144},
      {"x": 1.25, "y": 3.08, "z": 2.148},
      {"x": 0.66, "y": 3.08, "z": 2.148},
      {"x": -1.25, "y": 3.08, "z": 2.148},
      {"x": -0.66, "y": 3.08, "z": 2.148},
      {"x": 1.25, "y": 3.08, "z": 1.151},
      {"x": 0.66, "y": 3.08, "z": 1.151},
      {"x": -1.25, "y": 3.08, "z": 1.151},
      {"x": -0.66, "y": 3.08, "z": 1.151},
      {"x": 1.25, "y": 3.08, "z": 0.1543},
      {"x": 0.66, "y": 3.08, "z": 0.1543},
      {"x": -1.25, "y": 3.08, "z": 0.1543},
      {"x": -0.66, "y": 3.08, "z": 0.1543},
      {"x": 1.25, "y": 3.08, "z": -0.8424},
      {"x": 0.66, "y": 3.08, "z": -0.8424},
      {"x": -1.25, "y": 3.08, "z": -0.8424},
      {"x": -0.66, "y": 3.08, "z": -0.8424},
      {"x": 1.25, "y": 3.08, "z": -1.839}
    ],
    [
      {"x": 0.6, "y": 2.78, "z": 12.96},
      {"x": -0.6, "y": 2.78, "z": 12.96},
      {"x": 0.9, "y": 2.78, "z": 10.70},
      {"x": -0.9, "y": 2.78, "z": 10.70},
      {"x": 0.95, "y": 2.78, "z": 9.735},
      {"x": -0.95, "y": 2.78, "z": 9.735},
      {"x": 1.0, "y": 2.78, "z": 8.739},
      {"x": -1.0, "y": 2.78, "z": 8.739},
      {"x": 1.05, "y": 2.78, "z": 7.734},
      {"x": 0.5921, "y": 2.78, "z": 7.734},
      {"x": -1.05, "y": 2.78, "z": 7.734},
      {"x": -0.5921, "y": 2.78, "z": 7.734},
      {"x": 1.1, "y": 2.78, "z": 6.736},
      {"x": 0.64, "y": 2.78, "z": 6.736},
      {"x": -1.1, "y": 2.78, "z": 6.736},
      {"x": -0.64, "y": 2.78, "z": 6.736},
      {"x": 1.25, "y": 3.08, "z": 4.141},
      {"x": 0.66, "y": 3.08, "z": 4.141},
      {"x": -1.25, "y": 3.08, "z": 4.141},
      {"x": -0.66, "y": 3.08, "z": 4.141},
      {"x": 1.25, "y": 3.08, "z": 3.144},
      {"x": 0.66, "y": 3.08, "z": 3.144},
      {"x": -1.25, "y": 3.08, "z": 3.144},
      {"x": -0.66, "y": 3.08, "z": 3.144},
      {"x": 1.25, "y": 3.08, "z": 2.148},
      {"x": 0.66, "y": 3.08, "z": 2.148},
      {"x": -1.25, "y": 3.08, "z": 2.148},
      {"x": -0.66, "y": 3.08, "z": 2.148},
      {"x": 1.25, "y": 3.08, "z": 1.151},
      {"x": 0.66, "y": 3.08, "z": 1.151},
      {"x": -1.25, "y": 3.08, "z": 1.151},
      {"x": -0.66, "y": 3.08, "z": 1.151},
      {"x": 1.25, "y": 3.08, "z": 0.1543},
      {"x": 0.66, "y": 3.08, "z": 0.1543},
      {"x": -1.25, "y": 3.08, "z": 0.1543},
      {"x": -0.66, "y": 3.08, "z": 0.1543},
      {"x": 1.25, "y": 3.08, "z": -0.8424},
      {"x": 0.66, "y": 3.08, "z": -0.8424},
      {"x": -1.25, "y": 3.08, "z": -0.8424},
      {"x": -0.66, "y": 3.08, "z": -0.8424},
      {"x": 1.25, "y": 3.08, "z": -1.839},
      {"x": 0.66, "y": 3.08, "z": -1.839}
    ],
    [
      {"x": 0.6, "y": 2.78, "z": 12.96},
      {"x": -0.6, "y": 2.78, "z": 12.96},
      {"x": 0.9, "y": 2.78, "z": 10.70},
      {"x": -0.9, "y": 2.78, "z": 10.70},
      {"x": 0.95, "y": 2.78, "z": 9.735},
      {"x": -0.95, "y": 2.78, "z": 9.735},
      {"x": 1.0, "y": 2.78, "z": 8.739},
      {"x": -1.0, "y": 2.78, "z": 8.739},
      {"x": 1.05, "y": 2.78, "z": 7.734},
      {"x": 0.5921, "y": 2.78, "z": 7.734},
      {"x": -1.05, "y": 2.78, "z": 7.734},
      {"x": -0.5921, "y": 2.78, "z": 7.734},
      {"x": 1.1, "y": 2.78, "z": 6.736},
      {"x": 0.64, "y": 2.78, "z": 6.736},
      {"x": -1.1, "y": 2.78, "z": 6.736},
      {"x": -0.64, "y": 2.78, "z": 6.736},
      {"x": 1.25, "y": 3.08, "z": 4.141},
      {"x": 0.66, "y": 3.08, "z": 4.141},
      {"x": -1.25, "y": 3.08, "z": 4.141},
      {"x": -0.66, "y": 3.08, "z": 4.141},
      {"x": 1.25, "y": 3.08, "z": 3.144},
      {"x": 0.66, "y": 3.08, "z": 3.144},
      {"x": -1.25, "y": 3.08, "z": 3.144},
      {"x": -0.66, "y": 3.08, "z": 3.144},
      {"x": 1.25, "y": 3.08, "z": 2.148},
      {"x": 0.66, "y": 3.08, "z": 2.148},
      {"x": -1.25, "y": 3.08, "z": 2.148},
      {"x": -0.66, "y": 3.08, "z": 2.148},
      {"x": 1.25, "y": 3.08, "z": 1.151},
      {"x": 0.66, "y": 3.08, "z": 1.151},
      {"x": -1.25, "y": 3.08, "z": 1.151},
      {"x": -0.66, "y": 3.08, "z": 1.151},
      {"x": 1.25, "y": 3.08, "z": 0.1543},
      {"x": 0.66, "y": 3.08, "z": 0.1543},
      {"x": -1.25, "y": 3.08, "z": 0.1543},
      {"x": -0.66, "y": 3.08, "z": 0.1543},
      {"x": 1.25, "y": 3.08, "z": -0.8424},
      {"x": 0.66, "y": 3.08, "z": -0.8424},
      {"x": -1.25, "y": 3.08, "z": -0.8424},
      {"x": -0.66, "y": 3.08, "z": -0.8424},
      {"x": 1.25, "y": 3.08, "z": -1.839},
      {"x": 0.66, "y": 3.08, "z": -1.839},
      {"x": -1.25, "y": 3.08, "z": -1.839}
    ],
    [
      {"x": 0.6, "y": 2.78, "z": 12.96},
      {"x": -0.6, "y": 2.78, "z": 12.96},
      {"x": 0.9, "y": 2.78, "z": 10.70},
      {"x": -0.9, "y": 2.78, "z": 10.70},
      {"x": 0.95, "y": 2.78, "z": 9.735},
      {"x": -0.95, "y": 2.78, "z": 9.735},
      {"x": 1.0, "y": 2.78, "z": 8.739},
      {"x": -1.0, "y": 2.78, "z": 8.739},
      {"x": 1.05, "y": 2.78, "z": 7.734},
      {"x": 0.5921, "y": 2.78, "z": 7.734},
      {"x": -1.05, "y": 2.78, "z": 7.734},
      {"x": -0.5921, "y": 2.78, "z": 7.734},
      {"x": 1.1, "y": 2.78, "z": 6.736},
      {"x": 0.64, "y": 2.78, "z": 6.736},
      {"x": -1.1, "y": 2.78, "z": 6.736},
      {"x": -0.64, "y": 2.78, "z": 6.736},
      {"x": 1.25, "y": 3.08, "z": 4.141},
      {"x": 0.66, "y": 3.08, "z": 4.141},
      {"x": -1.25, "y": 3.08, "z": 4.141},
      {"x": -0.66, "y": 3.08, "z": 4.141},
      {"x": 1.25, "y": 3.08, "z": 3.144},
      {"x": 0.66, "y": 3.08, "z": 3.144},
      {"x": -1.25, "y": 3.08, "z": 3.144},
      {"x": -0.66, "y": 3.08, "z": 3.144},
      {"x": 1.25, "y": 3.08, "z": 2.148},
      {"x": 0.66, "y": 3.08, "z": 2.148},
      {"x": -1.25, "y": 3.08, "z": 2.148},
      {"x": -0.66, "y": 3.08, "z": 2.148},
      {"x": 1.25, "y": 3.08, "z": 1.151},
      {"x": 0.66, "y": 3.08, "z": 1.151},
      {"x": -1.25, "y": 3.08, "z": 1.151},
      {"x": -0.66, "y": 3.08, "z": 1.151},
      {"x": 1.25, "y": 3.08, "z": 0.1543},
      {"x": 0.66, "y": 3.08, "z": 0.1543},
      {"x": -1.25, "y": 3.08, "z": 0.1543},
      {"x": -0.66, "y": 3.08, "z": 0.1543},
      {"x": 1.25, "y": 3.08, "z": -0.8424},
      {"x": 0.66, "y": 3.08, "z": -0.8424},
      {"x": -1.25, "y": 3.08, "z": -0.8424},
      {"x": -0.66, "y": 3.08, "z": -0.8424},
      {"x": 1.25, "y": 3.08, "z": -1.839},
      {"x": 0.66, "y": 3.08, "z": -1.839},
      {"x": -1.25, "y": 3.08, "z": -1.839},
      {"x": -0.66, "y": 3.08, "z": -1.839}
    ],
    [
      {"x": 0.6, "y": 2.78, "z": 12.96},
      {"x": -0.6, "y": 2.78, "z": 12.96},
      {"x": 0.9, "y": 2.78, "z": 10.70},
      {"x": -0.9, "y": 2.78, "z": 10.70},
      {"x": 0.95, "y": 2.78, "z": 9.735},
      {"x": -0.95, "y": 2.78, "z": 9.735},
      {"x": 1.0, "y": 2.78, "z": 8.739},
      {"x": -1.0, "y": 2.78, "z": 8.739},
      {"x": 1.05, "y": 2.78, "z": 7.734},
      {"x": 0.5921, "y": 2.78, "z": 7.734},
      {"x": -1.05, "y": 2.78, "z": 7.734},
      {"x": -0.5921, "y": 2.78, "z": 7.734},
      {"x": 1.1, "y": 2.78, "z": 6.736},
      {"x": 0.64, "y": 2.78, "z": 6.736},
      {"x": -1.1, "y": 2.78, "z": 6.736},
      {"x": -0.64, "y": 2.78, "z": 6.736},
      {"x": 1.25, "y": 3.08, "z": 4.141},
      {"x": 0.66, "y": 3.08, "z": 4.141},
      {"x": -1.25, "y": 3.08, "z": 4.141},
      {"x": -0.66, "y": 3.08, "z": 4.141},
      {"x": 1.25, "y": 3.08, "z": 3.144},
      {"x": 0.66, "y": 3.08, "z": 3.144},
      {"x": -1.25, "y": 3.08, "z": 3.144},
      {"x": -0.66, "y": 3.08, "z": 3.144},
      {"x": 1.25, "y": 3.08, "z": 2.148},
      {"x": 0.66, "y": 3.08, "z": 2.148},
      {"x": -1.25, "y": 3.08, "z": 2.148},
      {"x": -0.66, "y": 3.08, "z": 2.148},
      {"x": 1.25, "y": 3.08, "z": 1.151},
      {"x": 0.66, "y": 3.08, "z": 1.151},
      {"x": -1.25, "y": 3.08, "z": 1.151},
      {"x": -0.66, "y": 3.08, "z": 1.151},
      {"x": 1.25, "y": 3.08, "z": 0.1543},
      {"x": 0.66, "y": 3.08, "z": 0.1543},
      {"x": -1.25, "y": 3.08, "z": 0.1543},
      {"x": -0.66, "y": 3.08, "z": 0.1543},
      {"x": 1.25, "y": 3.08, "z": -0.8424},
      {"x": 0.66, "y": 3.08, "z": -0.8424},
      {"x": -1.25, "y": 3.08, "z": -0.8424},
      {"x": -0.66, "y": 3.08, "z": -0.8424},
      {"x": 1.25, "y": 3.08, "z": -1.839},
      {"x": 0.66, "y": 3.08, "z": -1.839},
      {"x": -1.25, "y": 3.08, "z": -1.839},
      {"x": -0.66, "y": 3.08, "z": -1.839},
      {"x": 1.25, "y": 3.08, "z": -3.031}
    ],
    [
      {"x": 0.6, "y": 2.78, "z": 12.96},
      {"x": -0.6, "y": 2.78, "z": 12.96},
      {"x": 0.9, "y": 2.78, "z": 10.70},
      {"x": -0.9, "y": 2.78, "z": 10.70},
      {"x": 0.95, "y": 2.78, "z": 9.735},
      {"x": -0.95, "y": 2.78, "z": 9.735},
      {"x": 1.0, "y": 2.78, "z": 8.739},
      {"x": -1.0, "y": 2.78, "z": 8.739},
      {"x": 1.05, "y": 2.78, "z": 7.734},
      {"x": 0.5921, "y": 2.78, "z": 7.734},
      {"x": -1.05, "y": 2.78, "z": 7.734},
      {"x": -0.5921, "y": 2.78, "z": 7.734},
      {"x": 1.1, "y": 2.78, "z": 6.736},
      {"x": 0.64, "y": 2.78, "z": 6.736},
      {"x": -1.1, "y": 2.78, "z": 6.736},
      {"x": -0.64, "y": 2.78, "z": 6.736},
      {"x": 1.25, "y": 3.08, "z": 4.141},
      {"x": 0.66, "y": 3.08, "z": 4.141},
      {"x": -1.25, "y": 3.08, "z": 4.141},
      {"x": -0.66, "y": 3.08, "z": 4.141},
      {"x": 1.25, "y": 3.08, "z": 3.144},
      {"x": 0.66, "y": 3.08, "z": 3.144},
      {"x": -1.25, "y": 3.08, "z": 3.144},
      {"x": -0.66, "y": 3.08, "z": 3.144},
      {"x": 1.25, "y": 3.08, "z": 2.148},
      {"x": 0.66, "y": 3.08, "z": 2.148},
      {"x": -1.25, "y": 3.08, "z": 2.148},
      {"x": -0.66, "y": 3.08, "z": 2.148},
      {"x": 1.25, "y": 3.08, "z": 1.151},
      {"x": 0.66, "y": 3.08, "z": 1.151},
      {"x": -1.25, "y": 3.08, "z": 1.151},
      {"x": -0.66, "y": 3.08, "z": 1.151},
      {"x": 1.25, "y": 3.08, "z": 0.1543},
      {"x": 0.66, "y": 3.08, "z": 0.1543},
      {"x": -1.25, "y": 3.08, "z": 0.1543},
      {"x": -0.66, "y": 3.08, "z": 0.1543},
      {"x": 1.25, "y": 3.08, "z": -0.8424},
      {"x": 0.66, "y": 3.08, "z": -0.8424},
      {"x": -1.25, "y": 3.08, "z": -0.8424},
      {"x": -0.66, "y": 3.08, "z": -0.8424},
      {"x": 1.25, "y": 3.08, "z": -1.839},
      {"x": 0.66, "y": 3.08, "z": -1.839},
      {"x": -1.25, "y": 3.08, "z": -1.839},
      {"x": -0.66, "y": 3.08, "z": -1.839},
      {"x": 1.25, "y": 3.08, "z": -3.031},
      {"x": 0.66, "y": 3.08, "z": -3.031}
    ],
    [
      {"x": 0.6, "y": 2.78, "z": 12.96},
      {"x": -0.6, "y": 2.78, "z": 12.96},
      {"x": 0.9, "y": 2.78, "z": 10.70},
      {"x": -0.9, "y": 2.78, "z": 10.70},
      {"x": 0.95, "y": 2.78, "z": 9.735},
      {"x": -0.95, "y": 2.78, "z": 9.735},
      {"x": 1.0, "y": 2.78, "z": 8.739},
      {"x": -1.0, "y": 2.78, "z": 8.739},
      {"x": 1.05, "y": 2.78, "z": 7.734},
      {"x": 0.5921, "y": 2.78, "z": 7.734},
      {"x": -1.05, "y": 2.78, "z": 7.734},
      {"x": -0.5921, "y": 2.78, "z": 7.734},
      {"x": 1.1, "y": 2.78, "z": 6.736},
      {"x": 0.64, "y": 2.78, "z": 6.736},
      {"x": -1.1, "y": 2.78, "z": 6.736},
      {"x": -0.64, "y": 2.78, "z": 6.736},
      {"x": 1.25, "y": 3.08, "z": 4.141},
      {"x": 0.66, "y": 3.08, "z": 4.141},
      {"x": -1.25, "y": 3.08, "z": 4.141},
      {"x": -0.66, "y": 3.08, "z": 4.141},
      {"x": 1.25, "y": 3.08, "z": 3.144},
      {"x": 0.66, "y": 3.08, "z": 3.144},
      {"x": -1.25, "y": 3.08, "z": 3.144},
      {"x": -0.66, "y": 3.08, "z": 3.144},
      {"x": 1.25, "y": 3.08, "z": 2.148},
      {"x": 0.66, "y": 3.08, "z": 2.148},
      {"x": -1.25, "y": 3.08, "z": 2.148},
      {"x": -0.66, "y": 3.08, "z": 2.148},
      {"x": 1.25, "y": 3.08, "z": 1.151},
      {"x": 0.66, "y": 3.08, "z": 1.151},
      {"x": -1.25, "y": 3.08, "z": 1.151},
      {"x": -0.66, "y": 3.08, "z": 1.151},
      {"x": 1.25, "y": 3.08, "z": 0.1543},
      {"x": 0.66, "y": 3.08, "z": 0.1543},
      {"x": -1.25, "y": 3.08, "z": 0.1543},
      {"x": -0.66, "y": 3.08, "z": 0.1543},
      {"x": 1.25, "y": 3.08, "z": -0.8424},
      {"x": 0.66, "y": 3.08, "z": -0.8424},
      {"x": -1.25, "y": 3.08, "z": -0.8424},
      {"x": -0.66, "y": 3.08, "z": -0.8424},
      {"x": 1.25, "y": 3.08, "z": -1.839},
      {"x": 0.66, "y": 3.08, "z": -1.839},
      {"x": -1.25, "y": 3.08, "z": -1.839},
      {"x": -0.66, "y": 3.08, "z": -1.839},
      {"x": 1.25, "y": 3.08, "z": -3.031},
      {"x": 0.66, "y": 3.08, "z": -3.031},
      {"x": -1.25, "y": 3.08, "z": -3.031}
    ],
    [
      {"x": 0.6, "y": 2.78, "z": 12.96},
      {"x": -0.6, "y": 2.78, "z": 12.96},
      {"x": 0.9, "y": 2.78, "z": 10.70},
      {"x": -0.9, "y": 2.78, "z": 10.70},
      {"x": 0.95, "y": 2.78, "z": 9.735},
      {"x": -0.95, "y": 2.78, "z": 9.735},
      {"x": 1.0, "y": 2.78, "z": 8.739},
      {"x": -1.0, "y": 2.78, "z": 8.739},
      {"x": 1.05, "y": 2.78, "z": 7.734},
      {"x": 0.5921, "y": 2.78, "z": 7.734},
      {"x": -1.05, "y": 2.78, "z": 7.734},
      {"x": -0.5921, "y": 2.78, "z": 7.734},
      {"x": 1.1, "y": 2.78, "z": 6.736},
      {"x": 0.64, "y": 2.78, "z": 6.736},
      {"x": -1.1, "y": 2.78, "z": 6.736},
      {"x": -0.64, "y": 2.78, "z": 6.736},
      {"x": 1.25, "y": 3.08, "z": 4.141},
      {"x": 0.66, "y": 3.08, "z": 4.141},
      {"x": -1.25, "y": 3.08, "z": 4.141},
      {"x": -0.66, "y": 3.08, "z": 4.141},
      {"x": 1.25, "y": 3.08, "z": 3.144},
      {"x": 0.66, "y": 3.08, "z": 3.144},
      {"x": -1.25, "y": 3.08, "z": 3.144},
      {"x": -0.66, "y": 3.08, "z": 3.144},
      {"x": 1.25, "y": 3.08, "z": 2.148},
      {"x": 0.66, "y": 3.08, "z": 2.148},
      {"x": -1.25, "y": 3.08, "z": 2.148},
      {"x": -0.66, "y": 3.08, "z": 2.148},
      {"x": 1.25, "y": 3.08, "z": 1.151},
      {"x": 0.66, "y": 3.08, "z": 1.151},
      {"x": -1.25, "y": 3.08, "z": 1.151},
      {"x": -0.66, "y": 3.08, "z": 1.151},
      {"x": 1.25, "y": 3.08, "z": 0.1543},
      {"x": 0.66, "y": 3.08, "z": 0.1543},
      {"x": -1.25, "y": 3.08, "z": 0.1543},
      {"x": -0.66, "y": 3.08, "z": 0.1543},
      {"x": 1.25, "y": 3.08, "z": -0.8424},
      {"x": 0.66, "y": 3.08, "z": -0.8424},
      {"x": -1.25, "y": 3.08, "z": -0.8424},
      {"x": -0.66, "y": 3.08, "z": -0.8424},
      {"x": 1.25, "y": 3.08, "z": -1.839},
      {"x": 0.66, "y": 3.08, "z": -1.839},
      {"x": -1.25, "y": 3.08, "z": -1.839},
      {"x": -0.66, "y": 3.08, "z": -1.839},
      {"x": 1.25, "y": 3.08, "z": -3.031},
      {"x": 0.66, "y": 3.08, "z": -3.031},
      {"x": -1.25, "y": 3.08, "z": -3.031},
      {"x": -0.66, "y": 3.08, "z": -3.031}
    ],
    [
      {"x": 0.6, "y": 2.78, "z": 12.96},
      {"x": -0.6, "y": 2.78, "z": 12.96},
      {"x": 0.9, "y": 2.78, "z": 10.70},
      {"x": -0.9, "y": 2.78, "z": 10.70},
      {"x": 0.95, "y": 2.78, "z": 9.735},
      {"x": -0.95, "y": 2.78, "z": 9.735},
      {"x": 1.0, "y": 2.78, "z": 8.739},
      {"x": -1.0, "y": 2.78, "z": 8.739},
      {"x": 1.05, "y": 2.78, "z": 7.734},
      {"x": 0.5921, "y": 2.78, "z": 7.734},
      {"x": -1.05, "y": 2.78, "z": 7.734},
      {"x": -0.5921, "y": 2.78, "z": 7.734},
      {"x": 1.1, "y": 2.78, "z": 6.736},
      {"x": 0.64, "y": 2.78, "z": 6.736},
      {"x": -1.1, "y": 2.78, "z": 6.736},
      {"x": -0.64, "y": 2.78, "z": 6.736},
      {"x": 1.25, "y": 3.08, "z": 4.141},
      {"x": 0.66, "y": 3.08, "z": 4.141},
      {"x": -1.25, "y": 3.08, "z": 4.141},
      {"x": -0.66, "y": 3.08, "z": 4.141},
      {"x": 1.25, "y": 3.08, "z": 3.144},
      {"x": 0.66, "y": 3.08, "z": 3.144},
      {"x": -1.25, "y": 3.08, "z": 3.144},
      {"x": -0.66, "y": 3.08, "z": 3.144},
      {"x": 1.25, "y": 3.08, "z": 2.148},
      {"x": 0.66, "y": 3.08, "z": 2.148},
      {"x": -1.25, "y": 3.08, "z": 2.148},
      {"x": -0.66, "y": 3.08, "z": 2.148},
      {"x": 1.25, "y": 3.08, "z": 1.151},
      {"x": 0.66, "y": 3.08, "z": 1.151},
      {"x": -1.25, "y": 3.08, "z": 1.151},
      {"x": -0.66, "y": 3.08, "z": 1.151},
      {"x": 1.25, "y": 3.08, "z": 0.1543},
      {"x": 0.66, "y": 3.08, "z": 0.1543},
      {"x": -1.25, "y": 3.08, "z": 0.1543},
      {"x": -0.66, "y": 3.08, "z": 0.1543},
      {"x": 1.25, "y": 3.08, "z": -0.8424},
      {"x": 0.66, "y": 3.08, "z": -0.8424},
      {"x": -1.25, "y": 3.08, "z": -0.8424},
      {"x": -0.66, "y": 3.08, "z": -0.8424},
      {"x": 1.25, "y": 3.08, "z": -1.839},
      {"x": 0.66, "y": 3.08, "z": -1.839},
      {"x": -1.25, "y": 3.08, "z": -1.839},
      {"x": -0.66, "y": 3.08, "z": -1.839},
      {"x": 1.25, "y": 3.08, "z": -3.031},
      {"x": 0.66, "y": 3.08, "z": -3.031},
      {"x": -1.25, "y": 3.08, "z": -3.031},
      {"x": -0.66, "y": 3.08, "z": -3.031},
      {"x": 1.25, "y": 3.08, "z": -4.153}
    ],
    [
      {"x": 0.6, "y": 2.78, "z": 12.96},
      {"x": -0.6, "y": 2.78, "z": 12.96},
      {"x": 0.9, "y": 2.78, "z": 10.70},
      {"x": -0.9, "y": 2.78, "z": 10.70},
      {"x": 0.95, "y": 2.78, "z": 9.735},
      {"x": -0.95, "y": 2.78, "z": 9.735},
      {"x": 1.0, "y": 2.78, "z": 8.739},
      {"x": -1.0, "y": 2.78, "z": 8.739},
      {"x": 1.05, "y": 2.78, "z": 7.734},
      {"x": 0.5921, "y": 2.78, "z": 7.734},
      {"x": -1.05, "y": 2.78, "z": 7.734},
      {"x": -0.5921, "y": 2.78, "z": 7.734},
      {"x": 1.1, "y": 2.78, "z": 6.736},
      {"x": 0.64, "y": 2.78, "z": 6.736},
      {"x": -1.1, "y": 2.78, "z": 6.736},
      {"x": -0.64, "y": 2.78, "z": 6.736},
      {"x": 1.25, "y": 3.08, "z": 4.141},
      {"x": 0.66, "y": 3.08, "z": 4.141},
      {"x": -1.25, "y": 3.08, "z": 4.141},
      {"x": -0.66, "y": 3.08, "z": 4.141},
      {"x": 1.25, "y": 3.08, "z": 3.144},
      {"x": 0.66, "y": 3.08, "z": 3.144},
      {"x": -1.25, "y": 3.08, "z": 3.144},
      {"x": -0.66, "y": 3.08, "z": 3.144},
      {"x": 1.25, "y": 3.08, "z": 2.148},
      {"x": 0.66, "y": 3.08, "z": 2.148},
      {"x": -1.25, "y": 3.08, "z": 2.148},
      {"x": -0.66, "y": 3.08, "z": 2.148},
      {"x": 1.25, "y": 3.08, "z": 1.151},
      {"x": 0.66, "y": 3.08, "z": 1.151},
      {"x": -1.25, "y": 3.08, "z": 1.151},
      {"x": -0.66, "y": 3.08, "z": 1.151},
      {"x": 1.25, "y": 3.08, "z": 0.1543},
      {"x": 0.66, "y": 3.08, "z": 0.1543},
      {"x": -1.25, "y": 3.08, "z": 0.1543},
      {"x": -0.66, "y": 3.08, "z": 0.1543},
      {"x": 1.25, "y": 3.08, "z": -0.8424},
      {"x": 0.66, "y": 3.08, "z": -0.8424},
      {"x": -1.25, "y": 3.08, "z": -0.8424},
      {"x": -0.66, "y": 3.08, "z": -0.8424},
      {"x": 1.25, "y": 3.08, "z": -1.839},
      {"x": 0.66, "y": 3.08, "z": -1.839},
      {"x": -1.25, "y": 3.08, "z": -1.839},
      {"x": -0.66, "y": 3.08, "z": -1.839},
      {"x": 1.25, "y": 3.08, "z": -3.031},
      {"x": 0.66, "y": 3.08, "z": -3.031},
      {"x": -1.25, "y": 3.08, "z": -3.031},
      {"x": -0.66, "y": 3.08, "z": -3.031},
      {"x": 1.25, "y": 3.08, "z": -4.153},
      {"x": 0.66, "y": 3.08, "z": -4.153}
    ],
    [
      {"x": 0.6, "y": 2.78, "z": 12.96},
      {"x": -0.6, "y": 2.78, "z": 12.96},
      {"x": 0.9, "y": 2.78, "z": 10.70},
      {"x": -0.9, "y": 2.78, "z": 10.70},
      {"x": 0.95, "y": 2.78, "z": 9.735},
      {"x": -0.95, "y": 2.78, "z": 9.735},
      {"x": 1.0, "y": 2.78, "z": 8.739},
      {"x": -1.0, "y": 2.78, "z": 8.739},
      {"x": 1.05, "y": 2.78, "z": 7.734},
      {"x": 0.5921, "y": 2.78, "z": 7.734},
      {"x": -1.05, "y": 2.78, "z": 7.734},
      {"x": -0.5921, "y": 2.78, "z": 7.734},
      {"x": 1.1, "y": 2.78, "z": 6.736},
      {"x": 0.64, "y": 2.78, "z": 6.736},
      {"x": -1.1, "y": 2.78, "z": 6.736},
      {"x": -0.64, "y": 2.78, "z": 6.736},
      {"x": 1.25, "y": 3.08, "z": 4.141},
      {"x": 0.66, "y": 3.08, "z": 4.141},
      {"x": -1.25, "y": 3.08, "z": 4.141},
      {"x": -0.66, "y": 3.08, "z": 4.141},
      {"x": 1.25, "y": 3.08, "z": 3.144},
      {"x": 0.66, "y": 3.08, "z": 3.144},
      {"x": -1.25, "y": 3.08, "z": 3.144},
      {"x": -0.66, "y": 3.08, "z": 3.144},
      {"x": 1.25, "y": 3.08, "z": 2.148},
      {"x": 0.66, "y": 3.08, "z": 2.148},
      {"x": -1.25, "y": 3.08, "z": 2.148},
      {"x": -0.66, "y": 3.08, "z": 2.148},
      {"x": 1.25, "y": 3.08, "z": 1.151},
      {"x": 0.66, "y": 3.08, "z": 1.151},
      {"x": -1.25, "y": 3.08, "z": 1.151},
      {"x": -0.66, "y": 3.08, "z": 1.151},
      {"x": 1.25, "y": 3.08, "z": 0.1543},
      {"x": 0.66, "y": 3.08, "z": 0.1543},
      {"x": -1.25, "y": 3.08, "z": 0.1543},
      {"x": -0.66, "y": 3.08, "z": 0.1543},
      {"x": 1.25, "y": 3.08, "z": -0.8424},
      {"x": 0.66, "y": 3.08, "z": -0.8424},
      {"x": -1.25, "y": 3.08, "z": -0.8424},
      {"x": -0.66, "y": 3.08, "z": -0.8424},
      {"x": 1.25, "y": 3.08, "z": -1.839},
      {"x": 0.66, "y": 3.08, "z": -1.839},
      {"x": -1.25, "y": 3.08, "z": -1.839},
      {"x": -0.66, "y": 3.08, "z": -1.839},
      {"x": 1.25, "y": 3.08, "z": -3.031},
      {"x": 0.66, "y": 3.08, "z": -3.031},
      {"x": -1.25, "y": 3.08, "z": -3.031},
      {"x": -0.66, "y": 3.08, "z": -3.031},
      {"x": 1.25, "y": 3.08, "z": -4.153},
      {"x": 0.66, "y": 3.08, "z": -4.153},
      {"x": -1.25, "y": 3.08, "z": -4.153}
    ],
    [
      {"x": 0.6, "y": 2.78, "z": 12.96},
      {"x": -0.6, "y": 2.78, "z": 12.96},
      {"x": 0.9, "y": 2.78, "z": 10.70},
      {"x": -0.9, "y": 2.78, "z": 10.70},
      {"x": 0.95, "y": 2.78, "z": 9.735},
      {"x": -0.95, "y": 2.78, "z": 9.735},
      {"x": 1.0, "y": 2.78, "z": 8.739},
      {"x": -1.0, "y": 2.78, "z": 8.739},
      {"x": 1.05, "y": 2.78, "z": 7.734},
      {"x": 0.5921, "y": 2.78, "z": 7.734},
      {"x": -1.05, "y": 2.78, "z": 7.734},
      {"x": -0.5921, "y": 2.78, "z": 7.734},
      {"x": 1.1, "y": 2.78, "z": 6.736},
      {"x": 0.64, "y": 2.78, "z": 6.736},
      {"x": -1.1, "y": 2.78, "z": 6.736},
      {"x": -0.64, "y": 2.78, "z": 6.736},
      {"x": 1.25, "y": 3.08, "z": 4.141},
      {"x": 0.66, "y": 3.08, "z": 4.141},
      {"x": -1.25, "y": 3.08, "z": 4.141},
      {"x": -0.66, "y": 3.08, "z": 4.141},
      {"x": 1.25, "y": 3.08, "z": 3.144},
      {"x": 0.66, "y": 3.08, "z": 3.144},
      {"x": -1.25, "y": 3.08, "z": 3.144},
      {"x": -0.66, "y": 3.08, "z": 3.144},
      {"x": 1.25, "y": 3.08, "z": 2.148},
      {"x": 0.66, "y": 3.08, "z": 2.148},
      {"x": -1.25, "y": 3.08, "z": 2.148},
      {"x": -0.66, "y": 3.08, "z": 2.148},
      {"x": 1.25, "y": 3.08, "z": 1.151},
      {"x": 0.66, "y": 3.08, "z": 1.151},
      {"x": -1.25, "y": 3.08, "z": 1.151},
      {"x": -0.66, "y": 3.08, "z": 1.151},
      {"x": 1.25, "y": 3.08, "z": 0.1543},
      {"x": 0.66, "y": 3.08, "z": 0.1543},
      {"x": -1.25, "y": 3.08, "z": 0.1543},
      {"x": -0.66, "y": 3.08, "z": 0.1543},
      {"x": 1.25, "y": 3.08, "z": -0.8424},
      {"x": 0.66, "y": 3.08, "z": -0.8424},
      {"x": -1.25, "y": 3.08, "z": -0.8424},
      {"x": -0.66, "y": 3.08, "z": -0.8424},
      {"x": 1.25, "y": 3.08, "z": -1.839},
      {"x": 0.66, "y": 3.08, "z": -1.839},
      {"x": -1.25, "y": 3.08, "z": -1.839},
      {"x": -0.66, "y": 3.08, "z": -1.839},
      {"x": 1.25, "y": 3.08, "z": -3.031},
      {"x": 0.66, "y": 3.08, "z": -3.031},
      {"x": -1.25, "y": 3.08, "z": -3.031},
      {"x": -0.66, "y": 3.08, "z": -3.031},
      {"x": 1.25, "y": 3.08, "z": -4.153},
      {"x": 0.66, "y": 3.08, "z": -4.153},
      {"x": -1.25, "y": 3.08, "z": -4.153},
      {"x": -0.66, "y": 3.08, "z": -4.153}
    ],
    [
      {"x": 0.6, "y": 2.78, "z": 12.96},
      {"x": -0.6, "y": 2.78, "z": 12.96},
      {"x": 0.9, "y": 2.78, "z": 10.70},
      {"x": -0.9, "y": 2.78, "z": 10.70},
      {"x": 0.95, "y": 2.78, "z": 9.735},
      {"x": -0.95, "y": 2.78, "z": 9.735},
      {"x": 1.0, "y": 2.78, "z": 8.739},
      {"x": -1.0, "y": 2.78, "z": 8.739},
      {"x": 1.05, "y": 2.78, "z": 7.734},
      {"x": 0.5921, "y": 2.78, "z": 7.734},
      {"x": -1.05, "y": 2.78, "z": 7.734},
      {"x": -0.5921, "y": 2.78, "z": 7.734},
      {"x": 1.1, "y": 2.78, "z": 6.736},
      {"x": 0.64, "y": 2.78, "z": 6.736},
      {"x": -1.1, "y": 2.78, "z": 6.736},
      {"x": -0.64, "y": 2.78, "z": 6.736},
      {"x": 1.25, "y": 3.08, "z": 4.141},
      {"x": 0.66, "y": 3.08, "z": 4.141},
      {"x": -1.25, "y": 3.08, "z": 4.141},
      {"x": -0.66, "y": 3.08, "z": 4.141},
      {"x": 1.25, "y": 3.08, "z": 3.144},
      {"x": 0.66, "y": 3.08, "z": 3.144},
      {"x": -1.25, "y": 3.08, "z": 3.144},
      {"x": -0.66, "y": 3.08, "z": 3.144},
      {"x": 1.25, "y": 3.08, "z": 2.148},
      {"x": 0.66, "y": 3.08, "z": 2.148},
      {"x": -1.25, "y": 3.08, "z": 2.148},
      {"x": -0.66, "y": 3.08, "z": 2.148},
      {"x": 1.25, "y": 3.08, "z": 1.151},
      {"x": 0.66, "y": 3.08, "z": 1.151},
      {"x": -1.25, "y": 3.08, "z": 1.151},
      {"x": -0.66, "y": 3.08, "z": 1.151},
      {"x": 1.25, "y": 3.08, "z": 0.1543},
      {"x": 0.66, "y": 3.08, "z": 0.1543},
      {"x": -1.25, "y": 3.08, "z": 0.1543},
      {"x": -0.66, "y": 3.08, "z": 0.1543},
      {"x": 1.25, "y": 3.08, "z": -0.8424},
      {"x": 0.66, "y": 3.08, "z": -0.8424},
      {"x": -1.25, "y": 3.08, "z": -0.8424},
      {"x": -0.66, "y": 3.08, "z": -0.8424},
      {"x": 1.25, "y": 3.08, "z": -1.839},
      {"x": 0.66, "y": 3.08, "z": -1.839},
      {"x": -1.25, "y": 3.08, "z": -1.839},
      {"x": -0.66, "y": 3.08, "z": -1.839},
      {"x": 1.25, "y": 3.08, "z": -3.031},
      {"x": 0.66, "y": 3.08, "z": -3.031},
      {"x": -1.25, "y": 3.08, "z": -3.031},
      {"x": -0.66, "y": 3.08, "z": -3.031},
      {"x": 1.25, "y": 3.08, "z": -4.153},
      {"x": 0.66, "y": 3.08, "z": -4.153},
      {"x": -1.25, "y": 3.08, "z": -4.153},
      {"x": -0.66, "y": 3.08, "z": -4.153},
      {"x": 1.22, "y": 3.08, "z": -5.283}
    ],
    [
      {"x": 0.6, "y": 2.78, "z": 12.96},
      {"x": -0.6, "y": 2.78, "z": 12.96},
      {"x": 0.9, "y": 2.78, "z": 10.70},
      {"x": -0.9, "y": 2.78, "z": 10.70},
      {"x": 0.95, "y": 2.78, "z": 9.735},
      {"x": -0.95, "y": 2.78, "z": 9.735},
      {"x": 1.0, "y": 2.78, "z": 8.739},
      {"x": -1.0, "y": 2.78, "z": 8.739},
      {"x": 1.05, "y": 2.78, "z": 7.734},
      {"x": 0.5921, "y": 2.78, "z": 7.734},
      {"x": -1.05, "y": 2.78, "z": 7.734},
      {"x": -0.5921, "y": 2.78, "z": 7.734},
      {"x": 1.1, "y": 2.78, "z": 6.736},
      {"x": 0.64, "y": 2.78, "z": 6.736},
      {"x": -1.1, "y": 2.78, "z": 6.736},
      {"x": -0.64, "y": 2.78, "z": 6.736},
      {"x": 1.25, "y": 3.08, "z": 4.141},
      {"x": 0.66, "y": 3.08, "z": 4.141},
      {"x": -1.25, "y": 3.08, "z": 4.141},
      {"x": -0.66, "y": 3.08, "z": 4.141},
      {"x": 1.25, "y": 3.08, "z": 3.144},
      {"x": 0.66, "y": 3.08, "z": 3.144},
      {"x": -1.25, "y": 3.08, "z": 3.144},
      {"x": -0.66, "y": 3.08, "z": 3.144},
      {"x": 1.25, "y": 3.08, "z": 2.148},
      {"x": 0.66, "y": 3.08, "z": 2.148},
      {"x": -1.25, "y": 3.08, "z": 2.148},
      {"x": -0.66, "y": 3.08, "z": 2.148},
      {"x": 1.25, "y": 3.08, "z": 1.151},
      {"x": 0.66, "y": 3.08, "z": 1.151},
      {"x": -1.25, "y": 3.08, "z": 1.151},
      {"x": -0.66, "y": 3.08, "z": 1.151},
      {"x": 1.25, "y": 3.08, "z": 0.1543},
      {"x": 0.66, "y": 3.08, "z": 0.1543},
      {"x": -1.25, "y": 3.08, "z": 0.1543},
      {"x": -0.66, "y": 3.08, "z": 0.1543},
      {"x": 1.25, "y": 3.08, "z": -0.8424},
      {"x": 0.66, "y": 3.08, "z": -0.8424},
      {"x": -1.25, "y": 3.08, "z": -0.8424},
      {"x": -0.66, "y": 3.08, "z": -0.8424},
      {"x": 1.25, "y": 3.08, "z": -1.839},
      {"x": 0.66, "y": 3.08, "z": -1.839},
      {"x": -1.25, "y": 3.08, "z": -1.839},
      {"x": -0.66, "y": 3.08, "z": -1.839},
      {"x": 1.25, "y": 3.08, "z": -3.031},
      {"x": 0.66, "y": 3.08, "z": -3.031},
      {"x": -1.25, "y": 3.08, "z": -3.031},
      {"x": -0.66, "y": 3.08, "z": -3.031},
      {"x": 1.25, "y": 3.08, "z": -4.153},
      {"x": 0.66, "y": 3.08, "z": -4.153},
      {"x": -1.25, "y": 3.08, "z": -4.153},
      {"x": -0.66, "y": 3.08, "z": -4.153},
      {"x": 1.22, "y": 3.08, "z": -5.283},
      {"x": 0.64, "y": 3.08, "z": -5.283}
    ],
    [
      {"x": 0.6, "y": 2.78, "z": 12.96},
      {"x": -0.6, "y": 2.78, "z": 12.96},
      {"x": 0.9, "y": 2.78, "z": 10.70},
      {"x": -0.9, "y": 2.78, "z": 10.70},
      {"x": 0.95, "y": 2.78, "z": 9.735},
      {"x": -0.95, "y": 2.78, "z": 9.735},
      {"x": 1.0, "y": 2.78, "z": 8.739},
      {"x": -1.0, "y": 2.78, "z": 8.739},
      {"x": 1.05, "y": 2.78, "z": 7.734},
      {"x": 0.5921, "y": 2.78, "z": 7.734},
      {"x": -1.05, "y": 2.78, "z": 7.734},
      {"x": -0.5921, "y": 2.78, "z": 7.734},
      {"x": 1.1, "y": 2.78, "z": 6.736},
      {"x": 0.64, "y": 2.78, "z": 6.736},
      {"x": -1.1, "y": 2.78, "z": 6.736},
      {"x": -0.64, "y": 2.78, "z": 6.736},
      {"x": 1.25, "y": 3.08, "z": 4.141},
      {"x": 0.66, "y": 3.08, "z": 4.141},
      {"x": -1.25, "y": 3.08, "z": 4.141},
      {"x": -0.66, "y": 3.08, "z": 4.141},
      {"x": 1.25, "y": 3.08, "z": 3.144},
      {"x": 0.66, "y": 3.08, "z": 3.144},
      {"x": -1.25, "y": 3.08, "z": 3.144},
      {"x": -0.66, "y": 3.08, "z": 3.144},
      {"x": 1.25, "y": 3.08, "z": 2.148},
      {"x": 0.66, "y": 3.08, "z": 2.148},
      {"x": -1.25, "y": 3.08, "z": 2.148},
      {"x": -0.66, "y": 3.08, "z": 2.148},
      {"x": 1.25, "y": 3.08, "z": 1.151},
      {"x": 0.66, "y": 3.08, "z": 1.151},
      {"x": -1.25, "y": 3.08, "z": 1.151},
      {"x": -0.66, "y": 3.08, "z": 1.151},
      {"x": 1.25, "y": 3.08, "z": 0.1543},
      {"x": 0.66, "y": 3.08, "z": 0.1543},
      {"x": -1.25, "y": 3.08, "z": 0.1543},
      {"x": -0.66, "y": 3.08, "z": 0.1543},
      {"x": 1.25, "y": 3.08, "z": -0.8424},
      {"x": 0.66, "y": 3.08, "z": -0.8424},
      {"x": -1.25, "y": 3.08, "z": -0.8424},
      {"x": -0.66, "y": 3.08, "z": -0.8424},
      {"x": 1.25, "y": 3.08, "z": -1.839},
      {"x": 0.66, "y": 3.08, "z": -1.839},
      {"x": -1.25, "y": 3.08, "z": -1.839},
      {"x": -0.66, "y": 3.08, "z": -1.839},
      {"x": 1.25, "y": 3.08, "z": -3.031},
      {"x": 0.66, "y": 3.08, "z": -3.031},
      {"x": -1.25, "y": 3.08, "z": -3.031},
      {"x": -0.66, "y": 3.08, "z": -3.031},
      {"x": 1.25, "y": 3.08, "z": -4.153},
      {"x": 0.66, "y": 3.08, "z": -4.153},
      {"x": -1.25, "y": 3.08, "z": -4.153},
      {"x": -0.66, "y": 3.08, "z": -4.153},
      {"x": 1.22, "y": 3.08, "z": -5.283},
      {"x": 0.64, "y": 3.08, "z": -5.283},
      {"x": -1.22, "y": 3.08, "z": -5.283}
    ],
    [
      {"x": 0.6, "y": 2.78, "z": 12.96},
      {"x": -0.6, "y": 2.78, "z": 12.96},
      {"x": 0.9, "y": 2.78, "z": 10.70},
      {"x": -0.9, "y": 2.78, "z": 10.70},
      {"x": 0.95, "y": 2.78, "z": 9.735},
      {"x": -0.95, "y": 2.78, "z": 9.735},
      {"x": 1.0, "y": 2.78, "z": 8.739},
      {"x": -1.0, "y": 2.78, "z": 8.739},
      {"x": 1.05, "y": 2.78, "z": 7.734},
      {"x": 0.5921, "y": 2.78, "z": 7.734},
      {"x": -1.05, "y": 2.78, "z": 7.734},
      {"x": -0.5921, "y": 2.78, "z": 7.734},
      {"x": 1.1, "y": 2.78, "z": 6.736},
      {"x": 0.64, "y": 2.78, "z": 6.736},
      {"x": -1.1, "y": 2.78, "z": 6.736},
      {"x": -0.64, "y": 2.78, "z": 6.736},
      {"x": 1.25, "y": 3.08, "z": 4.141},
      {"x": 0.66, "y": 3.08, "z": 4.141},
      {"x": -1.25, "y": 3.08, "z": 4.141},
      {"x": -0.66, "y": 3.08, "z": 4.141},
      {"x": 1.25, "y": 3.08, "z": 3.144},
      {"x": 0.66, "y": 3.08, "z": 3.144},
      {"x": -1.25, "y": 3.08, "z": 3.144},
      {"x": -0.66, "y": 3.08, "z": 3.144},
      {"x": 1.25, "y": 3.08, "z": 2.148},
      {"x": 0.66, "y": 3.08, "z": 2.148},
      {"x": -1.25, "y": 3.08, "z": 2.148},
      {"x": -0.66, "y": 3.08, "z": 2.148},
      {"x": 1.25, "y": 3.08, "z": 1.151},
      {"x": 0.66, "y": 3.08, "z": 1.151},
      {"x": -1.25, "y": 3.08, "z": 1.151},
      {"x": -0.66, "y": 3.08, "z": 1.151},
      {"x": 1.25, "y": 3.08, "z": 0.1543},
      {"x": 0.66, "y": 3.08, "z": 0.1543},
      {"x": -1.25, "y": 3.08, "z": 0.1543},
      {"x": -0.66, "y": 3.08, "z": 0.1543},
      {"x": 1.25, "y": 3.08, "z": -0.8424},
      {"x": 0.66, "y": 3.08, "z": -0.8424},
      {"x": -1.25, "y": 3.08, "z": -0.8424},
      {"x": -0.66, "y": 3.08, "z": -0.8424},
      {"x": 1.25, "y": 3.08, "z": -1.839},
      {"x": 0.66, "y": 3.08, "z": -1.839},
      {"x": -1.25, "y": 3.08, "z": -1.839},
      {"x": -0.66, "y": 3.08, "z": -1.839},
      {"x": 1.25, "y": 3.08, "z": -3.031},
      {"x": 0.66, "y": 3.08, "z": -3.031},
      {"x": -1.25, "y": 3.08, "z": -3.031},
      {"x": -0.66, "y": 3.08, "z": -3.031},
      {"x": 1.25, "y": 3.08, "z": -4.153},
      {"x": 0.66, "y": 3.08, "z": -4.153},
      {"x": -1.25, "y": 3.08, "z": -4.153},
      {"x": -0.66, "y": 3.08, "z": -4.153},
      {"x": 1.22, "y": 3.08, "z": -5.283},
      {"x": 0.64, "y": 3.08, "z": -5.283},
      {"x": -1.22, "y": 3.08, "z": -5.283},
      {"x": -0.64, "y": 3.08, "z": -5.283}
    ],
    [
      {"x": 0.6, "y": 2.78, "z": 12.96},
      {"x": -0.6, "y": 2.78, "z": 12.96},
      {"x": 0.9, "y": 2.78, "z": 10.70},
      {"x": -0.9, "y": 2.78, "z": 10.70},
      {"x": 0.95, "y": 2.78, "z": 9.735},
      {"x": -0.95, "y": 2.78, "z": 9.735},
      {"x": 1.0, "y": 2.78, "z": 8.739},
      {"x": -1.0, "y": 2.78, "z": 8.739},
      {"x": 1.05, "y": 2.78, "z": 7.734},
      {"x": 0.5921, "y": 2.78, "z": 7.734},
      {"x": -1.05, "y": 2.78, "z": 7.734},
      {"x": -0.5921, "y": 2.78, "z": 7.734},
      {"x": 1.1, "y": 2.78, "z": 6.736},
      {"x": 0.64, "y": 2.78, "z": 6.736},
      {"x": -1.1, "y": 2.78, "z": 6.736},
      {"x": -0.64, "y": 2.78, "z": 6.736},
      {"x": 1.25, "y": 3.08, "z": 4.141},
      {"x": 0.66, "y": 3.08, "z": 4.141},
      {"x": -1.25, "y": 3.08, "z": 4.141},
      {"x": -0.66, "y": 3.08, "z": 4.141},
      {"x": 1.25, "y": 3.08, "z": 3.144},
      {"x": 0.66, "y": 3.08, "z": 3.144},
      {"x": -1.25, "y": 3.08, "z": 3.144},
      {"x": -0.66, "y": 3.08, "z": 3.144},
      {"x": 1.25, "y": 3.08, "z": 2.148},
      {"x": 0.66, "y": 3.08, "z": 2.148},
      {"x": -1.25, "y": 3.08, "z": 2.148},
      {"x": -0.66, "y": 3.08, "z": 2.148},
      {"x": 1.25, "y": 3.08, "z": 1.151},
      {"x": 0.66, "y": 3.08, "z": 1.151},
      {"x": -1.25, "y": 3.08, "z": 1.151},
      {"x": -0.66, "y": 3.08, "z": 1.151},
      {"x": 1.25, "y": 3.08, "z": 0.1543},
      {"x": 0.66, "y": 3.08, "z": 0.1543},
      {"x": -1.25, "y": 3.08, "z": 0.1543},
      {"x": -0.66, "y": 3.08, "z": 0.1543},
      {"x": 1.25, "y": 3.08, "z": -0.8424},
      {"x": 0.66, "y": 3.08, "z": -0.8424},
      {"x": -1.25, "y": 3.08, "z": -0.8424},
      {"x": -0.66, "y": 3.08, "z": -0.8424},
      {"x": 1.25, "y": 3.08, "z": -1.839},
      {"x": 0.66, "y": 3.08, "z": -1.839},
      {"x": -1.25, "y": 3.08, "z": -1.839},
      {"x": -0.66, "y": 3.08, "z": -1.839},
      {"x": 1.25, "y": 3.08, "z": -3.031},
      {"x": 0.66, "y": 3.08, "z": -3.031},
      {"x": -1.25, "y": 3.08, "z": -3.031},
      {"x": -0.66, "y": 3.08, "z": -3.031},
      {"x": 1.25, "y": 3.08, "z": -4.153},
      {"x": 0.66, "y": 3.08, "z": -4.153},
      {"x": -1.25, "y": 3.08, "z": -4.153},
      {"x": -0.66, "y": 3.08, "z": -4.153},
      {"x": 1.22, "y": 3.08, "z": -5.283},
      {"x": 0.64, "y": 3.08, "z": -5.283},
      {"x": -1.22, "y": 3.08, "z": -5.283},
      {"x": -0.64, "y": 3.08, "z": -5.283},
      {"x": 0.96, "y": 3.08, "z": -8.656}
    ],
    [
      {"x": 0.6, "y": 2.78, "z": 12.96},
      {"x": -0.6, "y": 2.78, "z": 12.96},
      {"x": 0.9, "y": 2.78, "z": 10.70},
      {"x": -0.9, "y": 2.78, "z": 10.70},
      {"x": 0.95, "y": 2.78, "z": 9.735},
      {"x": -0.95, "y": 2.78, "z": 9.735},
      {"x": 1.0, "y": 2.78, "z": 8.739},
      {"x": -1.0, "y": 2.78, "z": 8.739},
      {"x": 1.05, "y": 2.78, "z": 7.734},
      {"x": 0.5921, "y": 2.78, "z": 7.734},
      {"x": -1.05, "y": 2.78, "z": 7.734},
      {"x": -0.5921, "y": 2.78, "z": 7.734},
      {"x": 1.1, "y": 2.78, "z": 6.736},
      {"x": 0.64, "y": 2.78, "z": 6.736},
      {"x": -1.1, "y": 2.78, "z": 6.736},
      {"x": -0.64, "y": 2.78, "z": 6.736},
      {"x": 1.25, "y": 3.08, "z": 4.141},
      {"x": 0.66, "y": 3.08, "z": 4.141},
      {"x": -1.25, "y": 3.08, "z": 4.141},
      {"x": -0.66, "y": 3.08, "z": 4.141},
      {"x": 1.25, "y": 3.08, "z": 3.144},
      {"x": 0.66, "y": 3.08, "z": 3.144},
      {"x": -1.25, "y": 3.08, "z": 3.144},
      {"x": -0.66, "y": 3.08, "z": 3.144},
      {"x": 1.25, "y": 3.08, "z": 2.148},
      {"x": 0.66, "y": 3.08, "z": 2.148},
      {"x": -1.25, "y": 3.08, "z": 2.148},
      {"x": -0.66, "y": 3.08, "z": 2.148},
      {"x": 1.25, "y": 3.08, "z": 1.151},
      {"x": 0.66, "y": 3.08, "z": 1.151},
      {"x": -1.25, "y": 3.08, "z": 1.151},
      {"x": -0.66, "y": 3.08, "z": 1.151},
      {"x": 1.25, "y": 3.08, "z": 0.1543},
      {"x": 0.66, "y": 3.08, "z": 0.1543},
      {"x": -1.25, "y": 3.08, "z": 0.1543},
      {"x": -0.66, "y": 3.08, "z": 0.1543},
      {"x": 1.25, "y": 3.08, "z": -0.8424},
      {"x": 0.66, "y": 3.08, "z": -0.8424},
      {"x": -1.25, "y": 3.08, "z": -0.8424},
      {"x": -0.66, "y": 3.08, "z": -0.8424},
      {"x": 1.25, "y": 3.08, "z": -1.839},
      {"x": 0.66, "y": 3.08, "z": -1.839},
      {"x": -1.25, "y": 3.08, "z": -1.839},
      {"x": -0.66, "y": 3.08, "z": -1.839},
      {"x": 1.25, "y": 3.08, "z": -3.031},
      {"x": 0.66, "y": 3.08, "z": -3.031},
      {"x": -1.25, "y": 3.08, "z": -3.031},
      {"x": -0.66, "y": 3.08, "z": -3.031},
      {"x": 1.25, "y": 3.08, "z": -4.153},
      {"x": 0.66, "y": 3.08, "z": -4.153},
      {"x": -1.25, "y": 3.08, "z": -4.153},
      {"x": -0.66, "y": 3.08, "z": -4.153},
      {"x": 1.22, "y": 3.08, "z": -5.283},
      {"x": 0.64, "y": 3.08, "z": -5.283},
      {"x": -1.22, "y": 3.08, "z": -5.283},
      {"x": -0.64, "y": 3.08, "z": -5.283},
      {"x": 0.96, "y": 3.08, "z": -8.656},
      {"x": -0.4204, "y": 3.08, "z": -8.656}
    ],
    [
      {"x": 0.6, "y": 2.78, "z": 12.96},
      {"x": -0.6, "y": 2.78, "z": 12.96},
      {"x": 0.9, "y": 2.78, "z": 10.70},
      {"x": -0.9, "y": 2.78, "z": 10.70},
      {"x": 0.95, "y": 2.78, "z": 9.735},
      {"x": -0.95, "y": 2.78, "z": 9.735},
      {"x": 1.0, "y": 2.78, "z": 8.739},
      {"x": -1.0, "y": 2.78, "z": 8.739},
      {"x": 1.05, "y": 2.78, "z": 7.734},
      {"x": 0.5921, "y": 2.78, "z": 7.734},
      {"x": -1.05, "y": 2.78, "z": 7.734},
      {"x": -0.5921, "y": 2.78, "z": 7.734},
      {"x": 1.1, "y": 2.78, "z": 6.736},
      {"x": 0.64, "y": 2.78, "z": 6.736},
      {"x": -1.1, "y": 2.78, "z": 6.736},
      {"x": -0.64, "y": 2.78, "z": 6.736},
      {"x": 1.25, "y": 3.08, "z": 4.141},
      {"x": 0.66, "y": 3.08, "z": 4.141},
      {"x": -1.25, "y": 3.08, "z": 4.141},
      {"x": -0.66, "y": 3.08, "z": 4.141},
      {"x": 1.25, "y": 3.08, "z": 3.144},
      {"x": 0.66, "y": 3.08, "z": 3.144},
      {"x": -1.25, "y": 3.08, "z": 3.144},
      {"x": -0.66, "y": 3.08, "z": 3.144},
      {"x": 1.25, "y": 3.08, "z": 2.148},
      {"x": 0.66, "y": 3.08, "z": 2.148},
      {"x": -1.25, "y": 3.08, "z": 2.148},
      {"x": -0.66, "y": 3.08, "z": 2.148},
      {"x": 1.25, "y": 3.08, "z": 1.151},
      {"x": 0.66, "y": 3.08, "z": 1.151},
      {"x": -1.25, "y": 3.08, "z": 1.151},
      {"x": -0.66, "y": 3.08, "z": 1.151},
      {"x": 1.25, "y": 3.08, "z": 0.1543},
      {"x": 0.66, "y": 3.08, "z": 0.1543},
      {"x": -1.25, "y": 3.08, "z": 0.1543},
      {"x": -0.66, "y": 3.08, "z": 0.1543},
      {"x": 1.25, "y": 3.08, "z": -0.8424},
      {"x": 0.66, "y": 3.08, "z": -0.8424},
      {"x": -1.25, "y": 3.08, "z": -0.8424},
      {"x": -0.66, "y": 3.08, "z": -0.8424},
      {"x": 1.25, "y": 3.08, "z": -1.839},
      {"x": 0.66, "y": 3.08, "z": -1.839},
      {"x": -1.25, "y": 3.08, "z": -1.839},
      {"x": -0.66, "y": 3.08, "z": -1.839},
      {"x": 1.25, "y": 3.08, "z": -3.031},
      {"x": 0.66, "y": 3.08, "z": -3.031},
      {"x": -1.25, "y": 3.08, "z": -3.031},
      {"x": -0.66, "y": 3.08, "z": -3.031},
      {"x": 1.25, "y": 3.08, "z": -4.153},
      {"x": 0.66, "y": 3.08, "z": -4.153},
      {"x": -1.25, "y": 3.08, "z": -4.153},
      {"x": -0.66, "y": 3.08, "z": -4.153},
      {"x": 1.22, "y": 3.08, "z": -5.283},
      {"x": 0.64, "y": 3.08, "z": -5.283},
      {"x": -1.22, "y": 3.08, "z": -5.283},
      {"x": -0.64, "y": 3.08, "z": -5.283},
      {"x": 0.96, "y": 3.08, "z": -8.656},
      {"x": -0.4204, "y": 3.08, "z": -8.656},
      {"x": -0.96, "y": 3.08, "z": -8.656}
    ],
    [
      {"x": 0.6, "y": 2.78, "z": 12.96},
      {"x": -0.6, "y": 2.78, "z": 12.96},
      {"x": 0.9, "y": 2.78, "z": 10.70},
      {"x": -0.9, "y": 2.78, "z": 10.70},
      {"x": 0.95, "y": 2.78, "z": 9.735},
      {"x": -0.95, "y": 2.78, "z": 9.735},
      {"x": 1.0, "y": 2.78, "z": 8.739},
      {"x": -1.0, "y": 2.78, "z": 8.739},
      {"x": 1.05, "y": 2.78, "z": 7.734},
      {"x": 0.5921, "y": 2.78, "z": 7.734},
      {"x": -1.05, "y": 2.78, "z": 7.734},
      {"x": -0.5921, "y": 2.78, "z": 7.734},
      {"x": 1.1, "y": 2.78, "z": 6.736},
      {"x": 0.64, "y": 2.78, "z": 6.736},
      {"x": -1.1, "y": 2.78, "z": 6.736},
      {"x": -0.64, "y": 2.78, "z": 6.736},
      {"x": 1.25, "y": 3.08, "z": 4.141},
      {"x": 0.66, "y": 3.08, "z": 4.141},
      {"x": -1.25, "y": 3.08, "z": 4.141},
      {"x": -0.66, "y": 3.08, "z": 4.141},
      {"x": 1.25, "y": 3.08, "z": 3.144},
      {"x": 0.66, "y": 3.08, "z": 3.144},
      {"x": -1.25, "y": 3.08, "z": 3.144},
      {"x": -0.66, "y": 3.08, "z": 3.144},
      {"x": 1.25, "y": 3.08, "z": 2.148},
      {"x": 0.66, "y": 3.08, "z": 2.148},
      {"x": -1.25, "y": 3.08, "z": 2.148},
      {"x": -0.66, "y": 3.08, "z": 2.148},
      {"x": 1.25, "y": 3.08, "z": 1.151},
      {"x": 0.66, "y": 3.08, "z": 1.151},
      {"x": -1.25, "y": 3.08, "z": 1.151},
      {"x": -0.66, "y": 3.08, "z": 1.151},
      {"x": 1.25, "y": 3.08, "z": 0.1543},
      {"x": 0.66, "y": 3.08, "z": 0.1543},
      {"x": -1.25, "y": 3.08, "z": 0.1543},
      {"x": -0.66, "y": 3.08, "z": 0.1543},
      {"x": 1.25, "y": 3.08, "z": -0.8424},
      {"x": 0.66, "y": 3.08, "z": -0.8424},
      {"x": -1.25, "y": 3.08, "z": -0.8424},
      {"x": -0.66, "y": 3.08, "z": -0.8424},
      {"x": 1.25, "y": 3.08, "z": -1.839},
      {"x": 0.66, "y": 3.08, "z": -1.839},
      {"x": -1.25, "y": 3.08, "z": -1.839},
      {"x": -0.66, "y": 3.08, "z": -1.839},
      {"x": 1.25, "y": 3.08, "z": -3.031},
      {"x": 0.66, "y": 3.08, "z": -3.031},
      {"x": -1.25, "y": 3.08, "z": -3.031},
      {"x": -0.66, "y": 3.08, "z": -3.031},
      {"x": 1.25, "y": 3.08, "z": -4.153},
      {"x": 0.66, "y": 3.08, "z": -4.153},
      {"x": -1.25, "y": 3.08, "z": -4.153},
      {"x": -0.66, "y": 3.08, "z": -4.153},
      {"x": 1.22, "y": 3.08, "z": -5.283},
      {"x": 0.64, "y": 3.08, "z": -5.283},
      {"x": -1.22, "y": 3.08, "z": -5.283},
      {"x": -0.64, "y": 3.08, "z": -5.283},
      {"x": 0.96, "y": 3.08, "z": -8.656},
      {"x": -0.4204, "y": 3.08, "z": -8.656},
      {"x": -0.96, "y": 3.08, "z": -8.656},
      {"x": 0.93, "y": 3.08, "z": -9.731}
    ],
    [
      {"x": 0.6, "y": 2.78, "z": 12.96},
      {"x": -0.6, "y": 2.78, "z": 12.96},
      {"x": 0.9, "y": 2.78, "z": 10.70},
      {"x": -0.9, "y": 2.78, "z": 10.70},
      {"x": 0.95, "y": 2.78, "z": 9.735},
      {"x": -0.95, "y": 2.78, "z": 9.735},
      {"x": 1.0, "y": 2.78, "z": 8.739},
      {"x": -1.0, "y": 2.78, "z": 8.739},
      {"x": 1.05, "y": 2.78, "z": 7.734},
      {"x": 0.5921, "y": 2.78, "z": 7.734},
      {"x": -1.05, "y": 2.78, "z": 7.734},
      {"x": -0.5921, "y": 2.78, "z": 7.734},
      {"x": 1.1, "y": 2.78, "z": 6.736},
      {"x": 0.64, "y": 2.78, "z": 6.736},
      {"x": -1.1, "y": 2.78, "z": 6.736},
      {"x": -0.64, "y": 2.78, "z": 6.736},
      {"x": 1.25, "y": 3.08, "z": 4.141},
      {"x": 0.66, "y": 3.08, "z": 4.141},
      {"x": -1.25, "y": 3.08, "z": 4.141},
      {"x": -0.66, "y": 3.08, "z": 4.141},
      {"x": 1.25, "y": 3.08, "z": 3.144},
      {"x": 0.66, "y": 3.08, "z": 3.144},
      {"x": -1.25, "y": 3.08, "z": 3.144},
      {"x": -0.66, "y": 3.08, "z": 3.144},
      {"x": 1.25, "y": 3.08, "z": 2.148},
      {"x": 0.66, "y": 3.08, "z": 2.148},
      {"x": -1.25, "y": 3.08, "z": 2.148},
      {"x": -0.66, "y": 3.08, "z": 2.148},
      {"x": 1.25, "y": 3.08, "z": 1.151},
      {"x": 0.66, "y": 3.08, "z": 1.151},
      {"x": -1.25, "y": 3.08, "z": 1.151},
      {"x": -0.66, "y": 3.08, "z": 1.151},
      {"x": 1.25, "y": 3.08, "z": 0.1543},
      {"x": 0.66, "y": 3.08, "z": 0.1543},
      {"x": -1.25, "y": 3.08, "z": 0.1543},
      {"x": -0.66, "y": 3.08, "z": 0.1543},
      {"x": 1.25, "y": 3.08, "z": -0.8424},
      {"x": 0.66, "y": 3.08, "z": -0.8424},
      {"x": -1.25, "y": 3.08, "z": -0.8424},
      {"x": -0.66, "y": 3.08, "z": -0.8424},
      {"x": 1.25, "y": 3.08, "z": -1.839},
      {"x": 0.66, "y": 3.08, "z": -1.839},
      {"x": -1.25, "y": 3.08, "z": -1.839},
      {"x": -0.66, "y": 3.08, "z": -1.839},
      {"x": 1.25, "y": 3.08, "z": -3.031},
      {"x": 0.66, "y": 3.08, "z": -3.031},
      {"x": -1.25, "y": 3.08, "z": -3.031},
      {"x": -0.66, "y": 3.08, "z": -3.031},
      {"x": 1.25, "y": 3.08, "z": -4.153},
      {"x": 0.66, "y": 3.08, "z": -4.153},
      {"x": -1.25, "y": 3.08, "z": -4.153},
      {"x": -0.66, "y": 3.08, "z": -4.153},
      {"x": 1.22, "y": 3.08, "z": -5.283},
      {"x": 0.64, "y": 3.08, "z": -5.283},
      {"x": -1.22, "y": 3.08, "z": -5.283},
      {"x": -0.64, "y": 3.08, "z": -5.283},
      {"x": 0.96, "y": 3.08, "z": -8.656},
      {"x": -0.4204, "y": 3.08, "z": -8.656},
      {"x": -0.96, "y": 3.08, "z": -8.656},
      {"x": 0.93, "y": 3.08, "z": -9.731},
      {"x": -0.3471, "y": 3.08, "z": -9.731}
    ],
    [
      {"x": 0.6, "y": 2.78, "z": 12.96},
      {"x": -0.6, "y": 2.78, "z": 12.96},
      {"x": 0.9, "y": 2.78, "z": 10.70},
      {"x": -0.9, "y": 2.78, "z": 10.70},
      {"x": 0.95, "y": 2.78, "z": 9.735},
      {"x": -0.95, "y": 2.78, "z": 9.735},
      {"x": 1.0, "y": 2.78, "z": 8.739},
      {"x": -1.0, "y": 2.78, "z": 8.739},
      {"x": 1.05, "y": 2.78, "z": 7.734},
      {"x": 0.5921, "y": 2.78, "z": 7.734},
      {"x": -1.05, "y": 2.78, "z": 7.734},
      {"x": -0.5921, "y": 2.78, "z": 7.734},
      {"x": 1.1, "y": 2.78, "z": 6.736},
      {"x": 0.64, "y": 2.78, "z": 6.736},
      {"x": -1.1, "y": 2.78, "z": 6.736},
      {"x": -0.64, "y": 2.78, "z": 6.736},
      {"x": 1.25, "y": 3.08, "z": 4.141},
      {"x": 0.66, "y": 3.08, "z": 4.141},
      {"x": -1.25, "y": 3.08, "z": 4.141},
      {"x": -0.66, "y": 3.08, "z": 4.141},
      {"x": 1.25, "y": 3.08, "z": 3.144},
      {"x": 0.66, "y": 3.08, "z": 3.144},
      {"x": -1.25, "y": 3.08, "z": 3.144},
      {"x": -0.66, "y": 3.08, "z": 3.144},
      {"x": 1.25, "y": 3.08, "z": 2.148},
      {"x": 0.66, "y": 3.08, "z": 2.148},
      {"x": -1.25, "y": 3.08, "z": 2.148},
      {"x": -0.66, "y": 3.08, "z": 2.148},
      {"x": 1.25, "y": 3.08, "z": 1.151},
      {"x": 0.66, "y": 3.08, "z": 1.151},
      {"x": -1.25, "y": 3.08, "z": 1.151},
      {"x": -0.66, "y": 3.08, "z": 1.151},
      {"x": 1.25, "y": 3.08, "z": 0.1543},
      {"x": 0.66, "y": 3.08, "z": 0.1543},
      {"x": -1.25, "y": 3.08, "z": 0.1543},
      {"x": -0.66, "y": 3.08, "z": 0.1543},
      {"x": 1.25, "y": 3.08, "z": -0.8424},
      {"x": 0.66, "y": 3.08, "z": -0.8424},
      {"x": -1.25, "y": 3.08, "z": -0.8424},
      {"x": -0.66, "y": 3.08, "z": -0.8424},
      {"x": 1.25, "y": 3.08, "z": -1.839},
      {"x": 0.66, "y": 3.08, "z": -1.839},
      {"x": -1.25, "y": 3.08, "z": -1.839},
      {"x": -0.66, "y": 3.08, "z": -1.839},
      {"x": 1.25, "y": 3.08, "z": -3.031},
      {"x": 0.66, "y": 3.08, "z": -3.031},
      {"x": -1.25, "y": 3.08, "z": -3.031},
      {"x": -0.66, "y": 3.08, "z": -3.031},
      {"x": 1.25, "y": 3.08, "z": -4.153},
      {"x": 0.66, "y": 3.08, "z": -4.153},
      {"x": -1.25, "y": 3.08, "z": -4.153},
      {"x": -0.66, "y": 3.08, "z": -4.153},
      {"x": 1.22, "y": 3.08, "z": -5.283},
      {"x": 0.64, "y": 3.08, "z": -5.283},
      {"x": -1.22, "y": 3.08, "z": -5.283},
      {"x": -0.64, "y": 3.08, "z": -5.283},
      {"x": 0.96, "y": 3.08, "z": -8.656},
      {"x": -0.4204, "y": 3.08, "z": -8.656},
      {"x": -0.96, "y": 3.08, "z": -8.656},
      {"x": 0.93, "y": 3.08, "z": -9.731},
      {"x": -0.3471, "y": 3.08, "z": -9.731},
      {"x": -0.93, "y": 3.08, "z": -9.731}
    ],
    [
      {"x": 0.6, "y": 2.78, "z": 12.96},
      {"x": -0.6, "y": 2.78, "z": 12.96},
      {"x": 0.9, "y": 2.78, "z": 10.70},
      {"x": -0.9, "y": 2.78, "z": 10.70},
      {"x": 0.95, "y": 2.78, "z": 9.735},
      {"x": -0.95, "y": 2.78, "z": 9.735},
      {"x": 1.0, "y": 2.78, "z": 8.739},
      {"x": -1.0, "y": 2.78, "z": 8.739},
      {"x": 1.05, "y": 2.78, "z": 7.734},
      {"x": 0.5921, "y": 2.78, "z": 7.734},
      {"x": -1.05, "y": 2.78, "z": 7.734},
      {"x": -0.5921, "y": 2.78, "z": 7.734},
      {"x": 1.1, "y": 2.78, "z": 6.736},
      {"x": 0.64, "y": 2.78, "z": 6.736},
      {"x": -1.1, "y": 2.78, "z": 6.736},
      {"x": -0.64, "y": 2.78, "z": 6.736},
      {"x": 1.25, "y": 3.08, "z": 4.141},
      {"x": 0.66, "y": 3.08, "z": 4.141},
      {"x": -1.25, "y": 3.08, "z": 4.141},
      {"x": -0.66, "y": 3.08, "z": 4.141},
      {"x": 1.25, "y": 3.08, "z": 3.144},
      {"x": 0.66, "y": 3.08, "z": 3.144},
      {"x": -1.25, "y": 3.08, "z": 3.144},
      {"x": -0.66, "y": 3.08, "z": 3.144},
      {"x": 1.25, "y": 3.08, "z": 2.148},
      {"x": 0.66, "y": 3.08, "z": 2.148},
      {"x": -1.25, "y": 3.08, "z": 2.148},
      {"x": -0.66, "y": 3.08, "z": 2.148},
      {"x": 1.25, "y": 3.08, "z": 1.151},
      {"x": 0.66, "y": 3.08, "z": 1.151},
      {"x": -1.25, "y": 3.08, "z": 1.151},
      {"x": -0.66, "y": 3.08, "z": 1.151},
      {"x": 1.25, "y": 3.08, "z": 0.1543},
      {"x": 0.66, "y": 3.08, "z": 0.1543},
      {"x": -1.25, "y": 3.08, "z": 0.1543},
      {"x": -0.66, "y": 3.08, "z": 0.1543},
      {"x": 1.25, "y": 3.08, "z": -0.8424},
      {"x": 0.66, "y": 3.08, "z": -0.8424},
      {"x": -1.25, "y": 3.08, "z": -0.8424},
      {"x": -0.66, "y": 3.08, "z": -0.8424},
      {"x": 1.25, "y": 3.08, "z": -1.839},
      {"x": 0.66, "y": 3.08, "z": -1.839},
      {"x": -1.25, "y": 3.08, "z": -1.839},
      {"x": -0.66, "y": 3.08, "z": -1.839},
      {"x": 1.25, "y": 3.08, "z": -3.031},
      {"x": 0.66, "y": 3.08, "z": -3.031},
      {"x": -1.25, "y": 3.08, "z": -3.031},
      {"x": -0.66, "y": 3.08, "z": -3.031},
      {"x": 1.25, "y": 3.08, "z": -4.153},
      {"x": 0.66, "y": 3.08, "z": -4.153},
      {"x": -1.25, "y": 3.08, "z": -4.153},
      {"x": -0.66, "y": 3.08, "z": -4.153},
      {"x": 1.22, "y": 3.08, "z": -5.283},
      {"x": 0.64, "y": 3.08, "z": -5.283},
      {"x": -1.22, "y": 3.08, "z": -5.283},
      {"x": -0.64, "y": 3.08, "z": -5.283},
      {"x": 0.96, "y": 3.08, "z": -8.656},
      {"x": -0.4204, "y": 3.08, "z": -8.656},
      {"x": -0.96, "y": 3.08, "z": -8.656},
      {"x": 0.93, "y": 3.08, "z": -9.731},
      {"x": -0.3471, "y": 3.08, "z": -9.731},
      {"x": -0.93, "y": 3.08, "z": -9.731},
      {"x": 0.9, "y": 3.08, "z": -10.78}
    ],
    [
      {"x": 0.6, "y": 2.78, "z": 12.96},
      {"x": -0.6, "y": 2.78, "z": 12.96},
      {"x": 0.9, "y": 2.78, "z": 10.70},
      {"x": -0.9, "y": 2.78, "z": 10.70},
      {"x": 0.95, "y": 2.78, "z": 9.735},
      {"x": -0.95, "y": 2.78, "z": 9.735},
      {"x": 1.0, "y": 2.78, "z": 8.739},
      {"x": -1.0, "y": 2.78, "z": 8.739},
      {"x": 1.05, "y": 2.78, "z": 7.734},
      {"x": 0.5921, "y": 2.78, "z": 7.734},
      {"x": -1.05, "y": 2.78, "z": 7.734},
      {"x": -0.5921, "y": 2.78, "z": 7.734},
      {"x": 1.1, "y": 2.78, "z": 6.736},
      {"x": 0.64, "y": 2.78, "z": 6.736},
      {"x": -1.1, "y": 2.78, "z": 6.736},
      {"x": -0.64, "y": 2.78, "z": 6.736},
      {"x": 1.25, "y": 3.08, "z": 4.141},
      {"x": 0.66, "y": 3.08, "z": 4.141},
      {"x": -1.25, "y": 3.08, "z": 4.141},
      {"x": -0.66, "y": 3.08, "z": 4.141},
      {"x": 1.25, "y": 3.08, "z": 3.144},
      {"x": 0.66, "y": 3.08, "z": 3.144},
      {"x": -1.25, "y": 3.08, "z": 3.144},
      {"x": -0.66, "y": 3.08, "z": 3.144},
      {"x": 1.25, "y": 3.08, "z": 2.148},
      {"x": 0.66, "y": 3.08, "z": 2.148},
      {"x": -1.25, "y": 3.08, "z": 2.148},
      {"x": -0.66, "y": 3.08, "z": 2.148},
      {"x": 1.25, "y": 3.08, "z": 1.151},
      {"x": 0.66, "y": 3.08, "z": 1.151},
      {"x": -1.25, "y": 3.08, "z": 1.151},
      {"x": -0.66, "y": 3.08, "z": 1.151},
      {"x": 1.25, "y": 3.08, "z": 0.1543},
      {"x": 0.66, "y": 3.08, "z": 0.1543},
      {"x": -1.25, "y": 3.08, "z": 0.1543},
      {"x": -0.66, "y": 3.08, "z": 0.1543},
      {"x": 1.25, "y": 3.08, "z": -0.8424},
      {"x": 0.66, "y": 3.08, "z": -0.8424},
      {"x": -1.25, "y": 3.08, "z": -0.8424},
      {"x": -0.66, "y": 3.08, "z": -0.8424},
      {"x": 1.25, "y": 3.08, "z": -1.839},
      {"x": 0.66, "y": 3.08, "z": -1.839},
      {"x": -1.25, "y": 3.08, "z": -1.839},
      {"x": -0.66, "y": 3.08, "z": -1.839},
      {"x": 1.25, "y": 3.08, "z": -3.031},
      {"x": 0.66, "y": 3.08, "z": -3.031},
      {"x": -1.25, "y": 3.08, "z": -3.031},
      {"x": -0.66, "y": 3.08, "z": -3.031},
      {"x": 1.25, "y": 3.08, "z": -4.153},
      {"x": 0.66, "y": 3.08, "z": -4.153},
      {"x": -1.25, "y": 3.08, "z": -4.153},
      {"x": -0.66, "y": 3.08, "z": -4.153},
      {"x": 1.22, "y": 3.08, "z": -5.283},
      {"x": 0.64, "y": 3.08, "z": -5.283},
      {"x": -1.22, "y": 3.08, "z": -5.283},
      {"x": -0.64, "y": 3.08, "z": -5.283},
      {"x": 0.96, "y": 3.08, "z": -8.656},
      {"x": -0.4204, "y": 3.08, "z": -8.656},
      {"x": -0.96, "y": 3.08, "z": -8.656},
      {"x": 0.93, "y": 3.08, "z": -9.731},
      {"x": -0.3471, "y": 3.08, "z": -9.731},
      {"x": -0.93, "y": 3.08, "z": -9.731},
      {"x": 0.9, "y": 3.08, "z": -10.78},
      {"x": -0.2618, "y": 3.08, "z": -10.78}
    ],
    [
      {"x": 0.6, "y": 2.78, "z": 12.96},
      {"x": -0.6, "y": 2.78, "z": 12.96},
      {"x": 0.9, "y": 2.78, "z": 10.70},
      {"x": -0.9, "y": 2.78, "z": 10.70},
      {"x": 0.95, "y": 2.78, "z": 9.735},
      {"x": -0.95, "y": 2.78, "z": 9.735},
      {"x": 1.0, "y": 2.78, "z": 8.739},
      {"x": -1.0, "y": 2.78, "z": 8.739},
      {"x": 1.05, "y": 2.78, "z": 7.734},
      {"x": 0.5921, "y": 2.78, "z": 7.734},
      {"x": -1.05, "y": 2.78, "z": 7.734},
      {"x": -0.5921, "y": 2.78, "z": 7.734},
      {"x": 1.1, "y": 2.78, "z": 6.736},
      {"x": 0.64, "y": 2.78, "z": 6.736},
      {"x": -1.1, "y": 2.78, "z": 6.736},
      {"x": -0.64, "y": 2.78, "z": 6.736},
      {"x": 1.25, "y": 3.08, "z": 4.141},
      {"x": 0.66, "y": 3.08, "z": 4.141},
      {"x": -1.25, "y": 3.08, "z": 4.141},
      {"x": -0.66, "y": 3.08, "z": 4.141},
      {"x": 1.25, "y": 3.08, "z": 3.144},
      {"x": 0.66, "y": 3.08, "z": 3.144},
      {"x": -1.25, "y": 3.08, "z": 3.144},
      {"x": -0.66, "y": 3.08, "z": 3.144},
      {"x": 1.25, "y": 3.08, "z": 2.148},
      {"x": 0.66, "y": 3.08, "z": 2.148},
      {"x": -1.25, "y": 3.08, "z": 2.148},
      {"x": -0.66, "y": 3.08, "z": 2.148},
      {"x": 1.25, "y": 3.08, "z": 1.151},
      {"x": 0.66, "y": 3.08, "z": 1.151},
      {"x": -1.25, "y": 3.08, "z": 1.151},
      {"x": -0.66, "y": 3.08, "z": 1.151},
      {"x": 1.25, "y": 3.08, "z": 0.1543},
      {"x": 0.66, "y": 3.08, "z": 0.1543},
      {"x": -1.25, "y": 3.08, "z": 0.1543},
      {"x": -0.66, "y": 3.08, "z": 0.1543},
      {"x": 1.25, "y": 3.08, "z": -0.8424},
      {"x": 0.66, "y": 3.08, "z": -0.8424},
      {"x": -1.25, "y": 3.08, "z": -0.8424},
      {"x": -0.66, "y": 3.08, "z": -0.8424},
      {"x": 1.25, "y": 3.08, "z": -1.839},
      {"x": 0.66, "y": 3.08, "z": -1.839},
      {"x": -1.25, "y": 3.08, "z": -1.839},
      {"x": -0.66, "y": 3.08, "z": -1.839},
      {"x": 1.25, "y": 3.08, "z": -3.031},
      {"x": 0.66, "y": 3.08, "z": -3.031},
      {"x": -1.25, "y": 3.08, "z": -3.031},
      {"x": -0.66, "y": 3.08, "z": -3.031},
      {"x": 1.25, "y": 3.08, "z": -4.153},
      {"x": 0.66, "y": 3.08, "z": -4.153},
      {"x": -1.25, "y": 3.08, "z": -4.153},
      {"x": -0.66, "y": 3.08, "z": -4.153},
      {"x": 1.22, "y": 3.08, "z": -5.283},
      {"x": 0.64, "y": 3.08, "z": -5.283},
      {"x": -1.22, "y": 3.08, "z": -5.283},
      {"x": -0.64, "y": 3.08, "z": -5.283},
      {"x": 0.96, "y": 3.08, "z": -8.656},
      {"x": -0.4204, "y": 3.08, "z": -8.656},
      {"x": -0.96, "y": 3.08, "z": -8.656},
      {"x": 0.93, "y": 3.08, "z": -9.731},
      {"x": -0.3471, "y": 3.08, "z": -9.731},
      {"x": -0.93, "y": 3.08, "z": -9.731},
      {"x": 0.9, "y": 3.08, "z": -10.78},
      {"x": -0.2618, "y": 3.08, "z": -10.78},
      {"x": -0.9, "y": 3.08, "z": -10.78}
    ]
  ],
  "boundingBoxes": [
    {"width": 1.42, "height": 1.42, "x": 0.0, "y": 2.995, "z": 15.88},
    {"width": 2.49, "height": 2.49, "x": 0.0, "y": 3.285, "z": 13.91},
    {"width": 3.22, "height": 3.22, "x": 0.0, "y": 3.711, "z": 11},
    {"width": 3.61, "height": 3.61, "x": 0.0, "y": 3.711, "z": 7.496},
    {"width": 3.61, "height": 3.61, "x": 0.0, "y": 3.711, "z": 3.792},
    {"width": 3.61, "height": 3.61, "x": 0.0, "y": 3.711, "z": -3.761},
    {"width": 3.61, "height": 3.61, "x": 0.0, "y": 3.711, "z": -7.494},
    {"width": 3.17, "height": 3.17, "x": 0.0, "y": 3.86, "z": -10.91},
    {"width": 2.81, "height": 2.81, "x": 0.0, "y": 3.946, "z": -13.98},
    {"width": 2.81, "height": 2.81, "x": 0.0, "y": 3.946, "z": -16.86},
    {"width": 1.36, "height": 2.78, "x": 0.0, "y": 6.844, "z": -16.86},
    {"width": 1.36, "height": 2.78, "x": 0.0, "y": 6.844, "z": -18.43},
    {"width": 1.36, "height": 4.77, "x": 6.376, "y": 5.85, "z": -17.11},
    {"width": 1.36, "height": 4.77, "x": 6.376, "y": 5.85, "z": -18.69},
    {"width": 2.81, "height": 0.69, "x": 3.559, "y": 5.281, "z": -17.74},
    {"width": 1.36, "height": 4.77, "x": -6.376, "y": 5.85, "z": -17.11},
    {"width": 1.36, "height": 4.77, "x": -6.376, "y": 5.85, "z": -18.69},
    {"width": 2.81, "height": 0.69, "x": -3.559, "y": 5.281, "z": -17.74},
    {"width": 4.89, "height": 1.05, "x": 4.557, "y": 2.444, "z": 0.00},
    {"width": 4.89, "height": 1.05, "x": 10.51, "y": 3.395, "z": 0.00},
    {"width": 4.89, "height": 1.05, "x": 16.36, "y": 4.029, "z": 0.00},
    {"width": 4.89, "height": 1.05, "x": -4.557, "y": 2.444, "z": 0.00},
    {"width": 4.89, "height": 1.05, "x": -10.51, "y": 3.395, "z": 0.00},
    {"width": 4.89, "height": 1.05, "x": -16.36, "y": 4.029, "z": 0.00}
  ]
}