{
  "biomes": [
    [
      {
        "type": "BIOME_TAG",
        "negate": false,
        "value": "forge:is_swamp"
      }
    ],
    [
      {
        "type": "REGISTRY_NAME",
        "negate": false,
        "value": "minecraft:mangrove_swamp"
      }
    ],
    [
      {
        "type": "BIOME_TAG",
        "negate": false,
        "value": "minecraft:is_river"
      }
    ],
    [
      {
        "type": "BIOME_TAG",
        "negate": false,
        "value": "minecraft:is_beach"
      }
    ]
  ]
}