{
  "dimensions": {
    "minecraft:overworld": {
      "type": "eco:the_enclosed_overworld",
      "generator": {
        "type": "minecraft:noise",
        "settings": "eco:asthenospherical",
        "biome_source": {
          "type": "minecraft:multi_noise",
          "preset": "minecraft:overworld"
        }
      }
    },
    "minecraft:the_end": {
      "type": "minecraft:the_end",
      "generator": {
        "type": "minecraft:noise",
        "settings": "minecraft:end",
        "biome_source": {
          "type": "minecraft:the_end"
        }
      }
    },
    "minecraft:the_nether": {
      "type": "minecraft:the_nether",
      "generator": {
        "type": "minecraft:noise",
        "settings": "minecraft:nether",
        "biome_source": {
          "type": "minecraft:multi_noise",
          "preset": "minecraft:nether"
        }
      }
    }
  }
}

