{
  "anim_state": "REKKA3",
  "class": "SPECIAL3",
  "cooldown_type": "SPECIAL2",
  "followup": {
    "anim_state": "REKKA3",
    "class": "SPECIAL3",
    "cooldown_type": "SPECIAL2",
    "move": {
      "type": "jcraft:shared_knockdown_multi_hit_attack",
      "attack_extras": {
        "backstab": true,
        "block_stun": 11,
        "hit_animation": "MID",
        "hit_spark": "SWEEP_ATTACK"
      },
      "cooldown": 0,
      "damage": 7.0,
      "duration": 40,
      "extras": {},
      "hit_moments": [
        32
      ],
      "hitbox_size": 2.0,
      "knockback": 0.9,
      "knockdown_duration": 35,
      "move_distance": 1.0,
      "offset": 0.0,
      "stun": 15
    }
  },
  "move": {
    "type": "jcraft:anubis_rekka_3_attack",
    "attack_extras": {
      "backstab": true,
      "block_stun": 8,
      "hit_animation": "MID",
      "hit_spark": "HIT_SPARK_1"
    },
    "cooldown": 180,
    "damage": 4.0,
    "duration": 40,
    "extras": {
      "actions": [
        {
          "type": "jcraft:play_sound",
          "on_impact": true,
          "sound": "jcraft:impact4"
        }
      ],
      "description": {
        "text": "last hit knocks down if on 0 Bloodlust"
      },
      "init_actions": [
        {
          "type": "jcraft:play_sound",
          "sound": "jcraft:anubisrekka3"
        }
      ],
      "name": {
        "text": "Cleaving Strikes (3 Hits)"
      }
    },
    "hit_moments": [
      8,
      20,
      32
    ],
    "hitbox_size": 1.75,
    "knockback": 0.6,
    "move_distance": 1.0,
    "offset": -0.1,
    "stun": 15
  }
}