{
  "anim_state": "SWEEP",
  "class": "SPECIAL3",
  "cooldown_type": "SPECIAL3",
  "move": {
    "type": "jcraft:anubis_low_kick_attack",
    "attack_extras": {
      "backstab": true,
      "block_stun": 10,
      "hit_animation": "MID",
      "hit_spark": "HIT_SPARK_1",
      "static_height": true
    },
    "cooldown": 40,
    "damage": 6.0,
    "duration": 17,
    "extras": {
      "actions": [
        {
          "type": "jcraft:play_sound",
          "on_impact": true,
          "sound": "jcraft:impact3"
        }
      ],
      "description": {
        "text": "sheathed-only, launches slightly up"
      },
      "name": {
        "text": "Low Kick"
      }
    },
    "hitbox_size": 1.33,
    "knockback": 0.3,
    "move_distance": 1.5,
    "offset": 0.0,
    "strength": 0.3,
    "stun": 15,
    "windup": 10
  }
}