{
  "name": "mowziesmobs:monastery/interior/blocker_pool",
  "fallback": "minecraft:empty",
  "elements": [
    {
      "weight": 1,
      "element": {
        "location": "mowziesmobs:monastery/interior/monastery_interior_blocker",
        "processors": "mowziesmobs:monastery",
        "projection": "rigid",
        "element_type": "mowziesmobs:mowzie_element",
        "bounds": {
          "bounds_max_offset": [ 0, 0, -1 ]
        },
        "gen_order": -1
      }
    }
  ]
}