{
  "name": "mowziesmobs:monastery/interior/center_pool",
  "fallback": "minecraft:empty",
  "elements": [

    // ****************************************************************************************************************
    // General
    // ****************************************************************************************************************
    {
      "weight": 1,
      "element": {
        "location": "minecraft:empty",
        "processors": "minecraft:empty",
        "projection": "rigid",
        "element_type": "minecraft:single_pool_element"
      }
    },

    {
      "weight": 3,
      "element": {
        "location": "mowziesmobs:monastery/interior/monastery_landing",
        "processors": "mowziesmobs:monastery",
        "projection": "rigid",
        "element_type": "mowziesmobs:mowzie_element",
        "conditions": {
          "forbidden_parents": [
            "mowziesmobs:monastery/monastery_room_base",
            "mowziesmobs:monastery/monastery_room"
          ],
          "forbidden_parents_depth": 2
        }
      }
    },

    {
      "weight": 1,
      "element": {
        "location": "mowziesmobs:monastery/interior/monastery_partition",
        "processors": "mowziesmobs:monastery",
        "projection": "rigid",
        "element_type": "mowziesmobs:mowzie_element",
        "bounds": {
          "bounds_min_offset": [ 0, 1, 2 ]
        },
        "tags": {
          "inherits_tag": true
        }
      }
    },

    // ****************************************************************************************************************
    // Library
    // ****************************************************************************************************************
    {
      "weight": 1,
      "element": {
        "location": "mowziesmobs:monastery/interior/monastery_bookshelf",
        "processors": "mowziesmobs:monastery",
        "projection": "rigid",
        "element_type": "mowziesmobs:mowzie_element",
        "tags": {
          "needs_tag": "library"
        }
      }
    },

    {
      "weight": 1,
      "element": {
        "location": "mowziesmobs:monastery/interior/monastery_bookshelf_2",
        "processors": "mowziesmobs:monastery",
        "projection": "rigid",
        "element_type": "mowziesmobs:mowzie_element",
        "tags": {
          "needs_tag": "library"
        }
      }
    },

    {
      "weight": 1,
      "element": {
        "location": "mowziesmobs:monastery/interior/monastery_bookshelf_3",
        "processors": "mowziesmobs:monastery",
        "projection": "rigid",
        "element_type": "mowziesmobs:mowzie_element",
        "tags": {
          "needs_tag": "library"
        }
      }
    },

    {
      "weight": 1,
      "element": {
        "location": "mowziesmobs:monastery/interior/monastery_bookshelf_4",
        "processors": "mowziesmobs:monastery",
        "projection": "rigid",
        "element_type": "mowziesmobs:mowzie_element",
        "tags": {
          "needs_tag": "library"
        }
      }
    },

    {
      "weight": 1,
      "element": {
        "location": "mowziesmobs:monastery/interior/monastery_desk",
        "processors": "mowziesmobs:monastery",
        "projection": "rigid",
        "element_type": "mowziesmobs:mowzie_element",
        "tags": {
          "needs_tag": "library"
        }
      }
    },

    {
      "weight": 1,
      "element": {
        "location": "mowziesmobs:monastery/interior/monastery_desk_2",
        "processors": "mowziesmobs:monastery",
        "projection": "rigid",
        "element_type": "mowziesmobs:mowzie_element",
        "tags": {
          "needs_tag": "library"
        }
      }
    },

    {
      "weight": 1,
      "element": {
        "location": "mowziesmobs:monastery/interior/monastery_desk_3",
        "processors": "mowziesmobs:monastery",
        "projection": "rigid",
        "element_type": "mowziesmobs:mowzie_element",
        "tags": {
          "needs_tag": "library"
        }
      }
    },

    {
      "weight": 1,
      "element": {
        "location": "mowziesmobs:monastery/interior/monastery_desk_4",
        "processors": "mowziesmobs:monastery",
        "projection": "rigid",
        "element_type": "mowziesmobs:mowzie_element",
        "tags": {
          "needs_tag": "library"
        }
      }
    },

    {
      "weight": 1,
      "element": {
        "location": "mowziesmobs:monastery/interior/monastery_statue_center",
        "processors": "mowziesmobs:monastery",
        "projection": "rigid",
        "element_type": "mowziesmobs:mowzie_element",
        "tags": {
          "needs_tag": "library"
        },
        "bounds": {
          "bounds_min_offset": [0, 0, 1]
        }
      }
    },

    // ****************************************************************************************************************
    // Storage
    // ****************************************************************************************************************
    {
      "weight": 1,
      "element": {
        "location": "mowziesmobs:monastery/interior/monastery_shelf",
        "processors": "mowziesmobs:monastery",
        "projection": "rigid",
        "element_type": "mowziesmobs:mowzie_element",
        "tags": {
          "needs_tag": "storage"
        }
      }
    },

    // ****************************************************************************************************************
    // Dojo
    // ****************************************************************************************************************
    {
      "weight": 2,
      "element": {
        "location": "mowziesmobs:monastery/interior/monastery_dojo",
        "processors": "mowziesmobs:monastery",
        "projection": "rigid",
        "element_type": "mowziesmobs:mowzie_element",
        "tags": {
          "needs_tag": "dojo"
        },
        "bounds": {
          "bounds_min_offset": [2, 0, 2],
          "bounds_max_offset": [-2, 0, -2]
        }
      }
    },

    {
      "weight": 1,
      "element": {
        "location": "mowziesmobs:monastery/interior/monastery_dummies",
        "processors": "mowziesmobs:monastery",
        "projection": "rigid",
        "element_type": "mowziesmobs:mowzie_element",
        "tags": {
          "needs_tag": "dojo"
        }
      }
    },

    {
      "weight": 1,
      "element": {
        "location": "mowziesmobs:monastery/interior/monastery_statue_center",
        "processors": "mowziesmobs:monastery",
        "projection": "rigid",
        "element_type": "mowziesmobs:mowzie_element",
        "tags": {
          "needs_tag": "dojo"
        },
        "bounds": {
          "bounds_min_offset": [0, 0, 1]
        }
      }
    },

    {
      "weight": 1,
      "element": {
        "location": "mowziesmobs:monastery/interior/monastery_punching_bag_center",
        "processors": "mowziesmobs:monastery",
        "projection": "rigid",
        "element_type": "mowziesmobs:mowzie_element",
        "tags": {
          "needs_tag": "dojo"
        },
        "conditions": {
          "forbidden_parents": [
            "mowziesmobs:monastery/monastery_room_top",
            "mowziesmobs:monastery/monastery_room"
          ],
          "forbidden_parents_depth": 2
        }
      }
    },

    {
      "weight": 1,
      "element": {
        "location": "mowziesmobs:monastery/interior/monastery_training_post_center",
        "processors": "mowziesmobs:monastery",
        "projection": "rigid",
        "element_type": "mowziesmobs:mowzie_element",
        "tags": {
          "needs_tag": "dojo"
        }
      }
    }
  ]
}