{
  "name": "mowziesmobs:monastery/interior/wall_corner_pool",
  "fallback": "minecraft:empty",
  "elements": [

    // ****************************************************************************************************************
    // General
    // ****************************************************************************************************************
    {
      "weight": 5,
      "element": {
        "location": "minecraft:empty",
        "processors": "minecraft:empty",
        "projection": "rigid",
        "element_type": "minecraft:single_pool_element"
      }
    },

    {
      "weight": 1,
      "element": {
        "location": "mowziesmobs:monastery/interior/monastery_gong_helper",
        "processors": "mowziesmobs:monastery",
        "projection": "rigid",
        "element_type": "mowziesmobs:mowzie_element",
        "bounds": {
          "bounds_max_offset": [ 0, -2, 0 ]
        },
        "gen_order": -5
      }
    },

    {
      "weight": 1,
      "element": {
        "location": "mowziesmobs:monastery/interior/monastery_banners_helper",
        "processors": "mowziesmobs:monastery",
        "projection": "rigid",
        "element_type": "mowziesmobs:mowzie_element",
        "bounds": {
          "bounds_max_offset": [ 0, -1, 0 ]
        },
        "gen_order": -5
      }
    },

    {
      "weight": 5,
      "element": {
        "location": "mowziesmobs:monastery/interior/monastery_corner_elevated",
        "processors": "mowziesmobs:monastery",
        "projection": "rigid",
        "element_type": "mowziesmobs:mowzie_element",
        "tags": {
          "inherits_tag": true
        },
        "gen_order": 5
      }
    },

    // ****************************************************************************************************************
    // Library
    // ****************************************************************************************************************
    {
      "weight": 1,
      "element": {
        "location": "mowziesmobs:monastery/interior/monastery_bookshelf",
        "processors": "mowziesmobs:monastery",
        "projection": "rigid",
        "element_type": "mowziesmobs:mowzie_element",
        "tags": {
          "needs_tag": "library"
        },
        "gen_order": 5
      }
    },

    {
      "weight": 1,
      "element": {
        "location": "mowziesmobs:monastery/interior/monastery_bookshelf_2",
        "processors": "mowziesmobs:monastery",
        "projection": "rigid",
        "element_type": "mowziesmobs:mowzie_element",
        "tags": {
          "needs_tag": "library"
        },
        "gen_order": 5
      }
    },

    {
      "weight": 1,
      "element": {
        "location": "mowziesmobs:monastery/interior/monastery_bookshelf_3",
        "processors": "mowziesmobs:monastery",
        "projection": "rigid",
        "element_type": "mowziesmobs:mowzie_element",
        "tags": {
          "needs_tag": "library"
        },
        "gen_order": 5
      }
    },

    {
      "weight": 1,
      "element": {
        "location": "mowziesmobs:monastery/interior/monastery_bookshelf_4",
        "processors": "mowziesmobs:monastery",
        "projection": "rigid",
        "element_type": "mowziesmobs:mowzie_element",
        "tags": {
          "needs_tag": "library"
        },
        "gen_order": 5
      }
    },

    {
      "weight": 1,
      "element": {
        "location": "mowziesmobs:monastery/interior/monastery_desk",
        "processors": "mowziesmobs:monastery",
        "projection": "rigid",
        "element_type": "mowziesmobs:mowzie_element",
        "tags": {
          "needs_tag": "library"
        },
        "gen_order": 5
      }
    },

    {
      "weight": 1,
      "element": {
        "location": "mowziesmobs:monastery/interior/monastery_desk_2",
        "processors": "mowziesmobs:monastery",
        "projection": "rigid",
        "element_type": "mowziesmobs:mowzie_element",
        "tags": {
          "needs_tag": "library"
        },
        "gen_order": 5
      }
    },

    {
      "weight": 1,
      "element": {
        "location": "mowziesmobs:monastery/interior/monastery_desk_3",
        "processors": "mowziesmobs:monastery",
        "projection": "rigid",
        "element_type": "mowziesmobs:mowzie_element",
        "tags": {
          "needs_tag": "library"
        },
        "gen_order": 5
      }
    },

    {
      "weight": 1,
      "element": {
        "location": "mowziesmobs:monastery/interior/monastery_desk_4",
        "processors": "mowziesmobs:monastery",
        "projection": "rigid",
        "element_type": "mowziesmobs:mowzie_element",
        "tags": {
          "needs_tag": "library"
        },
        "gen_order": 5
      }
    },

    // ****************************************************************************************************************
    // Storage
    // ****************************************************************************************************************
    {
      "weight": 1,
      "element": {
        "location": "mowziesmobs:monastery/interior/monastery_barrels",
        "processors": "mowziesmobs:monastery",
        "projection": "rigid",
        "element_type": "mowziesmobs:mowzie_element",
        "tags": {
          "needs_tag": "storage"
        },
        "gen_order": 5
      }
    },

    {
      "weight": 1,
      "element": {
        "location": "mowziesmobs:monastery/interior/monastery_barrels_1",
        "processors": "mowziesmobs:monastery",
        "projection": "rigid",
        "element_type": "mowziesmobs:mowzie_element",
        "tags": {
          "needs_tag": "storage"
        },
        "gen_order": 5
      }
    },

    {
      "weight": 1,
      "element": {
        "location": "mowziesmobs:monastery/interior/monastery_barrels_2",
        "processors": "mowziesmobs:monastery",
        "projection": "rigid",
        "element_type": "mowziesmobs:mowzie_element",
        "tags": {
          "needs_tag": "storage"
        },
        "gen_order": 5
      }
    },

    {
      "weight": 1,
      "element": {
        "location": "mowziesmobs:monastery/interior/monastery_barrels_3",
        "processors": "mowziesmobs:monastery",
        "projection": "rigid",
        "element_type": "mowziesmobs:mowzie_element",
        "tags": {
          "needs_tag": "storage"
        },
        "gen_order": 5
      }
    },

    {
      "weight": 1,
      "element": {
        "location": "mowziesmobs:monastery/interior/monastery_barrels_4",
        "processors": "mowziesmobs:monastery",
        "projection": "rigid",
        "element_type": "mowziesmobs:mowzie_element",
        "tags": {
          "needs_tag": "storage"
        },
        "gen_order": 5
      }
    },

    // ****************************************************************************************************************
    // Dojo
    // ****************************************************************************************************************
    {
      "weight": 1,
      "element": {
        "location": "mowziesmobs:monastery/interior/monastery_dummies",
        "processors": "mowziesmobs:monastery",
        "projection": "rigid",
        "element_type": "mowziesmobs:mowzie_element",
        "tags": {
          "needs_tag": "dojo"
        },
        "gen_order": 5
      }
    },

    {
      "weight": 1,
      "element": {
        "location": "mowziesmobs:monastery/interior/monastery_dummies_2",
        "processors": "mowziesmobs:monastery",
        "projection": "rigid",
        "element_type": "mowziesmobs:mowzie_element",
        "tags": {
          "needs_tag": "dojo"
        },
        "gen_order": 5
      }
    },

    {
      "weight": 1,
      "element": {
        "location": "mowziesmobs:monastery/interior/monastery_shrine",
        "processors": "mowziesmobs:monastery",
        "projection": "rigid",
        "element_type": "mowziesmobs:mowzie_element",
        "tags": {
          "needs_tag": "dojo"
        },
        "gen_order": 5
      }
    },

    {
      "weight": 1,
      "element": {
        "location": "mowziesmobs:monastery/interior/monastery_weapons",
        "processors": "mowziesmobs:monastery",
        "projection": "rigid",
        "element_type": "mowziesmobs:mowzie_element",
        "tags": {
          "needs_tag": "dojo"
        },
        "gen_order": 5
      }
    }

  ]
}