{
  "anim_state": "REKKA1",
  "class": "SPECIAL2",
  "cooldown_type": "STAND_SP2",
  "followup": {
    "anim_state": "REKKA1",
    "class": "SPECIAL2",
    "cooldown_type": "STAND_SP2",
    "followup": {
      "anim_state": "REKKA1",
      "class": "SPECIAL2",
      "cooldown_type": "STAND_SP2",
      "move": {
        "type": "jcraft:shared_knockdown_attack",
        "attack_extras": {
          "backstab": true,
          "block_stun": 8,
          "hit_animation": "LAUNCH",
          "hit_spark": "HIT_SPARK_1",
          "override_stun": true,
          "shockwaves": true,
          "stun_type": "LAUNCH"
        },
        "cooldown": 0,
        "damage": 5.0,
        "duration": 20,
        "extras": {
          "actions": [
            {
              "type": "jcraft:play_sound",
              "on_impact": true,
              "sound": "jcraft:impact1"
            }
          ],
          "description": {
            "text": "knockdown, low blockstun"
          },
          "init_actions": [
            {
              "type": "jcraft:play_sound",
              "sound": "jcraft:phrekka3"
            }
          ],
          "may_hit_user": true,
          "name": {
            "text": "Rekka (Final Hit)"
          }
        },
        "hitbox_size": 2.0,
        "knockback": 0.75,
        "knockdown_duration": 55,
        "move_distance": 1.0,
        "offset": 0.3,
        "stun": 15,
        "windup": 10
      }
    },
    "move": {
      "type": "jcraft:shared_simple_attack",
      "attack_extras": {
        "backstab": true,
        "block_stun": 8,
        "hit_animation": "CRUSH",
        "hit_spark": "HIT_SPARK_1"
      },
      "cooldown": 0,
      "damage": 4.0,
      "duration": 18,
      "extras": {
        "actions": [
          {
            "type": "jcraft:play_sound",
            "on_impact": true,
            "sound": "jcraft:impact1"
          }
        ],
        "description": {
          "text": "links into Light"
        },
        "init_actions": [
          {
            "type": "jcraft:play_sound",
            "sound": "jcraft:phrekka2"
          }
        ],
        "may_hit_user": true,
        "name": {
          "text": "Rekka (2nd Hit)"
        }
      },
      "hitbox_size": 1.75,
      "knockback": 0.5,
      "move_distance": 1.0,
      "offset": 0.0,
      "stun": 16,
      "windup": 9
    }
  },
  "move": {
    "type": "jcraft:purplehaze_rekka_attack",
    "attack_extras": {
      "backstab": true,
      "block_stun": 8,
      "extra_hit_boxes": [
        {
          "size": 1.5
        }
      ],
      "hit_animation": "HIGH",
      "hit_spark": "HIT_SPARK_1"
    },
    "cooldown": 160,
    "damage": 4.0,
    "duration": 14,
    "extras": {
      "actions": [
        {
          "type": "jcraft:play_sound",
          "on_impact": true,
          "sound": "jcraft:impact1"
        }
      ],
      "description": {
        "text": "A set of three attacks, which cancel into each other during recovery.\nLast hit knocks down for 2.5s"
      },
      "init_actions": [
        {
          "type": "jcraft:play_sound",
          "sound": "jcraft:phrekka1"
        }
      ],
      "may_hit_user": true,
      "mobility_type": "DASH",
      "name": {
        "text": "Rekka Series"
      }
    },
    "hitbox_size": 1.5,
    "knockback": 0.5,
    "move_distance": 1.0,
    "offset": 0.0,
    "stun": 15,
    "windup": 7
  }
}