{
  "feature": "eco:blackstone_anvil_rocks",
  "placement": [
    {
      "type": "minecraft:rarity_filter",
      "chance": 2
    },
    {
      "type": "minecraft:count",
      "count": {
        "type": "minecraft:uniform",
        "value": {
          "min_inclusive": 22,
          "max_inclusive": 44
        }
      }
    },
    {
      "type": "minecraft:in_square"
    },
    {
      "type": "minecraft:height_range",
      "height": {
        "type": "minecraft:uniform",
        "min_inclusive": {
          "absolute": -60
        },
        "max_inclusive": {
          "absolute": 150
        }
      }
    },
    {
      "type": "minecraft:environment_scan",
      "direction_of_search": "down",
      "max_steps": 8,
      "target_condition": {
        "type": "minecraft:true"
      },
      "allowed_search_condition": {
        "type": "minecraft:matching_blocks",
        "offset": [
          0,
          -1,
          0
        ],
        "blocks": [
          "minecraft:grass_block",
          "minecraft:dirt",
          "minecraft:coarse_dirt",
          "minecraft:rooted_dirt",
          "minecraft:moss_block",
          "minecraft:sand",
          "minecraft:red_sand",
          "minecraft:terracotta",
          "minecraft:packed_mud"
        ]
      }
    },
    {
      "type": "minecraft:surface_water_depth_filter",
      "max_water_depth": 1
    },
    {
      "type": "minecraft:biome"
    }
  ]
}
