{
  "feature": "eco:bushes_super_dense",
  "placement": [
    {
      "type": "minecraft:count",
      "count": {
        "type": "minecraft:weighted_list",
        "distribution": [
          {
            "data": 27,
            "weight": 20
          },
          {
            "data": 30,
            "weight": 40
          },
          {
            "data": 33,
            "weight": 40
          }
        ]
      }
    },
    {
      "type": "minecraft:in_square"
    },
    {
      "max_water_depth": 0,
      "type": "minecraft:surface_water_depth_filter"
    },
    {
      "heightmap": "OCEAN_FLOOR",
      "type": "minecraft:heightmap"
    },
    {
      "type": "minecraft:biome"
    }
  ]
}