{
    "feature": "eco:bushes_basic",
    "placement": [
      {
        "type": "minecraft:count",
        "count": {
          "type": "minecraft:weighted_list",
          "distribution": [
            {
              "data": 5,
              "weight": 1
            },
            {
              "data": 3,
              "weight": 6
            },
            {
              "data": 1,
              "weight": 24
            },
            {
              "data": 2,
              "weight": 17
            },
            {
              "data": 0,
              "weight": 17
            }
          ]
        }
      },
      {
        "type": "minecraft:in_square"
      },
      {
        "max_water_depth": 0,
        "type": "minecraft:surface_water_depth_filter"
      },
      {
        "heightmap": "OCEAN_FLOOR",
        "type": "minecraft:heightmap"
      },
      {
        "type": "minecraft:biome"
      }
    ]
  }