{
  "feature": "eco:cave_kelp",
  "placement": [
    {
      "type": "minecraft:noise_based_count",
      "noise_to_count_ratio": 80,
      "noise_factor": 80,
      "noise_offset": 2
    },
    {
      "type": "minecraft:in_square"
    },
    {
      "type": "minecraft:height_range",
      "height": {
        "type": "minecraft:uniform",
        "min_inclusive": {
          "absolute": -48
        },
        "max_inclusive": {
          "absolute": 60
        }
      }
    },
    {
      "type": "minecraft:environment_scan",
      "direction_of_search": "down",
      "max_steps": 32,
      "target_condition": {
        "type": "minecraft:solid"
      },
      "allowed_search_condition": {
        "type": "minecraft:matching_fluids",
        "offset": [
          0,
          1,
          0
        ],
        "fluids": "#minecraft:water"
      }
    },
    {
      "type": "minecraft:biome"
    }
  ]
}
