{
  "feature": "minecraft:dripstone_cluster",
  "placement": [
    {
      "type": "minecraft:count",
      "count": {
        "type": "minecraft:uniform",
        "value": {
          "min_inclusive": 26,
          "max_inclusive": 58
        }
      }
    },
    {
      "type": "minecraft:in_square"
    },
    {
      "type": "minecraft:height_range",
      "height": {
        "type": "minecraft:uniform",
        "min_inclusive": {
          "absolute": -48
        },
        "max_inclusive": {
          "absolute": 30
        }
      }
    },
    {
      "type": "minecraft:environment_scan",
      "direction_of_search": "up",
      "max_steps": 32,
      "target_condition": {
        "type": "minecraft:matching_blocks",
        "blocks": [
          "minecraft:deepslate",
          "minecraft:sandstone"
        ]
      },
      "allowed_search_condition": {
        "type": "minecraft:not",
        "predicate": {
          "type": "minecraft:solid"
        }
      }
    },
    {
      "type": "minecraft:random_offset",
      "xz_spread": 0,
      "y_spread": -1
    },
    {
      "type": "minecraft:biome"
    }
  ]
}
