{
  "feature": "eco:dead_rooted_bushes",
  "placement": [
    {
      "type": "minecraft:noise_based_count",
      "noise_to_count_ratio": 128,
      "noise_factor": 1,
      "noise_offset": 0.3
    },
    {
      "type": "minecraft:in_square"
    },
    {
      "type": "minecraft:surface_water_depth_filter",
      "max_water_depth": 0
    },
    {
      "type": "minecraft:heightmap",
      "heightmap": "OCEAN_FLOOR"
    },
    {
      "type": "minecraft:biome"
    }
  ]
}
