{
  "feature": "eco:bushes_basic",
  "placement": [
    {
      "type": "minecraft:noise_based_count",
      "noise_to_count_ratio": 2,
      "noise_factor": 2,
      "noise_offset": 0.1
    },
    {
      "type": "minecraft:count",
      "count": {
        "type": "minecraft:uniform",
        "value": {
          "min_inclusive": 16,
          "max_inclusive": 48
        }
      }
    },
    {
      "type": "minecraft:in_square"
    },
    {
      "type": "minecraft:surface_water_depth_filter",
      "max_water_depth": 0
    },
    {
      "type": "minecraft:heightmap",
      "heightmap": "OCEAN_FLOOR"
    },
    {
      "type": "minecraft:biome"
    }
  ]
}
