{
  "feature": "eco:fallen_tree_dark_oak",
  "placement": [
    {
      "type": "minecraft:rarity_filter",
      "chance": 3
    },
    {
      "type": "minecraft:in_square"
    },
    {
      "type": "minecraft:heightmap",
      "heightmap": "WORLD_SURFACE_WG"
    },
    {
      "type": "minecraft:environment_scan",
      "direction_of_search": "down",
      "max_steps": 1,
      "target_condition": {
        "type": "minecraft:matching_blocks",
        "offset": [
          0,
          0,
          0
        ],
        "blocks": [
          "minecraft:grass_block",
          "minecraft:dirt",
          "minecraft:coarse_dirt",
          "minecraft:rooted_dirt",
          "minecraft:moss_block"
        ]
      }
    },
    {
      "type": "minecraft:biome"
    }
  ]
}
