{
  "feature": "eco:stony_moss",
  "placement": [
    {
      "type": "minecraft:noise_based_count",
      "noise_to_count_ratio": 48,
      "noise_factor": 1,
      "noise_offset": -0.2
    },
    {
      "type": "minecraft:in_square"
    },
    {
      "type": "minecraft:height_range",
      "height": {
        "absolute": 64
      }
    },
    {
      "type": "minecraft:environment_scan",
      "direction_of_search": "down",
      "max_steps": 1,
      "target_condition": {
        "type": "minecraft:matching_blocks",
        "offset": [
          0,
          -1,
          0
        ],
        "blocks": [
          "minecraft:mossy_cobblestone",
          "minecraft:gravel"
        ]
      }
    },
    {
      "type": "minecraft:biome"
    }
  ]
}
