{
  "feature": "eco:lava_fall",
  "placement": [
    {
      "type": "minecraft:count",
      "count": {
        "type": "minecraft:uniform",
        "value": {
          "min_inclusive": 12,
          "max_inclusive": 29
        }
      }
    },
    {
      "type": "minecraft:in_square"
    },
    {
      "type": "minecraft:height_range",
      "height": {
        "type": "minecraft:uniform",
        "min_inclusive": {
          "absolute": -48
        },
        "max_inclusive": {
          "absolute": 60
        }
      }
    },
    {
      "type": "minecraft:biome"
    }
  ]
}
