{
  "feature": "eco:lush_cave_vines",
  "placement": [
    {
      "type": "minecraft:noise_based_count",
      "noise_to_count_ratio": 110,
      "noise_factor": 1,
      "noise_offset": 0.33
    },
    {
      "type": "minecraft:in_square"
    },
    {
      "type": "minecraft:height_range",
      "height": {
        "type": "minecraft:uniform",
        "min_inclusive": {
          "absolute": -48
        },
        "max_inclusive": {
          "absolute": 62
        }
      }
    },
    {
      "type": "minecraft:environment_scan",
      "direction_of_search": "up",
      "max_steps": 1,
      "target_condition": {
        "type": "minecraft:has_sturdy_face",
        "direction": "down"
      },
      "allowed_search_condition": {
        "type": "minecraft:matching_blocks",
        "blocks": [
          "minecraft:air"
        ]
      }
    },
    {
      "type": "minecraft:random_offset",
      "xz_spread": 0,
      "y_spread": -1
    },
    {
      "type": "minecraft:biome"
    }
  ]
}
