{
  "feature": "eco:tall_red_mushrooms",
  "placement": [
    {
      "type": "minecraft:noise_based_count",
      "noise_to_count_ratio": 32,
      "noise_factor": 3,
      "noise_offset": -0.2
    },
    {
      "type": "minecraft:count",
      "count": 2
    },
    {
      "type": "minecraft:in_square"
    },
    {
      "type": "minecraft:surface_water_depth_filter",
      "max_water_depth": 0
    },
    {
      "type": "minecraft:heightmap",
      "heightmap": "OCEAN_FLOOR"
    },
    {
      "type": "minecraft:biome"
    }
  ]
}
