{
  "feature": "minecraft:pointed_dripstone",
  "placement": [
    {
      "type": "minecraft:count",
      "count": {
        "type": "minecraft:uniform",
        "value": {
          "min_inclusive": 192,
          "max_inclusive": 256
        }
      }
    },
    {
      "type": "minecraft:in_square"
    },
    {
      "type": "minecraft:height_range",
      "height": {
        "type": "minecraft:uniform",
        "min_inclusive": {
          "above_bottom": -55
        },
        "max_inclusive": {
          "absolute": 55
        }
      }
    },
    {
      "type": "minecraft:count",
      "count": {
        "type": "minecraft:uniform",
        "value": {
          "min_inclusive": 1,
          "max_inclusive": 5
        }
      }
    },
    {
      "type": "minecraft:random_offset",
      "xz_spread": {
        "type": "minecraft:clamped_normal",
        "value": {
          "min_inclusive": -10,
          "max_inclusive": 10,
          "mean": 0,
          "deviation": 3
        }
      },
      "y_spread": {
        "type": "minecraft:clamped_normal",
        "value": {
          "min_inclusive": -2,
          "max_inclusive": 2,
          "mean": 0,
          "deviation": 0.6
        }
      }
    },
    {
      "type": "minecraft:biome"
    }
  ]
}
