{
  "feature": "eco:rooted_bush",
  "placement": [
    {
      "type": "minecraft:block_predicate_filter",
      "predicate": {
        "type": "minecraft:matching_blocks",
        "offset": [
          0,
          -1,
          0
        ],
        "blocks": [
          "minecraft:snow_block",
          "minecraft:grass_block",
          "minecraft:dirt",
          "minecraft:podzol",
          "minecraft:coarse_dirt",
          "minecraft:rooted_dirt",
          "minecraft:mycelium",
          "minecraft:moss_block",
          "minecraft:mud",
          "minecraft:red_sand"
        ]
      }
    }
  ]
}
