{
  "feature": "minecraft:sculk_patch_deep_dark",
  "placement": [
    {
      "type": "minecraft:count",
      "count": 256
    },
    {
      "type": "minecraft:in_square"
    },
    {
      "type": "minecraft:height_range",
      "height": {
        "type": "minecraft:uniform",
        "min_inclusive": {
          "above_bottom": -55
        },
        "max_inclusive": {
          "absolute": 55
        }
      }
    },
    {
      "type": "minecraft:biome"
    }
  ]
}
