{
  "feature": "minecraft:sculk_vein",
  "placement": [
    {
      "type": "minecraft:count",
      "count": {
        "type": "minecraft:uniform",
        "value": {
          "min_inclusive": 204,
          "max_inclusive": 250
        }
      }
    },
    {
      "type": "minecraft:in_square"
    },
    {
      "type": "minecraft:height_range",
      "height": {
        "type": "minecraft:uniform",
        "min_inclusive": {
          "above_bottom": -55
        },
        "max_inclusive": {
          "absolute": 55
        }
      }
    },
    {
      "type": "minecraft:biome"
    }
  ]
}