{
  "feature": "eco:calcite_pillar",
  "placement": [
    {
      "type": "minecraft:count",
      "count": {
        "type": "minecraft:weighted_list",
        "distribution": [
          {
            "weight": 3,
            "data": 2
          },
          {
            "weight": 1,
            "data": 6
          },
          {
            "weight": 14,
            "data": 0
          },
          {
            "weight": 7,
            "data": 1
          }
        ]
      }
    },
    {
      "type": "minecraft:in_square"
    },
    {
      "type": "minecraft:height_range",
      "height": {
        "type": "minecraft:uniform",
        "min_inclusive": {
          "absolute": -48
        },
        "max_inclusive": {
          "absolute": 60
        }
      }
    },
    {
      "type": "minecraft:biome"
    }
  ]
}
