{
  "feature": "eco:terracotta_pond",
  "placement": [
    {
      "type": "minecraft:noise_based_count",
      "noise_to_count_ratio": 1,
      "noise_factor": 1,
      "noise_offset": -0.44
    },
    {
      "type": "minecraft:count",
      "count": 4
    },
    {
      "type": "minecraft:in_square"
    },
    {
      "type": "minecraft:heightmap",
      "heightmap": "OCEAN_FLOOR_WG"
    },
    {
      "type": "minecraft:surface_water_depth_filter",
      "max_water_depth": 0
    },
    {
      "type": "minecraft:biome"
    }
  ]
}
