{
  "feature": "eco:trees_giant_mangrove",
  "placement": [
    {
      "type": "minecraft:noise_based_count",
      "noise_to_count_ratio": 1,
      "noise_factor": 2,
      "noise_offset": -0.3
    },
    {
      "type": "minecraft:random_offset",
      "xz_spread": {
        "type": "minecraft:uniform",
        "value": {
          "min_inclusive": 3,
          "max_inclusive": 12
        }
      },
      "y_spread": 0
    },
    {
      "type": "minecraft:surface_water_depth_filter",
      "max_water_depth": 3
    },
    {
      "type": "minecraft:environment_scan",
      "direction_of_search": "up",
      "max_steps": 1,
      "target_condition": {
        "type": "minecraft:matching_fluids",
        "offset": [
          0,
          0,
          0
        ],
        "fluids": "minecraft:water"
      }
    },
    {
      "type": "minecraft:heightmap",
      "heightmap": "OCEAN_FLOOR"
    },
    {
      "type": "minecraft:biome"
    }
  ]
}
