{
  "feature": "minecraft:mangrove_vegetation",
  "placement": [
    {
      "type": "minecraft:count",
      "count": 6
    },
    {
      "type": "minecraft:in_square"
    },
    {
      "type": "minecraft:surface_water_depth_filter",
      "max_water_depth": 5
    },
    {
      "type": "minecraft:height_range",
      "height": {
        "type": "minecraft:uniform",
        "min_inclusive": {
          "absolute": 59
        },
        "max_inclusive": {
          "absolute": 64
        }
      }
    },
    {
      "type": "minecraft:biome"
    },
    {
      "type": "minecraft:block_predicate_filter",
      "predicate": {
        "type": "minecraft:would_survive",
        "state": {
          "Name": "minecraft:mangrove_propagule",
          "Properties": {
            "age": "0",
            "hanging": "false",
            "stage": "0",
            "waterlogged": "false"
          }
        }
      }
    }
  ]
}
