{
    "type": "create:mechanical_crafting",
    "pattern": [
      "PAP",
      " S ",
      "PEP"
    ],
    "key": {
      "E": [
        {
          "item": "immersive_aircraft:boiler"
        }
      ],
      "A": [
        {
          "item": "create:andesite_casing"
        }
      ],
      "S": [
        {
          "item": "minecraft:string"
        }
      ],
      "P": [
        {
          "item": "create:propeller"
        }
      ]
    },
    "result": {
      "item": "immersive_aircraft:quadrocopter"
    }
  }
  