{
  "aerial_variant": {
    "anim_state": "AIR_LIGHT",
    "class": "LIGHT",
    "cooldown_type": "STAND_LIGHT",
    "followup": {
      "anim_state": "LIGHT_FOLLOWUP",
      "class": "LIGHT",
      "cooldown_type": "STAND_LIGHT",
      "move": {
        "type": "jcraft:shared_simple_attack",
        "attack_extras": {
          "backstab": true,
          "block_stun": 4,
          "extra_hit_boxes": [
            {
              "size": 1.0,
              "vertical_offset": 0.25
            }
          ],
          "hit_animation": "LAUNCH",
          "hit_spark": "HIT_SPARK_2",
          "override_stun": true,
          "shockwaves": true,
          "stun_type": "LAUNCH"
        },
        "cooldown": 0,
        "damage": 6.0,
        "duration": 13,
        "extras": {
          "actions": [
            {
              "type": "jcraft:play_sound",
              "on_impact": true,
              "sound": "jcraft:impact1"
            }
          ],
          "description": {
            "text": "quick combo finisher"
          },
          "name": {
            "text": "Punch"
          }
        },
        "hitbox_size": 1.5,
        "knockback": 1.0,
        "move_distance": 0.75,
        "offset": -0.1,
        "stun": 8,
        "windup": 6
      }
    },
    "move": {
      "type": "jcraft:shared_simple_attack",
      "attack_extras": {
        "backstab": true,
        "block_stun": 8,
        "extra_hit_boxes": [
          {
            "size": 1.0,
            "vertical_offset": -1.0
          }
        ],
        "hit_animation": "HIGH",
        "hit_spark": "HIT_SPARK_1"
      },
      "cooldown": 20,
      "damage": 4.0,
      "duration": 12,
      "extras": {
        "actions": [
          {
            "type": "jcraft:play_sound",
            "on_impact": true,
            "sound": "jcraft:impact1"
          }
        ],
        "description": {
          "text": "medium stun combo starter, low hitbox, low blockstun"
        },
        "name": {
          "text": "Downward Kick"
        }
      },
      "hitbox_size": 1.25,
      "knockback": 0.4,
      "move_distance": 0.75,
      "offset": 0.33,
      "stun": 20,
      "windup": 5
    }
  },
  "anim_state": "LIGHT",
  "class": "LIGHT",
  "cooldown_type": "STAND_LIGHT",
  "move": {
    "type": "jcraft:shared_simple_attack",
    "attack_extras": {
      "backstab": true,
      "block_stun": 4,
      "hit_animation": "MID",
      "hit_spark": "HIT_SPARK_1"
    },
    "cooldown": 10,
    "damage": 5.0,
    "duration": 9,
    "extras": {
      "actions": [
        {
          "type": "jcraft:play_sound",
          "on_impact": true,
          "sound": "jcraft:impact1"
        }
      ],
      "description": {
        "text": "quick combo starter"
      },
      "name": {
        "text": "Punch"
      }
    },
    "hitbox_size": 1.5,
    "knockback": 0.2,
    "move_distance": 0.75,
    "offset": -0.1,
    "stun": 8,
    "windup": 5
  }
}