{
  "values": [
    "minecraft:bread",
    "minecraft:cake",
    "minecraft:wheat",
    {
      "id": "alexsmobs:shrimp_fried_rice",
      "required": false
    },
    {
      "id": "aoa3:gingerbread_cookie",
      "required": false
    },
    {
      "id": "ashenwheat:ash_wheat_sheaf",
      "required": false
    },
    {
      "id": "ashenwheat:scintilla_wheat_sheaf",
      "required": false
    },
    {
      "id": "atum:emmer_dough",
      "required": false
    },
    {
      "id": "autumnity:pancake",
      "required": false
    },
    {
      "id": "blueberry:blueberry_muffin",
      "required": false
    },
    {
      "id": "create:sweet_roll",
      "required": false
    },
    {
      "id": "createaddition:chocolate_cake",
      "required": false
    },
    {
      "id": "createaddition:honey_cake",
      "required": false
    },
    {
      "id": "crockpot:froggle_bunwich",
      "required": false
    },
    {
      "id": "croptopia:apple_pie",
      "required": false
    },
    {
      "id": "croptopia:barley",
      "required": false
    },
    {
      "id": "croptopia:beer",
      "required": false
    },
    {
      "id": "croptopia:cheese_cake",
      "required": false
    },
    {
      "id": "croptopia:cherry_pie",
      "required": false
    },
    {
      "id": "croptopia:doughnut",
      "required": false
    },
    {
      "id": "croptopia:oat",
      "required": false
    },
    {
      "id": "croptopia:rice",
      "required": false
    },
    {
      "id": "croptopia:scones",
      "required": false
    },
    {
      "id": "croptopia:tres_leche_cake",
      "required": false
    },
    {
      "id": "croptopia:tuna_sandwich",
      "required": false
    },
    {
      "id": "druidcraft:blueberry_muffin",
      "required": false
    },
    {
      "id": "extrafood:cupcake",
      "required": false
    },
    {
      "id": "extrafood:pancake",
      "required": false
    },
    {
      "id": "extrafood:rice",
      "required": false
    },
    {
      "id": "extrafoods:chocolate_chip_waffle",
      "required": false
    },
    {
      "id": "extrafoods:waffle",
      "required": false
    },
    {
      "id": "farmersdelight:honey_glazed_ham",
      "required": false
    },
    {
      "id": "farmersdelight:pie_crust",
      "required": false
    },
    {
      "id": "farmersdelight:raw_pasta",
      "required": false
    },
    {
      "id": "farmersdelight:rice",
      "required": false
    },
    {
      "id": "farmersdelight:roast_chicken",
      "required": false
    },
    {
      "id": "farmersdelight:stuffed_pumpkin",
      "required": false
    },
    {
      "id": "fluffy_farmer:pilaf",
      "required": false
    },
    {
      "id": "fluffy_farmer:soaked_rice",
      "required": false
    },
    {
      "id": "fluffy_farmer:soul_wheat",
      "required": false
    },
    {
      "id": "foodexpansion:chocolate_cake",
      "required": false
    },
    {
      "id": "iceandfire:cannoli",
      "required": false
    },
    {
      "id": "largemeals:omurice",
      "required": false
    },
    {
      "id": "meetyourfight:aether_glazed_cupcake",
      "required": false
    },
    {
      "id": "minecolonies:bread_dough",
      "required": false
    },
    {
      "id": "minecolonies:cake_batter",
      "required": false
    },
    {
      "id": "minecolonies:chorus_bread",
      "required": false
    },
    {
      "id": "minecolonies:cookie_dough",
      "required": false
    },
    {
      "id": "minecolonies:golden_bread",
      "required": false
    },
    {
      "id": "minecolonies:milky_bread",
      "required": false
    },
    {
      "id": "minecolonies:sugary_bread",
      "required": false
    },
    {
      "id": "neapolitan:adzuki_cake",
      "required": false
    },
    {
      "id": "neapolitan:banana_cake",
      "required": false
    },
    {
      "id": "neapolitan:chocolate_cake",
      "required": false
    },
    {
      "id": "neapolitan:mint_cake",
      "required": false
    },
    {
      "id": "neapolitan:strawberry_cake",
      "required": false
    },
    {
      "id": "neapolitan:vanilla_cake",
      "required": false
    },
    {
      "id": "pamhc2crops:barleyitem",
      "required": false
    },
    {
      "id": "pamhc2crops:chickpeaitem",
      "required": false
    },
    {
      "id": "pamhc2crops:oatsitem",
      "required": false
    },
    {
      "id": "pamhc2crops:riceitem",
      "required": false
    },
    {
      "id": "pamhc2crops:ryeitem",
      "required": false
    },
    {
      "id": "pamhc2foodcore:batteritem",
      "required": false
    },
    {
      "id": "pamhc2foodcore:flouritem",
      "required": false
    },
    {
      "id": "pamhc2foodextended:aebleskiversitem",
      "required": false
    },
    {
      "id": "pamhc2foodextended:briochebunitem",
      "required": false
    },
    {
      "id": "pamhc2foodextended:cornmealitem",
      "required": false
    },
    {
      "id": "pamhc2foodextended:eggsbenedictitem",
      "required": false
    },
    {
      "id": "pamhc2foodextended:fishdinneritem",
      "required": false
    },
    {
      "id": "pamhc2foodextended:frosteddonutitem",
      "required": false
    },
    {
      "id": "pamhc2foodextended:hummusitem",
      "required": false
    },
    {
      "id": "pamhc2foodextended:hushpuppiesitem",
      "required": false
    },
    {
      "id": "pamhc2foodextended:leafyfishsandwichitem",
      "required": false
    },
    {
      "id": "pamhc2foodextended:mochicakeitem",
      "required": false
    },
    {
      "id": "pamhc2foodextended:padthaiitem",
      "required": false
    },
    {
      "id": "pamhc2foodextended:peachesandcreamoatmealitem",
      "required": false
    },
    {
      "id": "pamhc2foodextended:pineappleupsidedowncakeitem",
      "required": false
    },
    {
      "id": "pamhc2foodextended:pinkelitem",
      "required": false
    },
    {
      "id": "pamhc2foodextended:rivermudcakeitem",
      "required": false
    },
    {
      "id": "pamhc2foodextended:schnitzelitem",
      "required": false
    },
    {
      "id": "pamhc2foodextended:spicebunitem",
      "required": false
    },
    {
      "id": "pamhc2foodextended:springrollitem",
      "required": false
    },
    {
      "id": "pamhc2foodextended:sugarcookieitem",
      "required": false
    },
    {
      "id": "pamhc2foodextended:timtamitem",
      "required": false
    },
    {
      "id": "pamhc2foodextended:tortillachipsitem",
      "required": false
    },
    {
      "id": "pamhc2foodextended:vanillaconchasbreaditem",
      "required": false
    },
    {
      "id": "peculiars:aloe_cake",
      "required": false
    },
    {
      "id": "peculiars:passionfruit_cake",
      "required": false
    },
    {
      "id": "peculiars:yucca_cake",
      "required": false
    },
    {
      "id": "pneumaticcraft:salmon_tempura",
      "required": false
    },
    {
      "id": "pneumaticcraft:sourdough",
      "required": false
    },
    {
      "id": "pumpkin_spice_everything:pumpkin_spice_cake",
      "required": false
    },
    {
      "id": "rankine:cake_slice",
      "required": false
    },
    {
      "id": "rankine:corn_flour",
      "required": false
    },
    {
      "id": "rankine:pancake_batter",
      "required": false
    },
    {
      "id": "rankine:rice",
      "required": false
    },
    {
      "id": "rankine:rice_flour",
      "required": false
    },
    {
      "id": "rankine:wheat_flour",
      "required": false
    },
    {
      "id": "seasonals:pumpkin_cake",
      "required": false
    },
    {
      "id": "seasonals:sweet_berry_cake",
      "required": false
    },
    {
      "id": "simpledelights:fruit_tart",
      "required": false
    },
    {
      "id": "simpledelights:plum_pudding",
      "required": false
    },
    {
      "id": "simpledelights:strawberry_shortcake",
      "required": false
    },
    {
      "id": "simplefarming:barley",
      "required": false
    },
    {
      "id": "simplefarming:birthday_cake",
      "required": false
    },
    {
      "id": "simplefarming:chocolate_cake",
      "required": false
    },
    {
      "id": "simplefarming:oat",
      "required": false
    },
    {
      "id": "simplefarming:pancakes",
      "required": false
    },
    {
      "id": "simplefarming:rice",
      "required": false
    },
    {
      "id": "simplefarming:rye",
      "required": false
    },
    {
      "id": "supplementaries:pancake",
      "required": false
    },
    {
      "id": "survivalplus:cheese_cake",
      "required": false
    },
    {
      "id": "survivalplus:sponge_cake",
      "required": false
    },
    {
      "id": "thermal:carrot_cake",
      "required": false
    },
    {
      "id": "thermal:chocolate_cake",
      "required": false
    },
    {
      "id": "thermal:rice",
      "required": false
    },
    {
      "id": "thermal:spice_cake",
      "required": false
    },
    {
      "id": "turkish_meals:dough_of_lahmacun",
      "required": false
    },
    {
      "id": "twilightforest:maze_wafer",
      "required": false
    },
    {
      "id": "uniquecrops:goldenrods",
      "required": false
    },
    {
      "id": "uniquecrops:waffle",
      "required": false
    },
    {
      "id": "vanillacookbook:berry_cake",
      "required": false
    },
    {
      "id": "vanillacookbook:berry_pancake",
      "required": false
    },
    {
      "id": "vanillacookbook:book_cake",
      "required": false
    },
    {
      "id": "vanillacookbook:carrot_cake",
      "required": false
    },
    {
      "id": "vanillacookbook:chocolate_cake",
      "required": false
    },
    {
      "id": "vanillacookbook:chorus_cake",
      "required": false
    },
    {
      "id": "vanillacookbook:honey_pancake",
      "required": false
    },
    {
      "id": "vanillacookbook:ice_cream_cake",
      "required": false
    },
    {
      "id": "vanillacookbook:mohnkuchen",
      "required": false
    },
    {
      "id": "vanillacookbook:pancake",
      "required": false
    },
    {
      "id": "vanillacookbook:rose_cake",
      "required": false
    },
    {
      "id": "vanillafoodpantry:apple_bread",
      "required": false
    },
    {
      "id": "vanillafoodpantry:apple_muffin",
      "required": false
    },
    {
      "id": "vanillafoodpantry:beets_bread",
      "required": false
    },
    {
      "id": "vanillafoodpantry:bread_pocket_fish_salad",
      "required": false
    },
    {
      "id": "vanillafoodpantry:bread_pocket_roast_veg",
      "required": false
    },
    {
      "id": "vanillafoodpantry:carrot_muffin",
      "required": false
    },
    {
      "id": "vanillafoodpantry:chocolate_sunbutter_sandwich",
      "required": false
    },
    {
      "id": "vanillafoodpantry:cookie_apple",
      "required": false
    },
    {
      "id": "vanillafoodpantry:cyclops_sandwich",
      "required": false
    },
    {
      "id": "vanillafoodpantry:decker_cheesesteak",
      "required": false
    },
    {
      "id": "vanillafoodpantry:decker_cuban",
      "required": false
    },
    {
      "id": "vanillafoodpantry:decker_fish",
      "required": false
    },
    {
      "id": "vanillafoodpantry:decker_mutton",
      "required": false
    },
    {
      "id": "vanillafoodpantry:decker_steak",
      "required": false
    },
    {
      "id": "vanillafoodpantry:decker_veggie",
      "required": false
    },
    {
      "id": "vanillafoodpantry:enriched_pumpkin_pie",
      "required": false
    },
    {
      "id": "vanillafoodpantry:fish_sausage_mashwrap",
      "required": false
    },
    {
      "id": "vanillafoodpantry:honey_bread",
      "required": false
    },
    {
      "id": "vanillafoodpantry:honey_muffin",
      "required": false
    },
    {
      "id": "vanillafoodpantry:honey_sunbutter_sandwich",
      "required": false
    },
    {
      "id": "vanillafoodpantry:klingon_bread",
      "required": false
    },
    {
      "id": "vanillafoodpantry:molasses_bread",
      "required": false
    },
    {
      "id": "vanillafoodpantry:mushroom_stew_combo",
      "required": false
    },
    {
      "id": "vanillafoodpantry:portion_bread",
      "required": false
    },
    {
      "id": "vanillafoodpantry:portion_flour",
      "required": false
    },
    {
      "id": "vanillafoodpantry:potato_bread",
      "required": false
    },
    {
      "id": "vanillafoodpantry:pumpkin_bread",
      "required": false
    },
    {
      "id": "vanillafoodpantry:pumpkin_pigtail_stew_combo",
      "required": false
    },
    {
      "id": "vanillafoodpantry:uglifruit_muffin",
      "required": false
    },
    {
      "id": "vanillafoodpantry:veggie_stew_combo",
      "required": false
    },
    {
      "id": "xercamod:ender_cupcake",
      "required": false
    },
    {
      "id": "xercamod:item_apple_cupcake",
      "required": false
    },
    {
      "id": "xercamod:item_apple_pie",
      "required": false
    },
    {
      "id": "xercamod:item_carrot_cupcake",
      "required": false
    },
    {
      "id": "xercamod:item_cocoa_cupcake",
      "required": false
    },
    {
      "id": "xercamod:item_donut",
      "required": false
    },
    {
      "id": "xercamod:item_fancy_apple_cupcake",
      "required": false
    },
    {
      "id": "xercamod:item_fancy_donut",
      "required": false
    },
    {
      "id": "xercamod:item_fancy_pumpkin_cupcake",
      "required": false
    },
    {
      "id": "xercamod:item_honey_cupcake",
      "required": false
    },
    {
      "id": "xercamod:item_melon_cupcake",
      "required": false
    },
    {
      "id": "xercamod:item_pumpkin_cupcake",
      "required": false
    },
    {
      "id": "xercamod:item_rice_seeds",
      "required": false
    },
    {
      "id": "xercamod:sweet_berry_cupcake",
      "required": false
    },
    {
      "id": "xercamod:sweet_berry_cupcake_fancy",
      "required": false
    },
    {
      "id": "xercamod:sweet_berry_pie",
      "required": false
    },
    {
      "id": "gnumus:gnumus_chickpeas",
      "required": false
    },
    {
      "id": "alexscaves:pine_nuts",
      "required": false
    }
  ]
}