{
  "values": [
    "#forge:dyes",
    "#forge:bookshelves",
    "#forge:chests",
    "#forge:cobblestone",
    "#forge:dusts",
    "#forge:end_stones",
    "#forge:ender_pearls",
    "#forge:feathers",
    "#forge:fence_gates",
    "#forge:gems",
    "#forge:glass",
    "#forge:glass_panes",
    "#forge:gravel",
    "#forge:gunpowder",
    "#forge:heads",
    "#forge:ingots",
    "#forge:leather",
    "#forge:nether_stars",
    "#forge:netherrack",
    "#forge:nuggets",
    "#forge:obsidian",
    "#forge:ores",
    "#forge:rods",
    "#forge:sand",
    "#forge:shears",
    "#forge:stained_glass",
    "#forge:stone",
    "#forge:storage_blocks",
    "#forge:string",
    "#minecraft:wool",
    "#minecraft:planks",
    "#minecraft:stone_bricks",
    "#minecraft:buttons",
    "#minecraft:wool_carpets",
    "#minecraft:wooden_pressure_plates",
    "#minecraft:doors",
    "#minecraft:logs",
    "#minecraft:banners",
    "#minecraft:sand",
    "#minecraft:stairs",
    "#minecraft:slabs",
    "#minecraft:fences",
    "#minecraft:boats",
    "#minecraft:signs",
    "#minecraft:music_discs",
    "#minecraft:coals",
    "#minecraft:arrows",
    "#minecraft:lectern_books",
    "minecraft:water_bucket",
    "minecraft:glass_bottle",
    "minecraft:ice",
    "minecraft:packed_ice",
    "minecraft:blue_ice",
    "minecraft:paper",
    "minecraft:potion",
    "minecraft:shulker_shell",
    {
      "id": "butchersdelight:black_pepper",
      "required": false
    },
    {
      "id": "butchersdelight:garlic",
      "required": false
    },
    {
      "id": "croptopia:butter",
      "required": false
    },
    {
      "id": "croptopia:olive_oil",
      "required": false
    },
    {
      "id": "croptopia:soy_sauce",
      "required": false
    },
    {
      "id": "croptopia:whipping_cream",
      "required": false
    },
    {
      "id": "fluffy_farmer:cinnamon",
      "required": false
    },
    {
      "id": "mysticalworld:vinegar",
      "required": false
    },
    {
      "id": "neapolitan:dried_vanilla_pods",
      "required": false
    },
    {
      "id": "neapolitan:mint_leaves",
      "required": false
    },
    {
      "id": "pamhc2crops:garlicitem",
      "required": false
    },
    {
      "id": "pamhc2crops:hotcoffeeitem",
      "required": false
    },
    {
      "id": "pamhc2crops:hotteaitem",
      "required": false
    },
    {
      "id": "pamhc2crops:spiceleafitem",
      "required": false
    },
    {
      "id": "pamhc2foodcore:butteritem",
      "required": false
    },
    {
      "id": "pamhc2foodcore:cookingoilitem",
      "required": false
    },
    {
      "id": "pamhc2foodcore:creamitem",
      "required": false
    },
    {
      "id": "pamhc2foodcore:mayonaiseitem",
      "required": false
    },
    {
      "id": "pamhc2foodcore:vinegaritem",
      "required": false
    },
    {
      "id": "pamhc2foodextended:bbqsauceitem",
      "required": false
    },
    {
      "id": "pamhc2foodextended:groundcinnamonitem",
      "required": false
    },
    {
      "id": "pamhc2foodextended:hoisinsauceitem",
      "required": false
    },
    {
      "id": "pamhc2foodextended:hotsauceitem",
      "required": false
    },
    {
      "id": "pamhc2foodextended:ketchupitem",
      "required": false
    },
    {
      "id": "pamhc2foodextended:mushroomoilitem",
      "required": false
    },
    {
      "id": "pamhc2foodextended:mustarditem",
      "required": false
    },
    {
      "id": "pamhc2foodextended:oystersauceitem",
      "required": false
    },
    {
      "id": "pamhc2foodextended:relishitem",
      "required": false
    },
    {
      "id": "pamhc2foodextended:saladdressingitem",
      "required": false
    },
    {
      "id": "pamhc2foodextended:saltandpepperitem",
      "required": false
    },
    {
      "id": "pamhc2foodextended:sesameoilitem",
      "required": false
    },
    {
      "id": "pamhc2foodextended:soysauceitem",
      "required": false
    },
    {
      "id": "pamhc2foodextended:vegemiteitem",
      "required": false
    },
    {
      "id": "simplefarming:ginger",
      "required": false
    },
    {
      "id": "simplefarming:olive_oil",
      "required": false
    },
    {
      "id": "simplefarming:vinegar",
      "required": false
    },
    {
      "id": "simplytea:cup",
      "required": false
    },
    {
      "id": "vanillafoodpantry:drying_agent",
      "required": false
    },
    {
      "id": "vanillafoodpantry:egg_white",
      "required": false
    },
    {
      "id": "vanillafoodpantry:enzyme_extractor_agent",
      "required": false
    },
    {
      "id": "vanillafoodpantry:foodpowder_jerky_mix",
      "required": false
    },
    {
      "id": "vanillafoodpantry:foodpowder_potato_starch",
      "required": false
    },
    {
      "id": "vanillafoodpantry:leavening_agent",
      "required": false
    },
    {
      "id": "vanillafoodpantry:portion_butter",
      "required": false
    },
    {
      "id": "vanillafoodpantry:portion_milk",
      "required": false
    },
    {
      "id": "vanillafoodpantry:rennet",
      "required": false
    },
    {
      "id": "vanillafoodpantry:salt",
      "required": false
    },
    {
      "id": "vanillafoodpantry:seedoil_jar",
      "required": false
    },
    {
      "id": "vanillafoodpantry:sunbutter_jar",
      "required": false
    }
  ]
}