{
  "values": [
    "minecraft:cake",
    {
      "id": "atmospheric:yucca_gateau",
      "required": false
    },
    {
      "id": "autumnity:cooked_turkey",
      "required": false
    },
    {
      "id": "autumnity:pancake",
      "required": false
    },
    {
      "id": "autumnity:turkey",
      "required": false
    },
    {
      "id": "betteranimalsplus:turkey_cooked",
      "required": false
    },
    {
      "id": "betteranimalsplus:turkey_raw",
      "required": false
    },
    {
      "id": "createaddition:chocolate_cake",
      "required": false
    },
    {
      "id": "createaddition:honey_cake",
      "required": false
    },
    {
      "id": "farmersdelight:apple_pie",
      "required": false
    },
    {
      "id": "farmersdelight:chocolate_pie",
      "required": false
    },
    {
      "id": "farmersdelight:sweet_berry_cheesecake",
      "required": false
    },
    {
      "id": "foodexpansion:chocolate_cake",
      "required": false
    },
    {
      "id": "neapolitan:adzuki_cake",
      "required": false
    },
    {
      "id": "neapolitan:banana_cake",
      "required": false
    },
    {
      "id": "neapolitan:chocolate_cake",
      "required": false
    },
    {
      "id": "neapolitan:mint_cake",
      "required": false
    },
    {
      "id": "neapolitan:strawberry_cake",
      "required": false
    },
    {
      "id": "neapolitan:vanilla_cake",
      "required": false
    },
    {
      "id": "nefdecomod:meal_01",
      "required": false
    },
    {
      "id": "nefdecomod:meal_02",
      "required": false
    },
    {
      "id": "nefdecomod:meal_03",
      "required": false
    },
    {
      "id": "nefdecomod:meal_04",
      "required": false
    },
    {
      "id": "nethers_delight:stuffed_hoglin_item",
      "required": false
    },
    {
      "id": "peculiars:aloe_cake",
      "required": false
    },
    {
      "id": "peculiars:passionfruit_cake",
      "required": false
    },
    {
      "id": "peculiars:yucca_cake",
      "required": false
    },
    {
      "id": "pumpkin_spice_everything:pumpkin_spice_cake",
      "required": false
    },
    {
      "id": "rankine:aged_cheese",
      "required": false
    },
    {
      "id": "rankine:unaged_cheese",
      "required": false
    },
    {
      "id": "seasonals:pumpkin_cake",
      "required": false
    },
    {
      "id": "seasonals:sweet_berry_cake",
      "required": false
    },
    {
      "id": "simplefarming:birthday_cake",
      "required": false
    },
    {
      "id": "simplefarming:cheese_block",
      "required": false
    },
    {
      "id": "simplefarming:chocolate_cake",
      "required": false
    },
    {
      "id": "supplementaries:pancake",
      "required": false
    },
    {
      "id": "survivalplus:cheese_cake",
      "required": false
    },
    {
      "id": "survivalplus:sponge_cake",
      "required": false
    },
    {
      "id": "tconstruct:blood_cake",
      "required": false
    },
    {
      "id": "tconstruct:earth_cake",
      "required": false
    },
    {
      "id": "tconstruct:ender_cake",
      "required": false
    },
    {
      "id": "tconstruct:magma_cake",
      "required": false
    },
    {
      "id": "tconstruct:sky_cake",
      "required": false
    },
    {
      "id": "thermal:carrot_cake",
      "required": false
    },
    {
      "id": "thermal:cheese_wheel",
      "required": false
    },
    {
      "id": "thermal:chocolate_cake",
      "required": false
    },
    {
      "id": "thermal:potion_cake",
      "required": false
    },
    {
      "id": "thermal:spice_cake",
      "required": false
    },
    {
      "id": "thermal:stuffed_pumpkin",
      "required": false
    },
    {
      "id": "vanillacookbook:berry_cake",
      "required": false
    },
    {
      "id": "vanillacookbook:book_cake",
      "required": false
    },
    {
      "id": "vanillacookbook:brownie_tray",
      "required": false
    },
    {
      "id": "vanillacookbook:carrot_cake",
      "required": false
    },
    {
      "id": "vanillacookbook:cheesecake",
      "required": false
    },
    {
      "id": "vanillacookbook:chocolate_cake",
      "required": false
    },
    {
      "id": "vanillacookbook:chorus_cake",
      "required": false
    },
    {
      "id": "vanillacookbook:ice_cream_cake",
      "required": false
    },
    {
      "id": "vanillacookbook:mohnkuchen",
      "required": false
    },
    {
      "id": "vanillacookbook:pancake_stack",
      "required": false
    },
    {
      "id": "vanillacookbook:rose_cake",
      "required": false
    },
    {
      "id": "xercamod:item_apple_pie",
      "required": false
    },
    {
      "id": "xercamod:sweet_berry_pie",
      "required": false
    }
  ]
}