{
  "parent": "minecraft:recipes/root",
  "criteria": {
    "has_diary_page": {
      "conditions": {
        "items": [
          {
            "items": [
              "jcraft:diary_page"
            ]
          }
        ]
      },
      "trigger": "minecraft:inventory_changed"
    },
    "has_nether_star": {
      "conditions": {
        "items": [
          {
            "items": [
              "minecraft:nether_star"
            ]
          }
        ]
      },
      "trigger": "minecraft:inventory_changed"
    },
    "has_the_recipe": {
      "conditions": {
        "recipe": "jcraft:dios_diary"
      },
      "trigger": "minecraft:recipe_unlocked"
    }
  },
  "requirements": [
    [
      "has_nether_star",
      "has_diary_page",
      "has_the_recipe"
    ]
  ],
  "rewards": {
    "recipes": [
      "jcraft:dios_diary"
    ]
  },
  "sends_telemetry_event": false
}