{
  "parent": "minecraft:recipes/root",
  "criteria": {
    "has_the_recipe": {
      "conditions": {
        "recipe": "jcraft:green_baby"
      },
      "trigger": "minecraft:recipe_unlocked"
    },
    "has_totem": {
      "conditions": {
        "items": [
          {
            "items": [
              "minecraft:totem_of_undying"
            ]
          }
        ]
      },
      "trigger": "minecraft:inventory_changed"
    }
  },
  "requirements": [
    [
      "has_totem",
      "has_the_recipe"
    ]
  ],
  "rewards": {
    "recipes": [
      "jcraft:green_baby"
    ]
  },
  "sends_telemetry_event": false
}