{
  "parent": "minecraft:recipes/root",
  "criteria": {
    "has_nugget": {
      "conditions": {
        "items": [
          {
            "items": [
              "minecraft:gold_nugget"
            ]
          }
        ]
      },
      "trigger": "minecraft:inventory_changed"
    },
    "has_the_recipe": {
      "conditions": {
        "recipe": "jcraft:kq_coin"
      },
      "trigger": "minecraft:recipe_unlocked"
    }
  },
  "requirements": [
    [
      "has_nugget",
      "has_the_recipe"
    ]
  ],
  "rewards": {
    "recipes": [
      "jcraft:kq_coin"
    ]
  },
  "sends_telemetry_event": false
}