{
  "parent": "minecraft:recipes/root",
  "criteria": {
    "has_arrow": {
      "conditions": {
        "items": [
          {
            "items": [
              "jcraft:stand_arrow"
            ]
          }
        ]
      },
      "trigger": "minecraft:inventory_changed"
    },
    "has_ruby": {
      "conditions": {
        "items": [
          {
            "items": [
              "jcraft:requiem_ruby"
            ]
          }
        ]
      },
      "trigger": "minecraft:inventory_changed"
    },
    "has_the_recipe": {
      "conditions": {
        "recipe": "jcraft:requiem_arrow"
      },
      "trigger": "minecraft:recipe_unlocked"
    }
  },
  "requirements": [
    [
      "has_arrow",
      "has_ruby",
      "has_the_recipe"
    ]
  ],
  "rewards": {
    "recipes": [
      "jcraft:requiem_arrow"
    ]
  },
  "sends_telemetry_event": false
}