{
    "type": "confluence:workshop",
    "ingredients": [
        {
            "item": "confluence:detoxification_capsule"
        },
        {
            "item": "confluence:nutrient_solution"
        },
        {
            "item": "confluence:searchlight"
        },
        {
            "item": "confluence:the_plan"
        },
        {
            "item": "confluence:explorers_equipment"
        }
    ],
    "result": {
        "item": "confluence:ankh_charm"
    }
}
