{
  "anim_state": "TREE",
  "class": "UTILITY",
  "cooldown_type": "UTILITY",
  "move": {
    "type": "jcraft:goldexperience_tree_attack",
    "attack_extras": {
      "backstab": true,
      "block_stun": 9,
      "hit_animation": "MID",
      "hit_spark": "HIT_SPARK_2"
    },
    "cooldown": 280,
    "damage": 5.0,
    "duration": 24,
    "extras": {
      "actions": [
        {
          "type": "jcraft:play_sound",
          "on_impact": true,
          "sound": "jcraft:impact8"
        }
      ],
      "description": {
        "text": "two-hitting launch"
      },
      "init_actions": [
        {
          "type": "jcraft:play_sound",
          "sound": "jcraft:getree"
        }
      ],
      "name": {
        "text": "Tree Summon"
      }
    },
    "hitbox_size": 1.75,
    "knockback": 0.2,
    "move_distance": 1.0,
    "offset": -0.1,
    "stun": 15,
    "windup": 10
  }
}