{
  "type": "scguns:macerating",
  "processingTime": 200,
  "ingredients": [
    [
      {
        "item": "scguns:raw_anthralite"
      },
      {
        "item": "scguns:anthralite_ingot"
      }
    ],
    {
      "item": "minecraft:diamond"
    },
    [
      {
        "item": "scguns:treated_iron_blend"
      },
      {
        "item": "scguns:treated_iron_ingot"
      }
    ],
    {
      "item": "minecraft:lapis_lazuli"
    }
  ],
  "result": {
    "item": "scguns:diamond_steel_blend",
    "count": 5
  }
}
