{
  "type": "scguns:macerating",
  "processingTime": 100,
  "ingredients": [
    [
      {
        "item": "scguns:sulfur_chunk"
      },
      {
        "tag": "forge:dusts/sulfur"
      }
    ],
    {
      "item": "minecraft:sculk"
    },
    [
      {
        "item": "scguns:raw_phosphor"
      },
      {
        "item": "scguns:phosphor_dust"
      }
    ],
    {
      "item": "minecraft:charcoal"
    }
  ],
  "result": {
    "item": "scguns:peal",
    "count": 8
  }
}
