{
  "class": "SPECIAL1",
  "cooldown_type": "STAND_SP1",
  "move": {
    "type": "jcraft:thesun_fire_meteor_attack",
    "cooldown": 100,
    "duration": 24,
    "explosive_if_max": false,
    "extras": {
      "description": {
        "text": "Fires 3 bursts of meteors with high spread.\nAmount of meteors changes proportional to the size of The Sun."
      },
      "name": {
        "text": "Starburst"
      },
      "ranged": true
    },
    "hit_moments": [
      8,
      16,
      24
    ],
    "meteor_divergence": 10.0,
    "meteor_speed": 2.5,
    "meteor_velocity": 1.75,
    "meteors": 3
  }
}