{
  "anim_state": "EMERALD_CHARGE",
  "class": "SPECIAL1",
  "cooldown_type": "STAND_SP1",
  "followup": {
    "anim_state": "EMERALD_SPLASH",
    "class": "SPECIAL1",
    "cooldown_type": "STAND_SP1",
    "move": {
      "type": "jcraft:hierophantgreen_emerald_splash_attack",
      "attack_extras": {
        "backstab": true,
        "block_stun": 4,
        "hit_animation": "MID",
        "hit_spark": "HIT_SPARK_1"
      },
      "cooldown": 0,
      "damage": 0.0,
      "duration": 12,
      "extras": {
        "init_actions": [
          {
            "type": "jcraft:play_sound",
            "sound": "jcraft:hgsplash"
          }
        ],
        "name": {
          "text": "Emerald Splash (Fire)"
        },
        "ranged": true
      },
      "hit_moments": [
        1,
        3,
        5
      ],
      "is_super": false,
      "knockback": 0.0,
      "move_distance": 1.0,
      "offset": 0.0,
      "speed": 1.5,
      "stun": 0
    }
  },
  "move": {
    "type": "jcraft:shared_simple_holdable_move",
    "cooldown": 100,
    "duration": 40,
    "extras": {
      "description": {
        "text": "Fires 3 bursts of emeralds at the opponent.\nBursts contain 3-6 emeralds depending on how long you hold."
      },
      "is_holdable": true,
      "name": {
        "text": "Emerald Splash"
      }
    },
    "minimum_charge": 7,
    "move_distance": 1.0,
    "set_move_stun": false,
    "windup": 0
  }
}