{
  "type": "minecraft:entity",
  "pools": [
    {
      "rolls": 1,
      "entries": [
        {
          "type": "minecraft:item",
          "name": "born_in_chaos_v1:seedof_chaos",
          "weight": 100,
          "functions": [
            {
              "function": "set_count",
              "count": {
                "min": 3,
                "max": 5
              }
            }
          ]
        },
        {
          "type": "minecraft:item",
          "name": "born_in_chaos_v1:lifestealer_skull",
          "weight": 5,
          "functions": [
            {
              "function": "set_count",
              "count": {
                "min": 1,
                "max": 1
              }
            }
          ]
        }
      ]
    },
    {
      "rolls": 1,
      "bonus_rolls": {
        "min": 0,
        "max": 1
      },
      "entries": [
        {
          "type": "minecraft:item",
          "name": "born_in_chaos_v1:pieceofdarkmetal",
          "weight": 50,
          "functions": [
            {
              "function": "set_count",
              "count": {
                "min": 3,
                "max": 7
              }
            }
          ]
        }
      ]
    },
    {
      "rolls": 1,
      "entries": [
        {
          "type": "minecraft:item",
          "name": "born_in_chaos_v1:lifestealer_bone",
          "weight": 10,
          "functions": [
            {
              "function": "set_count",
              "count": {
                "min": 3,
                "max": 5
              }
            }
          ]
        }
      ]
    }
  ],
  "random_sequence": "born_in_chaos_v1:entities/lifestealer_true_form"
}