{
    "type": "minecraft:chest",
    "pools": [
        {
            "rolls": {
                "min": 1,
                "max": 2
            },
            "entries": [
                {
                    "type": "minecraft:item",
                    "name": "confluence:star_cloak",
                    "conditions": [
                        {
                            "condition": "minecraft:random_chance",
                            "chance": 0.2
                        }
                    ]
                }
            ]
        }
    ]
}
