{
  "display": {
    "icon": {
      "item": "gnumus:gnumus_helmet_helmet"
    },
    "title": {
      "translate": "advancements.wellfed_warrior.title"
    },
    "description": {
      "translate": "advancements.wellfed_warrior.descr"
    },
    "frame": "goal",
    "show_toast": true,
    "announce_to_chat": true,
    "hidden": false
  },
  "criteria": {
    "wellfed_warrior": {
      "trigger": "minecraft:inventory_changed",
      "conditions": {
        "items": [
          {
            "items": [
              "gnumus:gnumus_helmet_helmet"
            ],
            "count": {
              "min": 1,
              "max": 1
            }
          }
        ]
      }
    }
  },
  "rewards": {
    "experience": 20
  },
  "parent": "gnumus:vintage_blacksmith"
}