{
  "anim_state": "HEAVY",
  "class": "HEAVY",
  "cooldown_type": "STAND_HEAVY",
  "followup": {
    "anim_state": "OVERHEAD",
    "class": "HEAVY",
    "cooldown_type": "STAND_HEAVY",
    "move": {
      "type": "jcraft:shared_knockdown_attack",
      "attack_extras": {
        "backstab": true,
        "block_stun": 10,
        "hit_animation": "LAUNCH",
        "hit_spark": "HIT_SPARK_3",
        "override_stun": true,
        "shockwaves": true,
        "stun_type": "LAUNCH"
      },
      "cooldown": 160,
      "damage": 9.0,
      "duration": 32,
      "extras": {
        "armor": 2147483647,
        "description": {
          "text": "long windup, knockdown"
        },
        "init_actions": [
          {
            "type": "jcraft:play_sound",
            "sound": "jcraft:kcheavy2"
          }
        ],
        "name": {
          "text": "Overhead Hook"
        }
      },
      "hitbox_size": 2.0,
      "knockback": 1.5,
      "knockdown_duration": 35,
      "move_distance": 0.85,
      "offset": 0.0,
      "stun": 11,
      "windup": 22
    }
  },
  "move": {
    "type": "jcraft:shared_simple_attack",
    "attack_extras": {
      "backstab": true,
      "block_stun": 10,
      "extra_hit_boxes": [
        {
          "size": 1.0,
          "vertical_offset": 0.5
        }
      ],
      "hit_animation": "CRUSH",
      "hit_spark": "HIT_SPARK_2"
    },
    "cooldown": 240,
    "damage": 6.0,
    "duration": 19,
    "extras": {
      "actions": [
        {
          "type": "jcraft:play_sound",
          "on_impact": true,
          "sound": "jcraft:impact9"
        }
      ],
      "description": {
        "text": "medium windup combo starter, has a true followup in the form of a slow, armored knockdown"
      },
      "followup_frame": 7,
      "init_actions": [
        {
          "type": "jcraft:play_sound",
          "sound": "jcraft:kcheavy"
        }
      ],
      "name": {
        "text": "Vertical Chop"
      }
    },
    "hitbox_size": 1.5,
    "knockback": 0.6,
    "move_distance": 0.85,
    "offset": 0.0,
    "stun": 25,
    "windup": 12
  }
}