{
  "type": "minecraft:crafting_shapeless",
  "category": "ammo",
  "ingredients": [
    {
      "item": "scguns:nitro_powder_dust"
    },  {
      "item": "scguns:nitro_powder_dust"
    },  {
      "item": "scguns:nitro_powder_dust"
    },  {
      "item": "scguns:nitro_powder_dust"
    },  {
      "item": "scguns:nitro_powder_dust"
    },  {
      "item": "scguns:nitro_powder_dust"
    },
    {
      "item": "scguns:nitro_powder_dust"
    },
    {
      "item": "scguns:nitro_powder_dust"
    },
    {
      "item": "scguns:nitro_powder_dust"
    }
  ],
  "result": {
    "count": 1,
    "item": "scguns:nitro_powder"
  }
}