{
  "type": "minecraft:crafting_shaped",
  "key": {
    "Q": {
      "item": "minecraft:smooth_stone"
    },
    "I": {
      "item": "minecraft:blast_furnace"
    },
    "X": {
      "item": "scguns:lightning_battery"
    },
    "M":     [
      {
        "item": "minecraft:iron_ingot"
      },
      {
        "item": "scguns:treated_iron_ingot"
      }
    ],
    "R": {
      "item": "minecraft:iron_block"
    }
  },
  "pattern": [
    "MRM",
    "MIM",
    "QXQ"
  ],
  "result": {
    "item": "scguns:powered_mechanical_press"
  }
}