{
  "display": {
    "icon": {
      "item": "mowziesmobs:sol_visage"
    },
    "title": {
      "translate": "advancements.mowziesmobs.kill_umvuthi.title"
    },
    "description": {
      "translate": "advancements.mowziesmobs.kill_umvuthi.description"
    },
    "frame": "challenge"
  },
  "parent": "mowziesmobs:root",
  "criteria": {
    "barako": {
      "trigger": "minecraft:player_killed_entity",
      "conditions": {
        "entity": {
          "type": "mowziesmobs:umvuthi"
        }
      }
    }
  }
}