{
  "display": {
    "icon": {
      "item": "mowziesmobs:umvuthana_mask_fury"
    },
    "title": {
      "translate": "advancements.mowziesmobs.kill_umvuthana_raptor.title"
    },
    "description": {
      "translate": "advancements.mowziesmobs.kill_umvuthana_raptor.description"
    }
  },
  "parent": "mowziesmobs:root",
  "criteria": {
    "umvuthana_raptor": {
      "trigger": "minecraft:player_killed_entity",
      "conditions": {
        "entity": {
          "type": "mowziesmobs:umvuthana_raptor"
        }
      }
    }
  }
}