{
  "display": {
    "icon": {
      "item": "mowziesmobs:naga_fang"
    },
    "title": {
      "translate": "advancements.mowziesmobs.kill_naga.title"
    },
    "description": {
      "translate": "advancements.mowziesmobs.kill_naga.description"
    }
  },
  "parent": "mowziesmobs:root",
  "criteria": {
    "naga": {
      "trigger": "minecraft:player_killed_entity",
      "conditions": {
        "entity": {
          "type": "mowziesmobs:naga"
        }
      }
    }
  }
}