{
  "properties": {
    "fuel": 21.0,
    "yawSpeed": 5.0,
    "pitchSpeed": 4.0,
    "engineSpeed": 0.03,
    "pushSpeed": 0.025,
    "glideFactor": 0.05,
    "driftDrag": 0.01,
    "lift": 0.15,
    "rollFactor": 45.0,
    "groundPitch": 4.0,
    "wind": 0.025,
    "mass": 1.0
  },
  "inventorySlots": [
    {"type": "booster", "x": 17, "y": 66},
    {"type": "weapon", "x": 50, "y": 24},
    {"type": "banner", "x": 72, "y": 24},
    {"type": "upgrade", "x": 50, "y": 46},
    {"type": "upgrade", "x": 72, "y": 46},
    {"type": "upgrade", "x": 50, "y": 68},
    {"type": "upgrade", "x": 72, "y": 68},
    {"type": "boiler", "x": 17, "y": 40},
    {"type": "inventory", "x": 98, "y": 18, "cols": 4, "rows": 4}
  ],
  "weaponMounts": [
    {
      "ROTATING": [
        {"x": 0, "y": 0.9, "z": -1.1875}
      ],
      "FRONT": [
        {"x": -1.0, "y": 0.3375, "z": 1.125},
        {"x": 1.0, "y": 0.3375, "z": 1.125}
      ],
      "DROP": [
        {"x": -1.25, "y": 0.3, "z": 1.125},
        {"x": 1.25, "y": 0.3, "z": 1.125}
      ]
    }
  ],
  "passengerPositions": [
    [
      {"x": 0.0, "y": 0.175, "z": -0.6}
    ]
  ],
  "boundingBoxes": [
    {"width": 1.0, "height": 0.7, "x": 0.75, "y": 0.65, "z": 1.125},
    {"width": 1.0, "height": 0.7, "x": 1.5, "y": 0.65, "z": 1.125},
    {"width": 1.0, "height": 0.7, "x": 2.25, "y": 0.65, "z": 1.125},
    {"width": 1.0, "height": 0.7, "x": 3.0, "y": 0.65, "z": 1.125},
    {"width": 1.0, "height": 0.7, "x": 0.0, "y": 0.65, "z": 1.125},
    {"width": 1.0, "height": 0.7, "x": -0.75, "y": 0.65, "z": 1.125},
    {"width": 1.0, "height": 0.7, "x": -1.5, "y": 0.65, "z": 1.125},
    {"width": 1.0, "height": 0.7, "x": -2.25, "y": 0.65, "z": 1.125},
    {"width": 1.0, "height": 0.7, "x": -3.0, "y": 0.65, "z": 1.125},
    {"width": 0.8, "height": 0.6, "x": 0.0, "y": 0.65, "z": -1.0},
    {"width": 0.8, "height": 0.6, "x": 0.0, "y": 0.65, "z": -1.5},
    {"width": 0.6, "height": 0.5, "x": 0.0, "y": 0.65, "z": -2.0},
    {"width": 0.6, "height": 0.5, "x": 0.0, "y": 0.65, "z": -2.5},
    {"width": 1.2, "height": 0.2, "x": 0.0, "y": 0.7, "z": -2.6}
  ]
}