{
  "properties": {
    "stabilizer": 0.3,
    "yawSpeed": 5.0,
    "pitchSpeed": 5.0,
    "engineSpeed": 0.05,
    "pushSpeed": 0.3,
    "verticalSpeed": 0.04,
    "driftDrag": 0.01,
    "lift": 0.1,
    "rollFactor": 30.0,
    "wind": 0.05,
    "mass": 4.0,
    "groundFriction": 0.8,
    "horizontalDecay": 0.925,
    "verticalDecay": 0.9
  },
  "inventorySlots": [
    {"type": "weapon", "x": 14, "y": 24},
    {"type": "upgrade", "x": 36, "y": 24},
    {"type": "upgrade", "x": 14, "y": 46},
    {"type": "upgrade", "x": 36, "y": 46},
    {"type": "inventory", "x": 62, "y": 18, "cols": 6, "rows": 3}
  ],
  "weaponMounts": [
    {
      "ROTATING": [
        {"x": 0, "y": 0.075, "z": -1.0}
      ],
      "FRONT": [
        {"x": 0, "y": 0.2, "z": 1.375}
      ],
      "DROP": [
        {"x": -1.0, "y": 0.23125, "z": 0.0625},
        {"x": 1.0, "y": 0.23125, "z": 0.0625}
      ]
    }
  ],
  "passengerPositions": [
    [
      {"x": 0.0, "y": -0.0625, "z": 0.275}
    ],
    [
      {"x": 0.0, "y": -0.00625, "z": 0.3},
      {"x": 0.0, "y": -0.00625, "z": -0.6}
    ]
  ],
  "boundingBoxes": [
    {"width": 1.0, "height": 0.1, "x": 1.0, "y": 0.25, "z": 0.125},
    {"width": 1.0, "height": 0.1, "x": 1.85, "y": 0.25, "z": 0.125},
    {"width": 1.0, "height": 0.1, "x": 0.0, "y": 0.25, "z": 0.125},
    {"width": 1.0, "height": 0.1, "x": -1.0, "y": 0.25, "z": 0.125},
    {"width": 1.0, "height": 0.1, "x": -1.85, "y": 0.25, "z": 0.125},
    {"width": 0.8, "height": 0.4, "x": 0.0, "y": 0.2, "z": 1.1},
    {"width": 0.4, "height": 0.3, "x": 0.0, "y": 0.15, "z": 1.6},
    {"width": 0.4, "height": 0.3, "x": 0.0, "y": 0.15, "z": 2.1}
  ]
}