{
  "anim_state": "IMPALING_THRUST_CHARGE",
  "class": "SPECIAL3",
  "cooldown_type": "STAND_SP3",
  "followup": {
    "anim_state": "IMPALING_THRUST_HIT",
    "class": "SPECIAL3",
    "cooldown_type": "STAND_SP3",
    "move": {
      "type": "jcraft:shadowtheworld_impaling_thrust_attack",
      "cooldown": 0,
      "duration": 11,
      "extras": {},
      "move_distance": 0.8,
      "windup": 1
    }
  },
  "move": {
    "type": "jcraft:shared_simple_holdable_move",
    "cooldown": 200,
    "duration": 60,
    "extras": {
      "description": {
        "text": "chargeable attack, Shadow The World prepares an attack, then stops time and hits everything between the start and end"
      },
      "is_holdable": true,
      "mobility_type": "TELEPORT",
      "name": {
        "text": "Impaling Thrust"
      },
      "ranged": true
    },
    "minimum_charge": 10,
    "move_distance": 0.75,
    "set_move_stun": false,
    "windup": 61
  }
}