{
  "type": "relics:relic_gen",
  "conditions": [
    {
      "condition": "minecraft:any_of",
      "terms": [
        {
          "condition": "forge:loot_table_id",
          "loot_table_id": "minecraft:chests/underwater_ruin_big"
        },
        {
          "condition": "forge:loot_table_id",
          "loot_table_id": "minecraft:chests/underwater_ruin_small"
        },
        {
          "condition": "forge:loot_table_id",
          "loot_table_id": "minecraft:chests/shipwreck_treasure"
        },
        {
          "condition": "forge:loot_table_id",
          "loot_table_id": "minecraft:chests/shipwreck_supply"
        }
      ]
    },
    {
      "condition": "random_chance",
      "chance": 0.01
    }
  ],
  "entry": {
    "type": "minecraft:item",
    "name": "relics:amphibian_boot"
  },
  "functions": []
}