{
  "type": "relics:relic_gen",
  "conditions": [
    {
      "condition": "minecraft:any_of",
      "terms": [
        {
          "condition": "forge:loot_table_id",
          "loot_table_id": "minecraft:chests/nether_bridge"
        },
        {
          "condition": "forge:loot_table_id",
          "loot_table_id": "minecraft:chests/bastion_bridge"
        },
        {
          "condition": "forge:loot_table_id",
          "loot_table_id": "minecraft:chests/bastion_other"
        },
        {
          "condition": "forge:loot_table_id",
          "loot_table_id": "minecraft:chests/bastion_treasure"
        },
        {
          "condition": "forge:loot_table_id",
          "loot_table_id": "minecraft:chests/bastion_hoglin_stable"
        }
      ]
    },
    {
      "condition": "random_chance",
      "chance": 0.001
    }
  ],
  "entry": {
    "type": "minecraft:item",
    "name": "relics:blazing_flask"
  },
  "functions": []
}