{
  "type": "relics:relic_gen",
  "conditions": [
    {
      "condition": "minecraft:any_of",
      "terms": [
        {
          "condition": "forge:loot_table_id",
          "loot_table_id": "minecraft:chests/igloo_chest"
        },
        {
          "condition": "forge:loot_table_id",
          "loot_table_id": "minecraft:chests/village/village_snowy_house"
        },
        {
          "condition": "forge:loot_table_id",
          "loot_table_id": "minecraft:chests/village/village_taiga_house"
        }
      ]
    },
    {
      "condition": "random_chance",
      "chance": 0.01
    }
  ],
  "entry": {
    "type": "minecraft:item",
    "name": "relics:ice_breaker"
  },
  "functions": []
}