{
  "type": "relics:relic_gen",
  "conditions": [
    {
      "condition": "minecraft:any_of",
      "terms": [
        {
          "condition": "forge:loot_table_id",
          "loot_table_id": "minecraft:chests/stronghold_corridor"
        },
        {
          "condition": "forge:loot_table_id",
          "loot_table_id": "minecraft:chests/stronghold_crossing"
        },
        {
          "condition": "forge:loot_table_id",
          "loot_table_id": "minecraft:chests/stronghold_library"
        },
        {
          "condition": "forge:loot_table_id",
          "loot_table_id": "minecraft:chests/abandoned_mineshaft"
        }
      ]
    },
    {
      "condition": "random_chance",
      "chance": 0.01
    }
  ],
  "entry": {
    "type": "minecraft:item",
    "name": "relics:leather_belt"
  },
  "functions": []
}