{
  "anim_state": "LIGHT",
  "class": "LIGHT",
  "cooldown_type": "STAND_LIGHT",
  "crouching_variant": {
    "anim_state": "ITEM_PLACE",
    "class": "LIGHT",
    "cooldown_type": "STAND_LIGHT",
    "move": {
      "type": "jcraft:dirtydeedsdonedirtcheap_item_place_move",
      "cooldown": 20,
      "duration": 12,
      "extras": {
        "description": {
          "text": "places an item from an alternate universe on the ground, which attracts other such items"
        },
        "name": {
          "text": "Item Place"
        }
      },
      "move_distance": 0.75,
      "windup": 8
    }
  },
  "followup": {
    "anim_state": "LIGHT_FOLLOWUP",
    "class": "LIGHT",
    "cooldown_type": "STAND_LIGHT",
    "move": {
      "type": "jcraft:shared_simple_attack",
      "attack_extras": {
        "backstab": true,
        "block_stun": 4,
        "extra_hit_boxes": [
          {
            "size": 1.0
          }
        ],
        "hit_animation": "LAUNCH",
        "hit_spark": "HIT_SPARK_2",
        "override_stun": true,
        "shockwaves": true,
        "stun_type": "LAUNCH"
      },
      "cooldown": 0,
      "damage": 7.0,
      "duration": 14,
      "extras": {
        "actions": [
          {
            "type": "jcraft:play_sound",
            "on_impact": true,
            "sound": "jcraft:impact1"
          }
        ],
        "description": {
          "text": "combo finisher, more blockstun than other light followups"
        },
        "init_actions": [
          {
            "type": "jcraft:play_sound",
            "sound": "jcraft:d4clight"
          }
        ],
        "name": {
          "text": "Deadly Blow"
        }
      },
      "hitbox_size": 1.75,
      "knockback": 1.25,
      "move_distance": 0.75,
      "offset": -0.1,
      "stun": 8,
      "windup": 9
    }
  },
  "move": {
    "type": "jcraft:shared_simple_attack",
    "attack_extras": {
      "backstab": true,
      "block_stun": 9,
      "hit_animation": "HIGH",
      "hit_spark": "HIT_SPARK_1"
    },
    "cooldown": 20,
    "damage": 5.0,
    "duration": 15,
    "extras": {
      "actions": [
        {
          "type": "jcraft:play_sound",
          "on_impact": true,
          "sound": "jcraft:impact2"
        }
      ],
      "description": {
        "text": "relatively quick combo starter"
      },
      "name": {
        "text": "Chop"
      }
    },
    "hitbox_size": 1.5,
    "knockback": 0.25,
    "move_distance": 0.75,
    "offset": -0.1,
    "stun": 20,
    "windup": 9
  }
}