{
    "type": "create:mechanical_crafting",
    "pattern": [
      "   II   ",
      "   IP   ",
      "I  II   ",
      "IHIIIHH ",
      "GHEE___I",
      "IHIIIHH ",
      "I  II   ",
      "   IP   ",
      "   II   "
    ],
    "key": {
      "H": [
        {
          "item": "immersive_aircraft:hull"
        }
      ],
      "I": [
        {
          "item": "minecraft:iron_block"
        }
      ],
      "E": [
        {
          "item": "immersive_aircraft:engine"
        }
      ],
      "P": [
        {
          "item": "immersive_aircraft:propeller"
        }
      ],
      "G": [
        {
          "item": "immersive_aircraft:industrial_gears"
        }
      ],
      "_": [
        {
          "tag": "create:seats"
        }
      ]
    },
    "result": {
      "item": "aviator_dream:douglas_dc1"
    },
    "acceptMirrored": true
  }