{
  "type": "create:mechanical_crafting",
  "pattern": [
    "  IP   ",
    "P II   ",
    "HIIHH  ",
    "EECCD_I",
    "HIIHH  ",
    "P II   ",
    "  IP   "
  ],
  "key": {
    "H": [
      {
        "item": "immersive_aircraft:hull"
      }
    ],
    "I": [
      {
        "item": "minecraft:iron_block"
      }
    ],
    "E": [
      {
        "item": "immersive_aircraft:engine"
      }
    ],
    "P": [
      {
        "item": "immersive_aircraft:propeller"
      }
    ],
    "D": [
      {
        "item": "aviator_dream:douglas_dc2"
      }
    ],
    "C": [
      {
        "item": "minecraft:chest"
      }
    ],
    "_": [
      {
        "tag": "create:seats"
      }
    ]
  },
  "result": {
    "item": "aviator_dream:douglas_c47"
  },
  "acceptMirrored": true
}