{
  "type": "minecraft:jigsaw",
  "start_pool": "mythsandlegends:altar_of_the_dead",
  "size": 1,
  "biomes": [
    "minecraft:desert",
    "minecraft:badlands",
    "minecraft:eroded_badlands",
    "minecraft:wooded_badlands",
    "biomesoplenty:lush_desert",
    "biomesoplenty:lush_savanna",
    "biomesoplenty:dryland",
    "biomesoplenty:lush_desert",
    "atmospheric:dunes",
    "atmospheric:flourishing_dunes"
  ],
  "step": "surface_structures",
  "terrain_adaptation": "beard_thin",
  "start_height": {
    "absolute": 0
  },
  "project_start_to_heightmap": "WORLD_SURFACE_WG",
  "max_distance_from_center": 64,
  "use_expansion_hack": false,
  "spawn_overrides": {  }
}