{
  "type": "minecraft:jigsaw",
  "start_pool": "mythsandlegends:ancient_vestiges",
  "size": 1,
  "biomes": [
    "minecraft:plains",
    "minecraft:meadow",
    "biomesoplenty:field",
    "biomesoplenty:fir_clearing",
    "biomesoplenty:grassland",
    "biomesoplenty:scrubland"
  ],
  "step": "surface_structures",
  "terrain_adaptation": "beard_thin",
  "start_height": {
    "absolute": 0
  },
  "project_start_to_heightmap": "WORLD_SURFACE_WG",
  "max_distance_from_center": 64,
  "use_expansion_hack": false,
  "spawn_overrides": {  }
}