{
  "type": "jeg:blueprint_workbench",
  "materials": [
    {
      "tag": "forge:ingots/iron",
      "count": 16
    },
    {
      "item": "minecraft:netherite_ingot",
      "count": 1
    },
    {
      "item": "jeg:gunnite_ingot",
      "count": 17
    },
    {
      "tag": "minecraft:planks",
      "count": 32
    },
    {
      "item": "minecraft:lever",
      "count": 1
    },
    {
      "item": "jeg:scrap",
      "count": 18
    }
  ],
  "result": {
    "item": "jeg:grenade_launcher"
  },
  "time": 30
}