{
  "feature": "eco:overworld_mushrooms",
  "placement": [
    {
      "type": "minecraft:rarity_filter",
      "chance": 64
    },
    {
      "type": "minecraft:count",
      "count": {
        "type": "minecraft:uniform",
        "value": {
          "min_inclusive": 16,
          "max_inclusive": 32
        }
      }
    },
    {
      "type": "minecraft:in_square"
    },
    {
      "type": "minecraft:heightmap",
      "heightmap": "MOTION_BLOCKING"
    },
    {
      "type": "minecraft:biome"
    }
  ]
}
