{
    "feature": "eco:tall_brown_mushrooms",
    "placement": [
      {
        "type": "minecraft:count",
        "count": {
          "type": "minecraft:weighted_list",
          "distribution": [
            {
              "data": 9,
              "weight": 2
            },
            {
              "data": 4,
              "weight": 3
            },
            {
              "data": 0,
              "weight": 3
            }
          ]
        }
      },
      {
        "type": "minecraft:in_square"
      },
      {
        "max_water_depth": 3,
        "type": "minecraft:surface_water_depth_filter"
      },
      {
        "heightmap": "OCEAN_FLOOR",
        "type": "minecraft:heightmap"
      },
      {
        "type": "minecraft:biome"
      }
    ]
  }