{
  "feature": "eco:thick_bush",
  "placement": [
    {
      "type": "minecraft:count",
      "count": {
        "type": "minecraft:uniform",
        "value": {
          "min_inclusive": 1,
          "max_inclusive": 3
        }
      }
    },
    {
      "type": "minecraft:in_square"
    },
    {
      "type": "minecraft:heightmap",
      "heightmap": "MOTION_BLOCKING"
    },
    {
      "type": "minecraft:block_predicate_filter",
      "predicate": {
        "type": "minecraft:matching_blocks",
        "offset": [
          0,
          -1,
          0
        ],
        "blocks": [
          "minecraft:snow_block",
          "minecraft:grass_block",
          "minecraft:dirt",
          "minecraft:podzol",
          "minecraft:coarse_dirt",
          "minecraft:mycelium",
          "minecraft:moss_block",
          "minecraft:packed_mud",
          "minecraft:mud",
          "minecraft:red_sand"
        ]
      }
    }
  ]
}
