{
    "feature": "eco:trees_big_dark_oak",
    "placement": [
      {
        "type": "minecraft:count",
        "count": {
          "type": "minecraft:weighted_list",
          "distribution": [
            {
              "data": 1,
              "weight": 17
            },
            {
              "data": 7,
              "weight": 7
            },
            {
              "data": 10,
              "weight": 1
            }
          ]
        }
      },
      {
        "type": "minecraft:in_square"
      },
      {
        "max_water_depth": 0,
        "type": "minecraft:surface_water_depth_filter"
      },
      {
        "heightmap": "OCEAN_FLOOR",
        "type": "minecraft:heightmap"
      },
      {
        "type": "minecraft:biome"
      }
    ]
  }