{
    "feature": "eco:trees_tall_spruce",
    "placement": [
      {
        "type": "minecraft:noise_based_count",
        "noise_to_count_ratio": 25,
        "noise_factor": 2,
        "noise_offset": 0
      },
      {
        "type": "minecraft:in_square"
      },
      {
        "max_water_depth": 0,
        "type": "minecraft:surface_water_depth_filter"
      },
      {
        "heightmap": "OCEAN_FLOOR",
        "type": "minecraft:heightmap"
      },
      {
        "type": "minecraft:biome"
      }
    ]
  }