{
  "anim_state": "HEAVY",
  "class": "HEAVY",
  "cooldown_type": "STAND_HEAVY",
  "move": {
    "type": "jcraft:shared_simple_attack",
    "attack_extras": {
      "backstab": true,
      "block_stun": 13,
      "hit_animation": "LAUNCH",
      "hit_spark": "HIT_SPARK_3",
      "override_stun": true,
      "shockwaves": true,
      "stun_type": "LAUNCH"
    },
    "cooldown": 200,
    "damage": 9.0,
    "duration": 24,
    "extras": {
      "actions": [
        {
          "type": "jcraft:play_sound",
          "on_impact": true,
          "sound": "jcraft:impact4"
        }
      ],
      "armor": 2147483647,
      "description": {
        "text": "slow, uninterruptible launcher"
      },
      "init_actions": [
        {
          "type": "jcraft:play_sound",
          "sound": "jcraft:kquppercut"
        },
        {
          "type": "jcraft:play_sound",
          "sound": "jcraft:kqheavy"
        }
      ],
      "name": {
        "text": "Haymaker"
      }
    },
    "hitbox_size": 2.0,
    "knockback": 1.75,
    "move_distance": 0.75,
    "offset": 0.0,
    "stun": 10,
    "windup": 16
  }
}