{
  "sea_level": -64,
  "disable_mob_generation": false,
  "aquifers_enabled": false,
  "ore_veins_enabled": true,
  "legacy_random_source": true,
  "default_block": {
    "Name": "minecraft:stone"
  },
  "default_fluid": {
    "Name": "minecraft:water",
    "Properties": {
      "level": "0"
    }
  },
  "noise": {
    "min_y": -64,
    "height": 128,
    "size_horizontal": 1,
    "size_vertical": 2
  },
  "noise_router": {
    "barrier": {
      "type": "minecraft:noise",
      "noise": "minecraft:aquifer_barrier",
      "xz_scale": 1,
      "y_scale": 0.5
    },
    "fluid_level_floodedness": {
      "type": "minecraft:noise",
      "noise": "minecraft:aquifer_fluid_level_floodedness",
      "xz_scale": 1,
      "y_scale": 0.67
    },
    "fluid_level_spread": {
      "type": "minecraft:noise",
      "noise": "minecraft:aquifer_fluid_level_spread",
      "xz_scale": 1,
      "y_scale": 0.7142857142857143
    },
    "lava": {
      "type": "minecraft:noise",
      "noise": "minecraft:aquifer_lava",
      "xz_scale": 1,
      "y_scale": 1
    },
    "temperature": {
      "type": "minecraft:shifted_noise",
      "noise": "minecraft:temperature",
      "xz_scale": 0.25,
      "y_scale": 0,
      "shift_x": "minecraft:shift_x",
      "shift_y": 0,
      "shift_z": "minecraft:shift_z"
    },
    "vegetation": {
      "type": "minecraft:shifted_noise",
      "noise": "minecraft:vegetation",
      "xz_scale": 0.25,
      "y_scale": 0,
      "shift_x": "minecraft:shift_x",
      "shift_y": 0,
      "shift_z": "minecraft:shift_z"
    },
    "continents": "minecraft:overworld/continents",
    "erosion": "minecraft:overworld/erosion",
    "depth": "minecraft:overworld/depth",
    "ridges": "minecraft:overworld/ridges",
    "initial_density_without_jaggedness": 0,
    "final_density": {
      "type": "minecraft:max",
      "argument1": {
        "type": "minecraft:max",
        "argument1": {
          "type": "minecraft:min",
          "argument1": {
            "type": "minecraft:y_clamped_gradient",
            "from_y": 15,
            "to_y": 16,
            "from_value": 1,
            "to_value": -1
          },
          "argument2": {
            "type": "minecraft:min",
            "argument1": "eco:colby_jacked_down",
            "argument2": {
              "type": "minecraft:add",
              "argument1": {
                "type": "minecraft:y_clamped_gradient",
                "from_y": -64,
                "to_y": -32,
                "from_value": -1,
                "to_value": 0.1
              },
              "argument2": {
                "type": "minecraft:add",
                "argument1": {
                  "type": "minecraft:y_clamped_gradient",
                  "from_y": -64,
                  "to_y": 48,
                  "from_value": -0.33,
                  "to_value": 0.1
                },
                "argument2": {
                  "type": "minecraft:noise",
                  "noise": "minecraft:gravel",
                  "xz_scale": 5,
                  "y_scale": 2
                }
              }
            }
          }
        },
        "argument2": {
          "type": "minecraft:min",
          "argument1": {
            "type": "minecraft:add",
            "argument1": {
              "type": "minecraft:add",
              "argument1": {
                "type": "minecraft:y_clamped_gradient",
                "from_y": -16,
                "to_y": 48,
                "from_value": -1,
                "to_value": 1
              },
              "argument2": {
                "type": "minecraft:mul",
                "argument1": -1,
                "argument2": {
                  "type": "minecraft:noise",
                  "noise": "minecraft:gravel",
                  "xz_scale": 15,
                  "y_scale": 0.05
                }
              }
            },
            "argument2": 0.15
          },
          "argument2": {
            "type": "minecraft:add",
            "argument1": {
              "type": "minecraft:y_clamped_gradient",
              "from_y": -64,
              "to_y": 16,
              "from_value": -2,
              "to_value": 0.53
            },
            "argument2": {
              "type": "minecraft:noise",
              "noise": "minecraft:gravel",
              "xz_scale": 1,
              "y_scale": 1
            }
          }
        }
      },
      "argument2": {
        "type": "minecraft:y_clamped_gradient",
        "from_y": 48,
        "to_y": 64,
        "from_value": -0.5,
        "to_value": 1
      }
    },
    "vein_toggle": 0,
    "vein_ridged": 0,
    "vein_gap": 0
  },
  "spawn_target": [
    {
      "temperature": [
        -1,
        1
      ],
      "humidity": [
        -1,
        1
      ],
      "continentalness": [
        -0.11,
        1
      ],
      "erosion": [
        -1,
        1
      ],
      "weirdness": [
        -1,
        -0.16
      ],
      "depth": 0,
      "offset": 0
    },
    {
      "temperature": [
        -1,
        1
      ],
      "humidity": [
        -1,
        1
      ],
      "continentalness": [
        -0.11,
        1
      ],
      "erosion": [
        -1,
        1
      ],
      "weirdness": [
        0.16,
        1
      ],
      "depth": 0,
      "offset": 0
    }
  ],
  "surface_rule": {
    "type": "minecraft:sequence",
    "sequence": [
      {
        "type": "minecraft:condition",
        "if_true": {
          "type": "minecraft:not",
          "invert": {
            "type": "minecraft:vertical_gradient",
            "random_name": "minecraft:bedrock_floor",
            "true_at_and_below": {
              "above_bottom": 123
            },
            "false_at_and_above": {
              "above_bottom": 127
            }
          }
        },
        "then_run": {
          "type": "minecraft:block",
          "result_state": {
            "Name": "minecraft:bedrock"
          }
        }
      },
      {
        "type": "minecraft:condition",
        "if_true": {
          "type": "minecraft:vertical_gradient",
          "random_name": "minecraft:deepslate",
          "true_at_and_below": {
            "absolute": 0
          },
          "false_at_and_above": {
            "absolute": 8
          }
        },
        "then_run": {
          "type": "minecraft:block",
          "result_state": {
            "Name": "minecraft:deepslate",
            "Properties": {
              "axis": "y"
            }
          }
        }
      },
      {
        "type": "minecraft:block",
        "result_state": {
          "Name": "minecraft:stone"
        }
      }
    ]
  }
}
