{
  "sea_level": -1,
  "disable_mob_generation": false,
  "aquifers_enabled": false,
  "ore_veins_enabled": false,
  "legacy_random_source": true,
  "default_block": {
    "Name": "minecraft:netherrack"
  },
  "default_fluid": {
    "Name": "minecraft:lava",
    "Properties": {
      "level": "0"
    }
  },
  "noise": {
    "min_y": 0,
    "height": 256,
    "size_horizontal": 1,
    "size_vertical": 2
  },
  "noise_router": {
    "barrier": 0,
    "fluid_level_floodedness": 0,
    "fluid_level_spread": 0,
    "lava": 0,
    "temperature": {
      "type": "minecraft:shifted_noise",
      "noise": "minecraft:temperature",
      "xz_scale": 0.25,
      "y_scale": 0,
      "shift_x": "minecraft:shift_x",
      "shift_y": 0,
      "shift_z": "minecraft:shift_z"
    },
    "vegetation": {
      "type": "minecraft:shifted_noise",
      "noise": "minecraft:vegetation",
      "xz_scale": 0.25,
      "y_scale": 0,
      "shift_x": "minecraft:shift_x",
      "shift_y": 0,
      "shift_z": "minecraft:shift_z"
    },
    "continents": 0,
    "erosion": 0,
    "depth": 0,
    "ridges": 0,
    "initial_density_without_jaggedness": 0,
    "final_density": {
      "type": "minecraft:max",
      "argument1": {
        "type": "minecraft:add",
        "argument1": {
          "type": "minecraft:y_clamped_gradient",
          "from_y": 255,
          "to_y": 230,
          "from_value": -0.2,
          "to_value": 0
        },
        "argument2": {
          "type": "minecraft:max",
          "argument1": {
            "type": "minecraft:add",
            "argument1": {
              "type": "minecraft:shifted_noise",
              "noise": "minecraft:cave_entrance",
              "xz_scale": 0.5,
              "y_scale": 0.5,
              "shift_x": 0,
              "shift_y": 500,
              "shift_z": 0
            },
            "argument2": {
              "type": "minecraft:min",
              "argument1": "eco:colby",
              "argument2": {
                "type": "minecraft:add",
                "argument1": {
                  "type": "minecraft:y_clamped_gradient",
                  "from_y": 64,
                  "to_y": 320,
                  "from_value": -1,
                  "to_value": 0
                },
                "argument2": {
                  "type": "minecraft:noise",
                  "noise": "minecraft:gravel",
                  "xz_scale": 0.5,
                  "y_scale": 0.5
                }
              }
            }
          },
          "argument2": {
            "type": "minecraft:min",
            "argument1": "eco:colby",
            "argument2": {
              "type": "minecraft:add",
              "argument1": {
                "type": "minecraft:y_clamped_gradient",
                "from_y": 64,
                "to_y": 320,
                "from_value": -1,
                "to_value": 0.1
              },
              "argument2": {
                "type": "minecraft:noise",
                "noise": "minecraft:gravel",
                "xz_scale": 0.5,
                "y_scale": 0.5
              }
            }
          }
        }
      },
      "argument2": {
        "type": "minecraft:min",
        "argument1": "eco:colby_jacked_up",
        "argument2": {
          "type": "minecraft:add",
          "argument1": {
            "type": "minecraft:y_clamped_gradient",
            "from_y": 192,
            "to_y": 448,
            "from_value": -1,
            "to_value": 0.5
          },
          "argument2": {
            "type": "minecraft:shifted_noise",
            "noise": "minecraft:gravel",
            "xz_scale": 0.5,
            "y_scale": 0.5,
            "shift_x": -250,
            "shift_y": 35,
            "shift_z": 75
          }
        }
      }
    },
    "vein_toggle": 0,
    "vein_ridged": 0,
    "vein_gap": 0
  },
  "spawn_target": [],
  "surface_rule": {
    "type": "minecraft:sequence",
    "sequence": [
      {
        "type": "minecraft:condition",
        "if_true": {
          "type": "minecraft:y_above",
          "anchor": {
            "below_top": 5
          },
          "surface_depth_multiplier": 0,
          "add_stone_depth": false
        },
        "then_run": {
          "type": "minecraft:block",
          "result_state": {
            "Name": "minecraft:netherrack"
          }
        }
      },
      {
        "type": "minecraft:condition",
        "if_true": {
          "type": "minecraft:biome",
          "biome_is": [
            "minecraft:basalt_deltas"
          ]
        },
        "then_run": {
          "type": "minecraft:sequence",
          "sequence": [
            {
              "type": "minecraft:condition",
              "if_true": {
                "type": "minecraft:stone_depth",
                "offset": 0,
                "surface_type": "ceiling",
                "add_surface_depth": true,
                "secondary_depth_range": 0
              },
              "then_run": {
                "type": "minecraft:block",
                "result_state": {
                  "Name": "minecraft:basalt",
                  "Properties": {
                    "axis": "y"
                  }
                }
              }
            },
            {
              "type": "minecraft:condition",
              "if_true": {
                "type": "minecraft:stone_depth",
                "offset": 0,
                "surface_type": "floor",
                "add_surface_depth": true,
                "secondary_depth_range": 0
              },
              "then_run": {
                "type": "minecraft:sequence",
                "sequence": [
                  {
                    "type": "minecraft:condition",
                    "if_true": {
                      "type": "minecraft:noise_threshold",
                      "noise": "minecraft:patch",
                      "min_threshold": -0.012,
                      "max_threshold": 1.7976931348623157e+308
                    },
                    "then_run": {
                      "type": "minecraft:condition",
                      "if_true": {
                        "type": "minecraft:y_above",
                        "anchor": {
                          "absolute": 30
                        },
                        "surface_depth_multiplier": 0,
                        "add_stone_depth": true
                      },
                      "then_run": {
                        "type": "minecraft:condition",
                        "if_true": {
                          "type": "minecraft:not",
                          "invert": {
                            "type": "minecraft:y_above",
                            "anchor": {
                              "absolute": 35
                            },
                            "surface_depth_multiplier": 0,
                            "add_stone_depth": true
                          }
                        },
                        "then_run": {
                          "type": "minecraft:block",
                          "result_state": {
                            "Name": "minecraft:gravel"
                          }
                        }
                      }
                    }
                  },
                  {
                    "type": "minecraft:condition",
                    "if_true": {
                      "type": "minecraft:noise_threshold",
                      "noise": "minecraft:nether_state_selector",
                      "min_threshold": 0,
                      "max_threshold": 1.7976931348623157e+308
                    },
                    "then_run": {
                      "type": "minecraft:block",
                      "result_state": {
                        "Name": "minecraft:basalt",
                        "Properties": {
                          "axis": "y"
                        }
                      }
                    }
                  },
                  {
                    "type": "minecraft:block",
                    "result_state": {
                      "Name": "minecraft:blackstone"
                    }
                  }
                ]
              }
            }
          ]
        }
      },
      {
        "type": "minecraft:condition",
        "if_true": {
          "type": "minecraft:biome",
          "biome_is": [
            "minecraft:soul_sand_valley"
          ]
        },
        "then_run": {
          "type": "minecraft:sequence",
          "sequence": [
            {
              "type": "minecraft:condition",
              "if_true": {
                "type": "minecraft:stone_depth",
                "offset": 0,
                "surface_type": "ceiling",
                "add_surface_depth": true,
                "secondary_depth_range": 0
              },
              "then_run": {
                "type": "minecraft:sequence",
                "sequence": [
                  {
                    "type": "minecraft:condition",
                    "if_true": {
                      "type": "minecraft:noise_threshold",
                      "noise": "minecraft:nether_state_selector",
                      "min_threshold": 0,
                      "max_threshold": 1.7976931348623157e+308
                    },
                    "then_run": {
                      "type": "minecraft:block",
                      "result_state": {
                        "Name": "minecraft:soul_sand"
                      }
                    }
                  },
                  {
                    "type": "minecraft:block",
                    "result_state": {
                      "Name": "minecraft:soul_soil"
                    }
                  }
                ]
              }
            },
            {
              "type": "minecraft:condition",
              "if_true": {
                "type": "minecraft:stone_depth",
                "offset": 0,
                "surface_type": "floor",
                "add_surface_depth": true,
                "secondary_depth_range": 0
              },
              "then_run": {
                "type": "minecraft:sequence",
                "sequence": [
                  {
                    "type": "minecraft:condition",
                    "if_true": {
                      "type": "minecraft:noise_threshold",
                      "noise": "minecraft:patch",
                      "min_threshold": -0.012,
                      "max_threshold": 1.7976931348623157e+308
                    },
                    "then_run": {
                      "type": "minecraft:condition",
                      "if_true": {
                        "type": "minecraft:y_above",
                        "anchor": {
                          "absolute": 30
                        },
                        "surface_depth_multiplier": 0,
                        "add_stone_depth": true
                      },
                      "then_run": {
                        "type": "minecraft:condition",
                        "if_true": {
                          "type": "minecraft:not",
                          "invert": {
                            "type": "minecraft:y_above",
                            "anchor": {
                              "absolute": 35
                            },
                            "surface_depth_multiplier": 0,
                            "add_stone_depth": true
                          }
                        },
                        "then_run": {
                          "type": "minecraft:block",
                          "result_state": {
                            "Name": "minecraft:gravel"
                          }
                        }
                      }
                    }
                  },
                  {
                    "type": "minecraft:condition",
                    "if_true": {
                      "type": "minecraft:noise_threshold",
                      "noise": "minecraft:nether_state_selector",
                      "min_threshold": 0,
                      "max_threshold": 1.7976931348623157e+308
                    },
                    "then_run": {
                      "type": "minecraft:block",
                      "result_state": {
                        "Name": "minecraft:soul_sand"
                      }
                    }
                  },
                  {
                    "type": "minecraft:block",
                    "result_state": {
                      "Name": "minecraft:soul_soil"
                    }
                  }
                ]
              }
            }
          ]
        }
      },
      {
        "type": "minecraft:condition",
        "if_true": {
          "type": "minecraft:stone_depth",
          "offset": 0,
          "surface_type": "floor",
          "add_surface_depth": false,
          "secondary_depth_range": 0
        },
        "then_run": {
          "type": "minecraft:sequence",
          "sequence": [
            {
              "type": "minecraft:condition",
              "if_true": {
                "type": "minecraft:not",
                "invert": {
                  "type": "minecraft:y_above",
                  "anchor": {
                    "absolute": 32
                  },
                  "surface_depth_multiplier": 0,
                  "add_stone_depth": false
                }
              },
              "then_run": {
                "type": "minecraft:condition",
                "if_true": {
                  "type": "minecraft:hole"
                },
                "then_run": {
                  "type": "minecraft:block",
                  "result_state": {
                    "Name": "minecraft:lava",
                    "Properties": {
                      "level": "0"
                    }
                  }
                }
              }
            },
            {
              "type": "minecraft:condition",
              "if_true": {
                "type": "minecraft:biome",
                "biome_is": [
                  "minecraft:warped_forest"
                ]
              },
              "then_run": {
                "type": "minecraft:condition",
                "if_true": {
                  "type": "minecraft:not",
                  "invert": {
                    "type": "minecraft:noise_threshold",
                    "noise": "minecraft:netherrack",
                    "min_threshold": 0.54,
                    "max_threshold": 1.7976931348623157e+308
                  }
                },
                "then_run": {
                  "type": "minecraft:condition",
                  "if_true": {
                    "type": "minecraft:y_above",
                    "anchor": {
                      "absolute": 31
                    },
                    "surface_depth_multiplier": 0,
                    "add_stone_depth": false
                  },
                  "then_run": {
                    "type": "minecraft:sequence",
                    "sequence": [
                      {
                        "type": "minecraft:condition",
                        "if_true": {
                          "type": "minecraft:noise_threshold",
                          "noise": "minecraft:nether_wart",
                          "min_threshold": 1.17,
                          "max_threshold": 1.7976931348623157e+308
                        },
                        "then_run": {
                          "type": "minecraft:block",
                          "result_state": {
                            "Name": "minecraft:warped_wart_block"
                          }
                        }
                      },
                      {
                        "type": "minecraft:block",
                        "result_state": {
                          "Name": "minecraft:warped_nylium"
                        }
                      }
                    ]
                  }
                }
              }
            },
            {
              "type": "minecraft:condition",
              "if_true": {
                "type": "minecraft:biome",
                "biome_is": [
                  "minecraft:crimson_forest"
                ]
              },
              "then_run": {
                "type": "minecraft:condition",
                "if_true": {
                  "type": "minecraft:not",
                  "invert": {
                    "type": "minecraft:noise_threshold",
                    "noise": "minecraft:netherrack",
                    "min_threshold": 0.54,
                    "max_threshold": 1.7976931348623157e+308
                  }
                },
                "then_run": {
                  "type": "minecraft:condition",
                  "if_true": {
                    "type": "minecraft:y_above",
                    "anchor": {
                      "absolute": 31
                    },
                    "surface_depth_multiplier": 0,
                    "add_stone_depth": false
                  },
                  "then_run": {
                    "type": "minecraft:sequence",
                    "sequence": [
                      {
                        "type": "minecraft:condition",
                        "if_true": {
                          "type": "minecraft:noise_threshold",
                          "noise": "minecraft:nether_wart",
                          "min_threshold": 1.17,
                          "max_threshold": 1.7976931348623157e+308
                        },
                        "then_run": {
                          "type": "minecraft:block",
                          "result_state": {
                            "Name": "minecraft:nether_wart_block"
                          }
                        }
                      },
                      {
                        "type": "minecraft:block",
                        "result_state": {
                          "Name": "minecraft:crimson_nylium"
                        }
                      }
                    ]
                  }
                }
              }
            }
          ]
        }
      },
      {
        "type": "minecraft:condition",
        "if_true": {
          "type": "minecraft:biome",
          "biome_is": [
            "minecraft:nether_wastes"
          ]
        },
        "then_run": {
          "type": "minecraft:sequence",
          "sequence": [
            {
              "type": "minecraft:condition",
              "if_true": {
                "type": "minecraft:stone_depth",
                "offset": 0,
                "surface_type": "floor",
                "add_surface_depth": true,
                "secondary_depth_range": 0
              },
              "then_run": {
                "type": "minecraft:condition",
                "if_true": {
                  "type": "minecraft:noise_threshold",
                  "noise": "minecraft:soul_sand_layer",
                  "min_threshold": -0.012,
                  "max_threshold": 1.7976931348623157e+308
                },
                "then_run": {
                  "type": "minecraft:sequence",
                  "sequence": [
                    {
                      "type": "minecraft:condition",
                      "if_true": {
                        "type": "minecraft:not",
                        "invert": {
                          "type": "minecraft:hole"
                        }
                      },
                      "then_run": {
                        "type": "minecraft:condition",
                        "if_true": {
                          "type": "minecraft:y_above",
                          "anchor": {
                            "absolute": 30
                          },
                          "surface_depth_multiplier": 0,
                          "add_stone_depth": true
                        },
                        "then_run": {
                          "type": "minecraft:condition",
                          "if_true": {
                            "type": "minecraft:not",
                            "invert": {
                              "type": "minecraft:y_above",
                              "anchor": {
                                "absolute": 35
                              },
                              "surface_depth_multiplier": 0,
                              "add_stone_depth": true
                            }
                          },
                          "then_run": {
                            "type": "minecraft:block",
                            "result_state": {
                              "Name": "minecraft:soul_sand"
                            }
                          }
                        }
                      }
                    },
                    {
                      "type": "minecraft:block",
                      "result_state": {
                        "Name": "minecraft:netherrack"
                      }
                    }
                  ]
                }
              }
            },
            {
              "type": "minecraft:condition",
              "if_true": {
                "type": "minecraft:stone_depth",
                "offset": 0,
                "surface_type": "floor",
                "add_surface_depth": false,
                "secondary_depth_range": 0
              },
              "then_run": {
                "type": "minecraft:condition",
                "if_true": {
                  "type": "minecraft:y_above",
                  "anchor": {
                    "absolute": 31
                  },
                  "surface_depth_multiplier": 0,
                  "add_stone_depth": false
                },
                "then_run": {
                  "type": "minecraft:condition",
                  "if_true": {
                    "type": "minecraft:not",
                    "invert": {
                      "type": "minecraft:y_above",
                      "anchor": {
                        "absolute": 35
                      },
                      "surface_depth_multiplier": 0,
                      "add_stone_depth": true
                    }
                  },
                  "then_run": {
                    "type": "minecraft:condition",
                    "if_true": {
                      "type": "minecraft:noise_threshold",
                      "noise": "minecraft:gravel_layer",
                      "min_threshold": -0.012,
                      "max_threshold": 1.7976931348623157e+308
                    },
                    "then_run": {
                      "type": "minecraft:sequence",
                      "sequence": [
                        {
                          "type": "minecraft:condition",
                          "if_true": {
                            "type": "minecraft:y_above",
                            "anchor": {
                              "absolute": 32
                            },
                            "surface_depth_multiplier": 0,
                            "add_stone_depth": false
                          },
                          "then_run": {
                            "type": "minecraft:block",
                            "result_state": {
                              "Name": "minecraft:gravel"
                            }
                          }
                        },
                        {
                          "type": "minecraft:condition",
                          "if_true": {
                            "type": "minecraft:not",
                            "invert": {
                              "type": "minecraft:hole"
                            }
                          },
                          "then_run": {
                            "type": "minecraft:block",
                            "result_state": {
                              "Name": "minecraft:gravel"
                            }
                          }
                        }
                      ]
                    }
                  }
                }
              }
            }
          ]
        }
      },
      {
        "type": "minecraft:block",
        "result_state": {
          "Name": "minecraft:netherrack"
        }
      }
    ]
  }
}
