{
  "anim_state": "DISC_TAKE",
  "class": "ULTIMATE",
  "cooldown_type": "STAND_ULTIMATE",
  "crouching_variant": {
    "anim_state": "DISC_GIVE",
    "class": "ULTIMATE",
    "cooldown_type": "STAND_ULTIMATE",
    "move": {
      "type": "jcraft:whitesnake_give_stand_attack",
      "attack_extras": {
        "backstab": true,
        "block_stun": 4,
        "blockable_type": "NON_BLOCKABLE",
        "hit_animation": "MID"
      },
      "cooldown": 400,
      "duration": 34,
      "extras": {
        "actions": [
          {
            "type": "jcraft:play_sound",
            "on_impact": true,
            "sound": "jcraft:impact2"
          }
        ],
        "armor": 2147483647,
        "description": {
          "text": "gives a single hit target a stand, provided they do not have one already, from a disk in the user's off hand"
        },
        "init_actions": [
          {
            "type": "jcraft:play_sound",
            "sound": "jcraft:wsstanddisc"
          }
        ],
        "name": {
          "text": "Give Stand Disk"
        }
      },
      "hitbox_size": 2.0,
      "knockback": 0.0,
      "move_distance": 1.0,
      "offset": 0.0,
      "stun": 1,
      "windup": 22
    }
  },
  "move": {
    "type": "jcraft:shared_simple_attack",
    "attack_extras": {
      "backstab": true,
      "block_stun": 12,
      "blockable_type": "NON_BLOCKABLE_EFFECTS_ONLY",
      "hit_animation": "HIGH",
      "hit_spark": "HIT_SPARK_2"
    },
    "cooldown": 480,
    "damage": 8.0,
    "duration": 34,
    "extras": {
      "actions": [
        {
          "type": "jcraft:play_sound",
          "on_impact": true,
          "sound": "jcraft:impact2"
        },
        {
          "type": "jcraft:effect",
          "effects": [
            {
              "amplifier": 0,
              "duration": 160,
              "effect": "jcraft:standless"
            }
          ]
        }
      ],
      "armor": 2147483647,
      "description": {
        "text": "uninterruptible & unblockable, removes enemy stand for 8s"
      },
      "init_actions": [
        {
          "type": "jcraft:play_sound",
          "sound": "jcraft:wsstanddisc"
        }
      ],
      "name": {
        "text": "Take Stand Disk"
      }
    },
    "hitbox_size": 2.0,
    "knockback": 0.5,
    "move_distance": 1.0,
    "offset": 0.0,
    "stun": 20,
    "windup": 22
  }
}