{
  "anim_state": "GRAB",
  "class": "SPECIAL2",
  "cooldown_type": "STAND_SP2",
  "move": {
    "type": "jcraft:killerqueen_kq_grab_attack",
    "attack_extras": {
      "backstab": true,
      "block_stun": 4,
      "blockable_type": "NON_BLOCKABLE",
      "hit_spark": "HIT_SPARK_1",
      "override_stun": true,
      "stun_type": "UNBURSTABLE"
    },
    "cooldown": 300,
    "damage": 0.0,
    "duration": 20,
    "extras": {
      "description": {
        "text": "grabs opponent by the face, then detonates them, launching them upwards"
      },
      "name": {
        "text": "Grab"
      }
    },
    "hit_move": {
      "type": "jcraft:killerqueen_kq_grab_hit_attack",
      "cooldown": 0,
      "duration": 20,
      "extras": {
        "name": {
          "text": "Grab (hit)"
        }
      },
      "move_distance": 1.0,
      "stun": 8,
      "windup": 13
    },
    "hitbox_size": 1.75,
    "knockback": 0.1,
    "move_distance": 0.75,
    "offset": 0.0,
    "stun": 20,
    "windup": 12
  }
}