{
  "entity": "minecraft:cave_spider",
  "name": "Arag the Lurker",
  "visualscale": 1.5,
  "experience": 300,
  "effects": {
    "minecraft:resistance": 1
  },
  "attributes": {
    "generic.max_health": 60,
    "generic.follow_range": 50,
    "generic.attack_damage": 5,
    "generic.knockback_resistance": 10
  },
  "customattributes": {
  },
  "gear": {
  },
  "ai-goals": {
    "brutalbosses:spitcobweb": {
      "projectile_interval": 200,
      "projectile_distance": 20
    },
    "brutalbosses:aftercombatregen": {
      "amount": 2
    },
    "brutalbosses:summonmobs": {
      "interval": 600,
      "maxcount": 2,
      "count": 1,
      "entities": [
        {
          "entityid": "minecraft:cave_spider"
        }
      ]
    }
  },
  "spawnatchest": {
    "minecraft:chests/simple_dungeon": 3,
    "minecraft:chests/stronghold_library": 1,
    "minecraft:chests/stronghold_crossing": 5,
    "minecraft:chests/stronghold_corridor": 1,
    "minecraft:chests/desert_pyramid": 1,
    "minecraft:chests/jungle_temple": 1,
    "minecraft:chests/woodland_mansion": 1,
    "minecraft:chests/pillager_outpost": 1,
    "betterdungeons:skeleton_dungeon/chests/common": 1,
    "betterdungeons:skeleton_dungeon/chests/middle": 1,
    "betterdungeons:zombie_dungeon/chests/common": 1,
    "betterdungeons:zombie_dungeon/chests/special": 1,
    "betterdungeons:zombie_dungeon/chests/tombstone": 1,
    "betterdungeons:spider_dungeon/chests/egg_room": 3,
    "dungeons_enhanced:castle_cellar": 1,
    "endrem:chests/hided": 1,
    "mostructures:pyramid_custom": 1,
    "graveyard:chests/large_loot": 1,
    "graveyard:chests/crypt_loot": 1,
    "graveyard:chests/desert_graveyard_loot": 1,
    "graveyard:chests/medium_graveyard_loot": 1,
    "graveyard:chests/small_graveyard_loot": 1,
    "graveyard:chests/great_crypt_loot": 1,
    "graveyard:chests/large_graveyard_loot": 1,
    "unstructured:chests/desert_dungeon": 1,
    "unstructured:chests/middle_dungeon": 1,
    "unstructured:chests/simple_dungeon": 1,
    "unstructured:chests/portal_room": 1,
    "philipsruins:chests/badlands_dungeon_loot_high": 1,
    "philipsruins:chests/badlands_dungeon_loot_low": 1,
    "philipsruins:chests/bone_dungeon_loot": 1,
    "philipsruins:chests/level_three_ruins_loot": 1,
    "philipsruins:chests/ruin_loot_value": 1,
    "philipsruins:chests/sculk_dungeon_loot": 1,
    "valhelsia_structures:chests/treasure": 1,
    "valhelsia_structures:chests/spawner_dungeon": 2,
    "minecraft:chests/abandoned_mineshaft": 1,
    "betterstrongholds:chests/crypt": 1,
    "dungeoncrawl:chests/stage_4": 1,
    "dungeons_enhanced:large_dungeon_treasury": 1,
    "dungeons_enhanced:chests/monster_maze/treasure": 1,
    "dungeons_plus:chests/vanilla_dungeon": 1,
    "dungeons_arise:chests/mining_system/mining_system_treasure": 1,
    "dungeons_arise:chests/mines_treasure_medium": 1
  }
}