{
  "type": "minecraft:random_patch",
  "config": {
    "tries": 1,
    "xz_spread": 3,
    "y_spread": 0,
    "feature": {
      "feature": {
        "type": "minecraft:block_column",
        "config": {
          "direction": "up",
          "allowed_placement": {
            "type": "minecraft:true"
          },
          "prioritize_tip": false,
          "layers": [
            {
              "height": {
                "type": "minecraft:uniform",
                "value": {
                  "min_inclusive": 1,
                  "max_inclusive": 4
                }
              },
              "provider": {
                "type": "minecraft:simple_state_provider",
                "state": {
                  "Name": "minecraft:basalt"
                }
              }
            }
          ]
        }
      },
      "placement": [
        {
          "type": "minecraft:count",
          "count": {
            "type": "minecraft:uniform",
            "value": {
              "min_inclusive": 1,
              "max_inclusive": 4
            }
          }
        },
        {
          "type": "minecraft:in_square"
        },
        {
          "type": "minecraft:heightmap",
          "heightmap": "MOTION_BLOCKING_NO_LEAVES"
        },
        {
          "type": "minecraft:block_predicate_filter",
          "predicate": {
            "type": "minecraft:has_sturdy_face",
            "offset": [
              0,
              -1,
              0
            ],
            "direction": "up"
          }
        }
      ]
    }
  }
}
