{
  "type": "minecraft:random_patch",
  "config": {
    "tries": 196,
    "xz_spread": 7,
    "y_spread": 3,
    "feature": {
      "feature": {
        "type": "minecraft:simple_block",
        "config": {
          "to_place": {
            "type": "minecraft:weighted_state_provider",
            "entries": [
              {
                "weight": 1,
                "data": {
                  "Name": "minecraft:dandelion"
                }
              },
              {
                "weight": 1,
                "data": {
                  "Name": "minecraft:poppy"
                }
              },
              {
                "weight": 3,
                "data": {
                  "Name": "minecraft:grass"
                }
              },
              {
                "weight": 3,
                "data": {
                  "Name": "minecraft:tall_grass"
                }
              },
              {
                "weight": 2,
                "data": {
                  "Name": "minecraft:large_fern"
                }
              }
            ]
          }
        }
      },
      "placement": [
        {
          "type": "minecraft:block_predicate_filter",
          "predicate": {
            "type": "minecraft:all_of",
            "predicates": [
              {
                "type": "minecraft:matching_blocks",
                "offset": [
                  0,
                  0,
                  0
                ],
                "blocks": [
                  "minecraft:air",
                  "minecraft:grass",
                  "minecraft:snow"
                ]
              },
              {
                "type": "minecraft:matching_blocks",
                "offset": [
                  0,
                  -1,
                  0
                ],
                "blocks": [
                  "minecraft:snow_block",
                  "minecraft:grass_block",
                  "minecraft:dirt",
                  "minecraft:podzol",
                  "minecraft:coarse_dirt",
                  "minecraft:mycelium",
                  "minecraft:moss_block",
                  "minecraft:packed_mud",
                  "minecraft:mud",
                  "minecraft:red_sand"
                ]
              }
            ]
          }
        }
      ]
    }
  }
}
