{
  "type": "minecraft:random_patch",
  "config": {
    "tries": 32,
    "xz_spread": 4,
    "y_spread": 2,
    "feature": {
      "feature": {
        "type": "minecraft:simple_block",
        "config": {
          "to_place": {
            "type": "minecraft:weighted_state_provider",
            "entries": [
              {
                "weight": 1,
                "data": {
                  "Name": "minecraft:moss_block"
                }
              },
              {
                "weight": 9,
                "data": {
                  "Name": "minecraft:mossy_cobblestone"
                }
              }
            ]
          }
        }
      },
      "placement": [
        {
          "type": "minecraft:block_predicate_filter",
          "predicate": {
            "type": "minecraft:all_of",
            "predicates": [
              {
                "type": "minecraft:matching_blocks",
                "offset": [
                  0,
                  0,
                  0
                ],
                "blocks": [
                  "minecraft:stone",
                  "minecraft:andesite",
                  "minecraft:tuff"
                ]
              }
            ]
          }
        }
      ]
    }
  }
}
