{
  "config": {
    "features": [
      {
        "feature": "minecraft:birch_bees_002",
        "chance": 0.04
      },
      {
        "feature": "eco:towering_mega_spruce",
        "chance": 0.02
      },
      {
        "feature": "eco:towering_spruce",
        "chance": 0.16
      },
      {
        "feature": "eco:branching_spruce",
        "chance": 0.5
      },
      {
        "feature": "eco:trunked_spruce",
        "chance": 0.18
      }
    ],
    "default": "eco:towering_spruce"
  },
  "type": "minecraft:random_selector"
}