{
  "type": "minecraft:tree",
  "config": {
    "ignore_vines": true,
    "force_dirt": false,
    "minimum_size": {
      "type": "minecraft:two_layers_feature_size",
      "limit": 1,
      "lower_size": 0,
      "upper_size": 2
    },
    "dirt_provider": {
      "type": "minecraft:simple_state_provider",
      "state": {
        "Name": "minecraft:dirt"
      }
    },
    "trunk_provider": {
      "type": "minecraft:simple_state_provider",
      "state": {
        "Name": "minecraft:dark_oak_wood",
        "Properties": {
          "axis": "y"
        }
      }
    },
    "foliage_provider": {
      "type": "minecraft:simple_state_provider",
      "state": {
        "Name": "minecraft:dark_oak_leaves",
        "Properties": {
          "distance": "7",
          "persistent": "true"
        }
      }
    },
    "root_placer": {
      "type": "minecraft:mangrove_root_placer",
      "root_provider": {
        "type": "minecraft:simple_state_provider",
        "state": {
          "Name": "minecraft:dark_oak_wood"
        }
      },
      "trunk_offset_y": 4,
      "mangrove_root_placement": {
        "max_root_width": 4,
        "max_root_length": 8,
        "random_skew_chance": 0.3,
        "can_grow_through": "#minecraft:leaves",
        "muddy_roots_in": "#minecraft:dirt",
        "muddy_roots_provider": {
          "type": "minecraft:simple_state_provider",
          "state": {
            "Name": "minecraft:dark_oak_wood"
          }
        }
      }
    },
    "trunk_placer": {
      "type": "eco:giant_branching_trunk_placer",
      "base_height": 16,
      "height_rand_a": 5,
      "height_rand_b": 0,
      "branch_count": 3,
      "amount_of_branches": 8,
      "branch_horizontal_length": {
        "type": "minecraft:uniform",
        "value": {
          "min_inclusive": 2,
          "max_inclusive": 7
        }
      },
      "branch_start_offset_from_top": {
        "min_inclusive": -24,
        "max_inclusive": -3
      },
      "branch_end_height": {
        "type": "minecraft:uniform",
        "value": {
          "min_inclusive": 7,
          "max_inclusive": 12
        }
      }
    },
    "foliage_placer": {
      "type": "minecraft:dark_oak_foliage_placer",
      "radius": 2,
      "offset": 1
    },
    "decorators": [
      {
        "type": "eco:mushrooms",
        "probability": 0.9
      },
      {
        "type": "minecraft:beehive",
        "probability": 0.6
      },
      {
        "type": "eco:cave_vines",
        "probability": 0.4
      }
    ]
  }
}
