{
  "aerial_variant": {
    "anim_state": "AIR_BARRAGE",
    "class": "BARRAGE",
    "cooldown_type": "STAND_BARRAGE",
    "move": {
      "type": "jcraft:shared_barrage_attack",
      "attack_extras": {
        "backstab": true,
        "block_stun": 3,
        "hit_animation": "MID",
        "stun_type": "WINDED"
      },
      "cooldown": 280,
      "damage": 1.0,
      "duration": 48,
      "extras": {
        "description": {
          "text": "fast combo finisher, knocks back"
        },
        "finisher": {
          "move": {
            "type": "jcraft:shared_simple_attack",
            "attack_extras": {
              "backstab": true,
              "block_stun": 5,
              "hit_animation": "LAUNCH",
              "hit_spark": "HIT_SPARK_2",
              "override_stun": true,
              "stun_type": "LAUNCH"
            },
            "cooldown": 0,
            "damage": 1.0,
            "duration": 9,
            "extras": {
              "actions": [
                {
                  "type": "jcraft:play_sound",
                  "on_impact": true,
                  "sound": "jcraft:twkickhit"
                }
              ],
              "name": {
                "text": "Kick Barrage (Final Hit)"
              }
            },
            "hitbox_size": 1.75,
            "knockback": 1.1,
            "move_distance": 1.0,
            "offset": 0.0,
            "stun": 10,
            "windup": 6
          },
          "tick": 37
        },
        "init_actions": [
          {
            "type": "jcraft:play_sound",
            "sound": "jcraft:gerkickbarrage"
          }
        ],
        "name": {
          "text": "Kick Barrage"
        }
      },
      "hitbox_size": 1.5,
      "interval": 3,
      "knockback": 0.3,
      "move_distance": 1.0,
      "offset": 0.0,
      "stun": 20,
      "windup": 0
    }
  },
  "anim_state": "BARRAGE",
  "class": "BARRAGE",
  "cooldown_type": "STAND_BARRAGE",
  "move": {
    "type": "jcraft:shared_main_barrage_attack",
    "attack_extras": {
      "backstab": true,
      "block_stun": 3,
      "hit_animation": "MID",
      "shockwaves": true,
      "stun_type": "WINDED"
    },
    "cooldown": 280,
    "damage": 1.0,
    "duration": 30,
    "extras": {
      "description": {
        "text": "fast reliable combo starter/extender, high stun"
      },
      "init_actions": [
        {
          "type": "jcraft:play_sound",
          "sound": "jcraft:gebarrage"
        }
      ],
      "is_holdable": true,
      "name": {
        "text": "Barrage"
      }
    },
    "hitbox_size": 2.0,
    "interval": 3,
    "knockback": 0.25,
    "mineable_hardness": 3.0,
    "move_distance": 0.75,
    "offset": 0.0,
    "stun": 20,
    "windup": 0
  }
}