{
  "anim_state": "THROW",
  "class": "SPECIAL2",
  "cooldown_type": "STAND_SP2",
  "crouching_variant": {
    "anim_state": "GIVE_GUN",
    "class": "SPECIAL2",
    "cooldown_type": "STAND_SP2",
    "move": {
      "type": "jcraft:dirtydeedsdonedirtcheap_give_gun_move",
      "cooldown": 280,
      "duration": 14,
      "extras": {
        "description": {
          "text": "gives the user a revolver"
        },
        "init_actions": [
          {
            "type": "jcraft:play_sound",
            "sound": "jcraft:d4cthrow"
          }
        ],
        "name": {
          "text": "Summon Gun"
        }
      },
      "move_distance": 0.75,
      "windup": 10
    }
  },
  "move": {
    "type": "jcraft:dirtydeedsdonedirtcheap_d_4c_grab_attack",
    "attack_extras": {
      "backstab": true,
      "block_stun": 4,
      "blockable_type": "NON_BLOCKABLE",
      "hit_spark": "HIT_SPARK_1",
      "override_stun": true,
      "stun_type": "UNBURSTABLE"
    },
    "cooldown": 280,
    "damage": 0.0,
    "duration": 21,
    "extras": {
      "description": {
        "text": "unblockable, combo finisher"
      },
      "init_actions": [
        {
          "type": "jcraft:play_sound",
          "sound": "jcraft:d4cthrow"
        }
      ],
      "name": {
        "text": "Grab"
      }
    },
    "grab_duration": 25,
    "hit_move": {
      "type": "jcraft:shared_simple_multi_hit_attack",
      "attack_extras": {
        "backstab": true,
        "block_stun": 8,
        "hit_animation": "MID",
        "hit_spark": "HIT_SPARK_1",
        "stun_type": "UNBURSTABLE"
      },
      "cooldown": 0,
      "damage": 4.0,
      "duration": 34,
      "extras": {
        "actions": [
          {
            "type": "jcraft:play_sound",
            "on_impact": true,
            "sound": "jcraft:impact1"
          },
          {
            "type": "jcraft:play_sound",
            "sound": "jcraft:revolverfire"
          }
        ],
        "finisher": {
          "move": {
            "type": "jcraft:shared_simple_attack",
            "attack_extras": {
              "backstab": true,
              "block_stun": 8,
              "hit_animation": "LAUNCH",
              "hit_spark": "HIT_SPARK_2",
              "override_stun": true,
              "shockwaves": true,
              "stun_type": "LAUNCH"
            },
            "cooldown": 0,
            "damage": 4.0,
            "duration": 34,
            "extras": {
              "actions": [
                {
                  "type": "jcraft:play_sound",
                  "on_impact": true,
                  "sound": "jcraft:impact1"
                }
              ],
              "name": {
                "text": "Grab (Final Hit)"
              }
            },
            "hitbox_size": 2.0,
            "knockback": 1.2,
            "move_distance": 0.75,
            "offset": 0.0,
            "stun": 9,
            "windup": 26
          },
          "tick": 17
        },
        "name": {
          "text": "Grab (Final Hit)"
        }
      },
      "hit_moments": [
        11,
        17,
        26
      ],
      "hitbox_size": 2.0,
      "knockback": 0.0,
      "move_distance": 0.75,
      "offset": 0.0,
      "stun": 10
    },
    "hitbox_size": 1.5,
    "knockback": 0.0,
    "move_distance": 0.75,
    "offset": 0.0,
    "stun": 40,
    "windup": 12
  }
}