{
  "anim_state": "LIGHT",
  "class": "LIGHT",
  "cooldown_type": "STAND_LIGHT",
  "crouching_variant": {
    "anim_state": "LOW",
    "class": "LIGHT",
    "cooldown_type": "STAND_LIGHT",
    "move": {
      "type": "jcraft:shared_simple_attack",
      "attack_extras": {
        "backstab": true,
        "block_stun": 10,
        "extra_hit_boxes": [
          {
            "size": 1.0
          }
        ],
        "hit_animation": "LOW",
        "hit_spark": "HIT_SPARK_2"
      },
      "cooldown": 20,
      "damage": 6.0,
      "duration": 14,
      "extras": {
        "actions": [
          {
            "type": "jcraft:play_sound",
            "on_impact": true,
            "sound": "jcraft:impact1"
          }
        ],
        "description": {
          "text": "slower, higher stun, low hitbox"
        },
        "name": {
          "text": "Low Kick"
        }
      },
      "hitbox_size": 1.5,
      "knockback": 0.2,
      "move_distance": 0.75,
      "offset": 0.65,
      "stun": 17,
      "windup": 8
    }
  },
  "followup": {
    "anim_state": "LIGHT_FOLLOWUP",
    "class": "LIGHT",
    "cooldown_type": "STAND_LIGHT",
    "move": {
      "type": "jcraft:shared_simple_attack",
      "attack_extras": {
        "backstab": true,
        "block_stun": 4,
        "extra_hit_boxes": [
          {
            "size": 1.0
          }
        ],
        "hit_animation": "LAUNCH",
        "hit_spark": "HIT_SPARK_2",
        "override_stun": true,
        "shockwaves": true,
        "stun_type": "LAUNCH"
      },
      "cooldown": 0,
      "damage": 6.0,
      "duration": 11,
      "extras": {
        "actions": [
          {
            "type": "jcraft:play_sound",
            "on_impact": true,
            "sound": "jcraft:impact1"
          }
        ],
        "description": {
          "text": "quick combo finisher"
        },
        "name": {
          "text": "Punch"
        }
      },
      "hitbox_size": 1.5,
      "knockback": 1.0,
      "move_distance": 0.75,
      "offset": 0.0,
      "stun": 8,
      "windup": 7
    }
  },
  "move": {
    "type": "jcraft:shared_simple_attack",
    "attack_extras": {
      "backstab": true,
      "block_stun": 9,
      "hit_animation": "MID",
      "hit_spark": "HIT_SPARK_1"
    },
    "cooldown": 20,
    "damage": 5.0,
    "duration": 7,
    "extras": {
      "actions": [
        {
          "type": "jcraft:play_sound",
          "on_impact": true,
          "sound": "jcraft:impact1"
        }
      ],
      "description": {
        "text": "quick combo starter"
      },
      "name": {
        "text": "Punch"
      }
    },
    "hitbox_size": 1.5,
    "knockback": 0.1,
    "move_distance": 0.75,
    "offset": -0.1,
    "stun": 10,
    "windup": 5
  }
}