{
  "anim_state": "BARRAGE",
  "class": "BARRAGE",
  "cooldown_type": "STAND_BARRAGE",
  "move": {
    "type": "jcraft:shared_main_barrage_attack",
    "attack_extras": {
      "backstab": true,
      "block_stun": 3,
      "hit_animation": "MID",
      "shockwaves": true,
      "stun_type": "WINDED"
    },
    "cooldown": 280,
    "damage": 0.75,
    "duration": 40,
    "extras": {
      "actions": [
        {
          "type": "jcraft:play_sound",
          "on_impact": true,
          "sound": "jcraft:impact3"
        },
        {
          "type": "jcraft:cmoon_inversion",
          "damage": 0.25,
          "slow": false,
          "time": 40
        }
      ],
      "description": {
        "text": "fast reliable combo starter/extender, medium stun"
      },
      "init_actions": [
        {
          "type": "jcraft:play_sound",
          "sound": "jcraft:cmoonbarrage"
        }
      ],
      "is_holdable": true,
      "name": {
        "text": "Barrage"
      }
    },
    "hitbox_size": 2.0,
    "interval": 4,
    "knockback": 0.25,
    "mineable_hardness": 50.0,
    "move_distance": 0.75,
    "offset": 0.0,
    "stun": 20,
    "windup": 0
  }
}