{
  "anim_state": "HEAVY",
  "class": "HEAVY",
  "cooldown_type": "STAND_HEAVY",
  "crouching_variant": {
    "anim_state": "GROUND_BREAKER",
    "class": "HEAVY",
    "cooldown_type": "STAND_HEAVY",
    "move": {
      "type": "jcraft:starplatinum_block_breaking_attack",
      "attack_extras": {
        "backstab": true,
        "block_stun": 9,
        "extra_hit_boxes": [
          {
            "size": 1.5
          }
        ],
        "hit_animation": "LAUNCH",
        "hit_spark": "HIT_SPARK_3",
        "override_stun": true,
        "shockwaves": true,
        "stun_type": "LAUNCH"
      },
      "cooldown": 200,
      "damage": 10.0,
      "duration": 30,
      "extras": {
        "actions": [
          {
            "type": "jcraft:play_sound",
            "on_impact": true,
            "sound": "jcraft:impact8"
          }
        ],
        "armor": 2147483647,
        "description": {
          "text": "slow, uninterruptible launcher, breaks the ground"
        },
        "init_actions": [
          {
            "type": "jcraft:play_sound",
            "sound": "jcraft:starbreaker"
          }
        ],
        "name": {
          "translate": "jcraft.starplatinum.crhvy"
        }
      },
      "hitbox_size": 2.0,
      "knockback": 1.5,
      "move_distance": 1.0,
      "offset": 0.5,
      "stun": 12,
      "windup": 20
    }
  },
  "move": {
    "type": "jcraft:shared_simple_attack",
    "attack_extras": {
      "backstab": true,
      "block_stun": 9,
      "extra_hit_boxes": [
        {
          "size": 1.5
        }
      ],
      "hit_animation": "LAUNCH",
      "hit_spark": "HIT_SPARK_3",
      "override_stun": true,
      "shockwaves": true,
      "stun_type": "LAUNCH"
    },
    "cooldown": 200,
    "damage": 10.0,
    "duration": 30,
    "extras": {
      "actions": [
        {
          "type": "jcraft:play_sound",
          "on_impact": true,
          "sound": "jcraft:impact8"
        }
      ],
      "armor": 2147483647,
      "description": {
        "text": "slow, uninterruptible launcher"
      },
      "init_actions": [
        {
          "type": "jcraft:play_sound",
          "sound": "jcraft:starbreaker"
        }
      ],
      "name": {
        "translate": "jcraft.starplatinum.hvy"
      }
    },
    "hitbox_size": 2.0,
    "knockback": 1.5,
    "move_distance": 1.0,
    "offset": 0.0,
    "stun": 14,
    "windup": 20
  }
}