{
    "type": "minecraft:entity",
    "pools": [
        {
            "rolls": 1,
            "entries": [
                {
                    "type": "minecraft:item",
                    "name": "confluence:vitamins"
                }
            ],
            "conditions": [
                {
                    "condition": "minecraft:random_chance",
                    "chance": 0.08
                },
                {
                    "condition": "minecraft:damage_source_properties",
                    "predicate": {
                        "direct_entity": {
                            "type": "minecraft:player"
                        },
                        "is_direct": true
                    }
                }
            ]
        },
        {
            "rolls": 1,
            "entries": [
                {
                    "type": "minecraft:item",
                    "name": "confluence:band_of_regeneration"
                }
            ],
            "conditions": [
                {
                    "condition": "minecraft:random_chance",
                    "chance": 0.05
                },
                {
                    "condition": "minecraft:damage_source_properties",
                    "predicate": {
                        "direct_entity": {
                            "type": "minecraft:player"
                        },
                        "is_direct": true
                    }
                }
            ]
        }
    ]
}
