{
  "anim_state": "LIGHT",
  "class": "LIGHT",
  "cooldown_type": "STAND_LIGHT",
  "crouching_variant": {
    "anim_state": "BITE",
    "class": "LIGHT",
    "cooldown_type": "STAND_LIGHT",
    "move": {
      "type": "jcraft:shared_simple_attack",
      "attack_extras": {
        "backstab": true,
        "block_stun": 10,
        "hit_animation": "LOW",
        "hit_spark": "HIT_SPARK_2"
      },
      "cooldown": 20,
      "damage": 6.0,
      "duration": 13,
      "extras": {
        "actions": [
          {
            "type": "jcraft:effect",
            "effects": [
              {
                "amplifier": 1,
                "duration": 40,
                "effect": "minecraft:slowness"
              }
            ]
          }
        ],
        "description": {
          "text": "applies Slowness II (2s) on hit"
        },
        "init_actions": [
          {
            "type": "jcraft:play_sound",
            "sound": "minecraft:entity.evoker_fangs.attack"
          }
        ],
        "name": {
          "text": "Bite"
        }
      },
      "hitbox_size": 1.75,
      "knockback": 0.75,
      "move_distance": 0.75,
      "offset": 0.3,
      "stun": 20,
      "windup": 7
    }
  },
  "followup": {
    "anim_state": "LIGHT_FOLLOWUP",
    "class": "LIGHT",
    "cooldown_type": "STAND_LIGHT",
    "move": {
      "type": "jcraft:shared_simple_attack",
      "attack_extras": {
        "backstab": true,
        "block_stun": 4,
        "extra_hit_boxes": [
          {
            "size": 1.0,
            "vertical_offset": 0.25
          }
        ],
        "hit_animation": "LAUNCH",
        "hit_spark": "HIT_SPARK_2",
        "override_stun": true,
        "shockwaves": true,
        "stun_type": "LAUNCH"
      },
      "cooldown": 0,
      "damage": 6.0,
      "duration": 14,
      "extras": {
        "actions": [
          {
            "type": "jcraft:play_sound",
            "on_impact": true,
            "sound": "jcraft:impact3"
          }
        ],
        "description": {
          "text": "quick combo finisher"
        },
        "name": {
          "text": "Chop"
        }
      },
      "hitbox_size": 1.75,
      "knockback": 1.1,
      "move_distance": 0.75,
      "offset": -0.1,
      "stun": 8,
      "windup": 7
    }
  },
  "move": {
    "type": "jcraft:shared_simple_attack",
    "attack_extras": {
      "backstab": true,
      "block_stun": 9,
      "hit_animation": "MID",
      "hit_spark": "HIT_SPARK_1"
    },
    "cooldown": 20,
    "damage": 5.0,
    "duration": 14,
    "extras": {
      "actions": [
        {
          "type": "jcraft:play_sound",
          "on_impact": true,
          "sound": "jcraft:impact4"
        }
      ],
      "description": {
        "text": "quick combo starter"
      },
      "name": {
        "text": "Backhand"
      }
    },
    "hitbox_size": 1.5,
    "knockback": 0.3,
    "move_distance": 0.75,
    "offset": -0.1,
    "stun": 20,
    "windup": 6
  }
}