{
  "display": {
    "flash": {
      "size": 1.0,
      "yOffset": 4.1,
      "zOffset": -3.2,
      "textureLocation": "muzzle_flash_1"
    }
  },
  "general": {
    "alwaysSpread": false,
    "fireMode": "scguns:semi_automatic",
    "gripType": "scguns:one_handed",
    "rate": 6,
    "recoilAngle": 6.8,
    "recoilKick": 2.0,
    "spread": 1.0,
    "meleeDamage": 2.5,
    "meleeReach": 2.5,
    "meleeCooldownTicks": 10,
    "hotBarrelRate": 15,
    "criticalChance": 0.05
  },
  "modules": {
    "attachments": {
      "barrel": {
        "yOffset": 4.1,
        "zOffset": -4.8
      },
      "scope": {
        "size": 0.7,
        "yOffset": 6.0,
        "zOffset": 4.6
      },
      "magazine": {
        "scale": 0.0
      }
    },
    "zoom": {
      "fovModifier": 0.6,
      "yOffset": 6.0,
      "zOffset": -0.45
    }
  },
  "projectile": {
    "advantage": "scguns:undead",
    "damage": 14.0,
    "ejectsCasing": true,
    "gravity": false,
    "item": "scguns:ramrod_round",
    "casingType": "scguns:small_iron_casing",
    "casingParticle": "scguns:iron_casing",
    "life":50,
    "size": 0.1,
    "speed": 6.0,
    "trailLengthMultiplier": 2.0
  },
  "reloads": {
    "emptyMagTimer": 10,
    "maxAmmo": 6,
    "reloadItem": "scguns:ramrod_round",
    "reloadTimer": 50,
    "reloadType": "scguns:mag_fed"
  },
  "sounds": {
    "cock": "scguns:item.pistol.cock",
    "enchantedFire": "scguns:item.bruiser.fire",
    "fire": "scguns:item.bruiser.fire",
    "reload": "scguns:item.gauss.reload",
    "silencedFire": "scguns:item.bruiser.silenced_fire",
    "flyby": "scguns:bullet.flyby1"
  }
}