{
  "display": {
    "flash": {
      "size": 1.5,
      "yOffset": 1.5,
      "zOffset": -9.5,
      "textureLocation": "muzzle_flash_1"
    }
  },
  "general": {
    "alwaysSpread": false,
    "fireMode": "scguns:semi_automatic",
    "gripType": "scguns:mini_gun_3",
    "baseGripType": "scguns:mini_gun_3",
    "rate": 6,
    "recoilAngle": 5.0,
    "recoilKick": 2.0,
    "spread": 1.0,
    "meleeDamage": 9.5,
    "meleeCooldownTicks": 20,
    "meleeReach": 4.5,
    "hotBarrelRate": 100,
    "criticalChance": 0.05,
    "speedModifier": 1.1
  },
  "modules": {
    "attachments": {
    },
    "zoom": {
      "fovModifier": 0.6,
      "yOffset": 5.5,
      "zOffset": 0.75
    }
  },
  "projectile": {
    "advantage": "scguns:fire",
    "damage": 16.5,
    "ejectsCasing": true,
    "gravity": false,
    "item": "scguns:microjet",
    "casingType": "scguns:small_iron_casing",
    "life": 45,
    "size": 0.05,
    "speed": 3.0,
    "trailLengthMultiplier": 2.0
  },
  "reloads": {
    "emptyMagTimer": 30,
    "maxAmmo": 1,
    "reloadItem": "scguns:microjet",
    "reloadTimer": 40,
    "reloadType": "scguns:mag_fed"
  },
  "sounds": {
    "cock": "scguns:item.pistol.cock",
    "enchantedFire": "scguns:item.gyrojet.fire",
    "fire": "scguns:item.gyrojet.fire",
    "reload": "scguns:item.gauss.reload",
    "silencedFire": "scguns:item.makeshift_rifle.silenced_fire"
  }
}