{
  "display": {
    "flash": {
      "size": 1.35,
      "yOffset": 3.75,
      "zOffset": -3.0,
      "textureLocation": "muzzle_flash_1",
      "alternateMuzzleFlash": true,
      "alternatePosition": {
        "x": -0.0,
        "y": 0.0,
        "z": -1.25
      }
    }
  },
  "general": {
    "alwaysSpread": true,
    "fireMode": "scguns:semi_automatic",
    "gripType": "scguns:two_handed",
    "baseGripType": "scguns:two_handed",
    "projectileAmount": 22,
    "rate": 13,
    "recoilAngle": 16.0,
    "recoilKick": 5.0,
    "spread": 21.0,
    "meleeDamage": 3.0,
    "meleeReach": 2.5,
    "meleeCooldownTicks": 20,
    "hotBarrelRate": 50,
    "criticalChance": 0.1,
    "playerKnockBack": true,
    "playerKnockBackStrength": 0.75
  },
  "modules": {
    "attachments": {
      "stock": {
        "scale": 0.0
      }
    },
    "zoom": {
      "fovModifier": 0.6,
      "yOffset": 5.2,
      "zOffset": 0.75
    }
  },
  "projectile": {
    "advantage": "scguns:illager",
    "damage": 14.0,
    "ejectsCasing": true,
    "item": "jeg:shotgun_shell",
    "casingParticle": "scguns:shell",
    "life": 25,
    "size": 0.05,
    "speed": 5.0,
    "trailLengthMultiplier": 2.0,
    "trailColor": -256
  },
  "reloads": {
    "emptyMagTimer": 50,
    "maxAmmo": 6,
    "reloadItem": "scguns:shotgun_shell",
    "reloadTimer": 20,
    "reloadType": "scguns:manual"
  },
  "sounds": {
    "cock": "scguns:item.pistol.cock",
    "enchantedFire": "scguns:item.blackpowder.fire",
    "fire": "scguns:item.blackpowder.fire",
    "reload": "scguns:item.gauss.reload"
  }
}