{
  "display": {
    "flash": {
      "size": 1.2,
      "yOffset": 5.1,
      "zOffset": -4.0,
      "textureLocation": "muzzle_flash_1"
    }
  },
  "general": {
    "alwaysSpread": false,
    "fireMode": "scguns:automatic",
    "gripType": "scguns:two_handed",
    "baseGripType": "scguns:two_handed",
    "projectileAmount": 1,
    "rate": 8,
    "recoilAngle": 3.0,
    "recoilKick": 2.0,
    "spread": 3.0,
    "meleeDamage": 3.5,
    "meleeCooldownTicks": 20,
    "hotBarrelRate": 16,
    "criticalChance": 0.05
  },
  "modules": {
    "attachments": {
      "scope": {
        "size": 0.7,
        "yOffset": 6.6,
        "zOffset": 4.5
      },
      "stock": {
        "scale": 0.0
      }
    },
    "zoom": {
      "fovModifier": 0.6,
      "yOffset": 7.0,
      "zOffset": 1.75
    }
  },
  "projectile": {
    "advantage": "scguns:none",
    "damage": 10.0,
    "ejectsCasing": true,
    "gravity": false,
    "item": "scguns:shulkshot",
    "casingType": "scguns:shulker_casing",
    "casingParticle": "scguns:shulk_casing",
    "life": 120,
    "size": 1e-05,
    "speed": 0.5,
    "trailLengthMultiplier": 100.0,
    "trailColor": -256
  },
  "reloads": {
    "emptyMagTimer": 10,
    "maxAmmo": 15,
    "reloadItem": "scguns:shulkshot",
    "reloadTimer": 30,
    "reloadType": "scguns:mag_fed"
  },
  "sounds": {
    "cock": "scguns:item.pistol.cock",
    "enchantedFire": "scguns:item.shulker.fire",
    "fire": "scguns:item.shulker.fire",
    "reload": "scguns:item.gauss.reload"
  }
}