{
  "display": {
    "flash": {
      "size": 1.2,
      "yOffset": 6.0,
      "zOffset": -13.5,
      "textureLocation": "muzzle_flash_1"
    }
  },
  "general": {
    "alwaysSpread": true,
    "fireMode": "scguns:semi_automatic",
    "gripType": "scguns:bazooka",
    "baseGripType": "scguns:bazooka",
    "rate": 12,
    "recoilAngle": 6.7,
    "recoilKick": 2.22,
    "spread": 4.0,
    "meleeDamage": 3.5,
    "meleeCooldownTicks": 25,
    "hotBarrelRate": 18,
    "criticalChance": 0.05,
    "isRevolver": true,
    "speedModifier": 0.95
  },
  "modules": {
    "attachments": {
      "scope": {
        "size": 0.7,
        "yOffset": 7.2,
        "zOffset": 1.7,
        "xOffset": -3.2
      },
      "underBarrel": {
        "yOffset": 5.5,
        "zOffset": -2.5
      }
    },
    "zoom": {
      "xOffset": 3.2,
      "yOffset": 7.9,
      "zOffset": 7.0,
      "fovModifier": 0.5
    }
  },
  "projectile": {
    "advantage": "scguns:none",
    "damage": 18.0,
    "ejectsCasing": false,
    "gravity": false,
    "item": "scguns:rocket",
    "life": 55,
    "size": 0.05,
    "speed": 5.0,
    "trailLengthMultiplier": 2.0,
    "trailColor": -256
  },
  "reloads": {
    "emptyMagTimer": 20,
    "maxAmmo": 4,
    "reloadItem": "scguns:rocket",
    "reloadTimer": 20,
    "reloadType": "scguns:mag_fed"
  },
  "sounds": {
    "cock": "scguns:item.pistol.cock",
    "enchantedFire": "scguns:item.rocket.fire",
    "fire": "scguns:item.rocket.fire",
    "reload": "scguns:item.gauss.reload"
  }
}