{
  "display": {
    "flash": {
      "size": 1.2,
      "yOffset": 3.5,
      "zOffset": -6.2,
      "textureLocation": "muzzle_flash_1",
      "spawnParticles": true,
      "particleType": "minecraft:campfire_cosy_smoke",
      "particleCount": 15,
      "particleSpread": 0.7,
      "particleRingRadius": 0.7
    }
  },
  "general": {
    "alwaysSpread": true,
    "fireMode": "scguns:semi_automatic",
    "gripType": "scguns:one_handed",
    "rate": 6,
    "recoilAngle": 5.0,
    "recoilKick": 2.0,
    "spread": 3.0,
    "meleeDamage": 2.0,
    "meleeCooldownTicks": 10,
    "meleeReach": 2.5,
    "hotBarrelRate": 100,
    "criticalChance": 0.1
  },
  "modules": {
    "attachments": {
      "stock": {
        "scale": 0.0
      }
    },
    "zoom": {
      "fovModifier": 0.6,
      "yOffset": 4.8,
      "zOffset": 0.75
    }
  },
  "projectile": {
    "advantage": "scguns:none",
    "damage": 10.0,
    "ejectsCasing": false,
    "gravity": false,
    "item": "scguns:powder_and_ball",
    "life": 50,
    "size": 1.0,
    "speed": 4.0,
    "trailLengthMultiplier": 2.0,
    "trailColor": -256
  },
  "reloads": {
    "emptyMagTimer": 45,
    "maxAmmo": 1,
    "reloadItem": "scguns:powder_and_ball",
    "reloadTimer": 45,
    "reloadType": "scguns:mag_fed"
  },
  "sounds": {
    "cock": "scguns:item.pistol.cock",
    "enchantedFire": "scguns:item.blackpowder.fire",
    "fire": "scguns:item.blackpowder.fire",
    "reload": "scguns:item.gauss.reload"
  }
}