{
  "display": {
    "flash": {
      "size": 1.0,
      "yOffset": 4.6,
      "zOffset": -11.0,
      "textureLocation": "muzzle_flash_1"
    }
  },
  "general": {
    "alwaysSpread": false,
    "fireMode": "scguns:semi_automatic",
    "gripType": "scguns:two_handed",
    "baseGripType": "scguns:two_handed",
    "rate": 20,
    "recoilAngle": 4.7,
    "recoilKick": 2.22,
    "spread": 1.0,
    "meleeDamage": 2.5,
    "meleeCooldownTicks": 20,
    "meleeReach": 3.5,
    "hotBarrelRate": 32,
    "criticalChance": 0.05,
    "playerKnockBack": true,
    "playerKnockBackStrength": 0.25
  },
  "modules": {
    "attachments": {
      "barrel": {
        "yOffset": 4.6,
        "zOffset": -12.5
      },
      "scope": {
        "size": 0.7,
        "yOffset": 6.3,
        "zOffset": 4.6
      },
      "stock": {
        "scale": 0.0
      },
      "underBarrel": {
        "yOffset": 5.5,
        "zOffset": -2.5
      },"magazine": {
        "scale": 0.0
      }
    },
    "zoom": {
      "fovModifier": 0.6,
      "yOffset": 6.35,
      "zOffset": 0.75
    }
  },
  "projectile": {
    "advantage": "scguns:heavy",
    "damage": 21.0,
    "ejectsCasing": true,
    "gravity": false,
    "item": "scguns:krahg_round",
    "casingType": "scguns:large_brass_casing",
    "casingParticle": "scguns:brass_casing",

    "life": 75,
    "size": 0.1,
    "speed": 15.0,
    "trailLengthMultiplier": 4.0
  },
  "reloads": {
    "emptyMagTimer": 20,
    "maxAmmo": 5,
    "reloadItem": "scguns:krahg_round",
    "reloadTimer": 40,
    "reloadType": "scguns:mag_fed"
  },
  "sounds": {
    "cock": "scguns:item.pistol.cock",
    "enchantedFire": "scguns:item.heavy_rifle.fire",
    "fire": "scguns:item.heavy_rifle.fire",
    "reload": "scguns:item.gauss.reload",
    "silencedFire": "scguns:item.bruiser.silenced_fire",
    "flyby": "scguns:bullet.flyby1"
  }
}