{
  "display": {
    "flash": {
      "size": 1.2,
      "yOffset": 3.7,
      "zOffset": -10.2,
      "textureLocation": "muzzle_flash_9"
    },
    "beamOrigin": {
      "horizontalOffset": 0.1,
      "verticalOffset": -0.05,
      "forwardOffset": 0.3,
      "aimHorizontalOffset": 0.0
    }
  },
  "general": {
    "hasCameraShake": false,
    "alwaysSpread": false,
    "fireMode": "scguns:semi_beam",
    "beamColor": "#ff0000",
    "secondaryBeamColor": "#e66363",
    "enchantedBeamColor": "#FF71479e",
    "enchantedSecondaryBeamColor": "#ff7fc3",
    "gripType": "scguns:two_handed",
    "baseGripType": "scguns:two_handed",
    "rate": 12,
    "recoilAngle": 1.5,
    "recoilKick": 1.0,
    "spread": 0.1,
    "meleeDamage": 3.5,
    "meleeCooldownTicks": 20,
    "meleeReach": 3.5,
    "hotBarrelRate": 20,
    "beamAmmoConsumptionDelay": 6000,
    "beamDamageDelay": 10,
    "beamMaxDistance": 100.0,
    "criticalChance": 0.05
  },
  "modules": {
    "attachments": {
      "scope": {
        "yOffset": 5.2,
        "zOffset": 4.0
      },
      "stock": {
        "scale": 0.0
      },
      "underBarrel": {
        "yOffset": 1.0,
        "zOffset": 1.0
      }
    },
    "zoom": {
      "fovModifier": 0.6,
      "yOffset": 5.4,
      "zOffset": 0.75
    }
  },
  "projectile": {
    "advantage": "scguns:none",
    "damage": 14.0,
    "ejectsCasing": false,
    "gravity": false,
    "item": "scguns:energy_core",
    "life": 40,
    "size": 1.0,
    "speed": 7.0,
    "trailLengthMultiplier": 2.0,
    "trailColor": -256
  },
  "reloads": {
    "emptyMagTimer": 50,
    "maxAmmo": 12,
    "reloadItem": "scguns:energy_core",
    "reloadByproduct": "scguns:depleted_energy_core",
    "reloadTimer": 27,
    "reloadType": "scguns:single_item"
  },
  "sounds": {
    "cock": "scguns:item.pistol.cock",
    "enchantedFire": "scguns:item.plasma.fire",
    "preFire": "scguns:item.gauss.pre_fire",
    "fire": "scguns:item.plasma.fire",
    "reload": "scguns:item.pistol.reload",
    "flyby": "scguns:bullet.flyby1"
  }
}