{
  "display": {
    "flash": {
      "size": 1.0,
      "yOffset": 4.6,
      "zOffset": -9.75,
      "textureLocation": "muzzle_flash_1"
    }
  },
  "general": {
    "alwaysSpread": false,
    "fireMode": "scguns:semi_automatic",
    "gripType": "scguns:two_handed_shotgun",
    "baseGripType": "scguns:two_handed_shotgun",
    "rate": 16,
    "recoilAngle": 3.5,
    "recoilKick": 2.0,
    "spread": 2.0,
    "meleeDamage": 2.5,
    "meleeCooldownTicks": 20,
    "meleeReach": 3.5,
    "hotBarrelRate": 22,
    "criticalChance": 0.05
  },
  "modules": {
    "attachments": {
      "barrel": {
        "yOffset": 4.6,
        "zOffset": -12.0
      },
      "scope": {
        "size": 0.7,
        "yOffset": 6.0,
        "zOffset": 5.0
      },
      "stock": {
        "scale": 0.0
      },
      "underBarrel": {
        "yOffset": 5.5,
        "zOffset": -2.5
      },
      "magazine": {
        "scale": 0.0
      }
    },
    "zoom": {
      "fovModifier": 0.6,
      "yOffset": 6.2,
      "zOffset": 0.75
    }
  },
  "projectile": {
    "advantage": "scguns:none",
    "damage": 12.5,
    "ejectsCasing": true,
    "gravity": false,
    "item": "scguns:standard_copper_round",
    "casingType": "scguns:medium_copper_casing",
    "casingParticle": "scguns:copper_casing",
    "life": 50,
    "size": 0.05,
    "speed": 10.0,
    "trailLengthMultiplier": 2.0
  },
  "reloads": {
    "emptyMagTimer": 5,
    "maxAmmo": 7,
    "reloadItem": "scguns:standard_copper_round",
    "reloadTimer": 40,
    "reloadType": "scguns:mag_fed"
  },
  "sounds": {
    "cock": "scguns:item.makeshift_rifle.cock",
    "enchantedFire": "scguns:item.iron_rifle.fire",
    "fire": "scguns:item.iron_rifle.fire",
    "reload": "scguns:item.gauss.reload",
    "silencedFire": "scguns:item.makeshift_rifle.silenced_fire",
    "flyby": "scguns:bullet.flyby1"
  }
}