{
  "display": {
    "flash": {
      "size": 1.2,
      "yOffset": 4.9,
      "zOffset": -8.3,
      "textureLocation": "muzzle_flash_1"
    }
  },
  "general": {
    "alwaysSpread": true,
    "fireMode": "scguns:semi_automatic",
    "gripType": "scguns:two_handed_shotgun",
    "baseGripType": "scguns:two_handed_shotgun",
    "projectileAmount": 10,
    "rate": 16,
    "recoilAngle": 10.0,
    "recoilKick": 2.0,
    "spread": 10.5,
    "meleeDamage": 3.0,
    "meleeCooldownTicks": 20,
    "meleeReach": 3.5,
    "hotBarrelRate": 25,
    "criticalChance": 0.05,
    "playerKnockBack": true,
    "playerKnockBackStrength": 0.15
  },
  "modules": {
    "attachments": {
      "barrel": {
        "yOffset": 4.9,
        "zOffset": -10.3
      },
      "stock": {
        "scale": 0.0
      },
      "underBarrel": {
        "yOffset": 5.5,
        "zOffset": -2.5
      },
      "scope": {
        "size": 0.8,
        "yOffset": 6.0,
        "zOffset": 4.5
      }
    },
    "zoom": {
      "fovModifier": 0.6,
      "yOffset": 6.5,
      "zOffset": 1.0
    }
  },
  "projectile": {
    "advantage": "scguns:wither",
    "damage": 20.0,
    "ejectsCasing": true,
    "item": "scguns:hog_round",
    "casingType": "scguns:small_iron_casing",
    "casingParticle": "scguns:iron_casing",
    "life": 36,
    "size": 0.05,
    "speed": 5.0,
    "trailLengthMultiplier": 2.0
  },
  "reloads": {
    "emptyMagTimer": 0,
    "maxAmmo": 7,
    "reloadItem": "scguns:shotgun_shell",
    "reloadTimer": 30,
    "reloadType": "scguns:manual"
  },
  "sounds": {
    "cock": "scguns:item.pistol.cock",
    "enchantedFire": "scguns:item.combat_shotgun.fire",
    "fire": "scguns:item.combat_shotgun.fire",
    "silencedFire": "scguns:item.combat_shotgun.silenced_fire",
    "reload": "scguns:item.gauss.reload"
  }
}