{
  "display": {
    "flash": {
      "size": 1.0,
      "yOffset": 3.8,
      "zOffset": -9.3,
      "textureLocation": "muzzle_flash_1"
    }
  },
  "general": {
    "alwaysSpread": false,
    "fireMode": "scguns:semi_automatic",
    "gripType": "scguns:two_handed",
    "baseGripType": "scguns:two_handed",
    "rate": 12.0,
    "recoilAngle": 3.0,
    "recoilKick": 1.0,
    "spread": 3.0,
    "meleeDamage": 3.0,
    "meleeCooldownTicks": 20,
    "hotBarrelRate": 22,
    "criticalChance": 0.2
  },
  "modules": {
    "attachments": {
      "barrel": {
        "yOffset": 3.8,
        "zOffset": -11.2
      },
      "scope": {
        "size": 0.7,
        "yOffset": 4.5,
        "zOffset": 5.2
      },
      "stock": {
        "scale": 0.0
      },
      "underBarrel": {
        "yOffset": 5.5,
        "zOffset": -2.5
      }
    },
    "zoom": {
      "fovModifier": 0.6,
      "yOffset": 4.9,
      "zOffset": 1.2
    }
  },
  "projectile": {
    "advantage": "scguns:fire",
    "damage": 13.0,
    "ejectsCasing": true,
    "gravity": false,
    "item": "scguns:advanced_round",
    "casingType": "scguns:medium_brass_casing",
    "casingParticle": "scguns:brass_casing",
    "life": 55,
    "size": 0.1,
    "speed": 9.0,
    "trailLengthMultiplier": 4.0,
    "trailColor": -256
  },
  "reloads": {
    "emptyMagTimer": 10,
    "maxAmmo": 9,
    "reloadItem": "scguns:advanced_round",
    "reloadTimer": 15,
    "reloadType": "scguns:manual"
  },
  "sounds": {
    "cock": "scguns:item.pistol.cock",
    "enchantedFire": "scguns:item.heavier_rifle.fire",
    "fire": "scguns:item.heavier_rifle.fire",
    "reload": "scguns:item.gauss.reload",
    "silencedFire": "scguns:item.bruiser.silenced_fire",
    "flyby": "scguns:bullet.flyby1"
  }
}