{
  "display": {
    "flash": {
      "size": 1.2,
      "yOffset": 3.5,
      "zOffset": -11.2,
      "textureLocation": "muzzle_flash_1",
      "spawnParticles": true,
      "particleType": "minecraft:campfire_cosy_smoke",
      "particleCount": 25,
      "particleSpread": 0.7,
      "particleRingRadius": 0.7
    }
  },
  "general": {
    "alwaysSpread": true,
    "fireMode": "scguns:semi_automatic",
    "gripType": "scguns:two_handed",
    "baseGripType": "scguns:two_handed",
    "rate": 6,
    "recoilAngle": 4.0,
    "recoilKick": 2.0,
    "spread": 1.0,
    "meleeDamage": 2.5,
    "meleeCooldownTicks": 20,
    "meleeReach": 4.0,
    "hotBarrelRate": 100,
    "criticalChance": 0.05
  },
  "modules": {
    "attachments": {
      "scope": {
        "yOffset": 4.7,
        "zOffset": 4.5
      },
      "stock": {
        "scale": 0.0
      },
      "underBarrel": {
        "yOffset": 1.0,
        "zOffset": 1.0
      }
    },
    "zoom": {
      "fovModifier": 0.6,
      "yOffset": 5.0,
      "zOffset": 0.75
    }
  },
  "projectile": {
    "advantage": "scguns:none",
    "damage": 12.0,
    "ejectsCasing": false,
    "gravity": false,
    "item": "scguns:powder_and_ball",
    "life": 40,
    "size": 1.0,
    "speed": 7.0,
    "trailLengthMultiplier": 2.0
  },
  "reloads": {
    "emptyMagTimer": 50,
    "maxAmmo": 1,
    "reloadItem": "scguns:powder_and_ball",
    "reloadTimer": 50,
    "reloadType": "scguns:mag_fed"
  },
  "sounds": {
    "cock": "scguns:item.pistol.cock",
    "enchantedFire": "scguns:item.blackpowder.fire",
    "fire": "scguns:item.blackpowder.fire",
    "reload": "scguns:item.gauss.reload",
    "flyby": "scguns:bullet.flyby1"
  }
}