{
  "display": {
    "flash": {
      "size": 1.0,
      "yOffset": 4.5,
      "zOffset": -4.8,
      "textureLocation": "muzzle_flash_5"
    }
  },
  "general": {
    "fireMode": "scguns:pulse",
    "fireTimer": 15,
    "gripType": "scguns:one_handed",
    "rate": 12,
    "recoilAngle": 8.0,
    "recoilKick": 0.5,
    "meleeDamage": 2.5,
    "meleeCooldownTicks": 10,
    "meleeReach": 2.5,
    "hotBarrelRate":  50,
    "criticalChance": 0.05
  },
  "modules": {
    "attachments": {
      "stock": {
        "scale": 0.0
      },
      "scope": {
        "size": 0.7,
        "yOffset": 6.1,
        "zOffset": 4.6
      }
    },
    "zoom": {
      "fovModifier": 0.6,
      "yOffset": 6.7,
      "zOffset": 0.45
    }
  },
  "projectile": {
    "advantage": "scguns:wither",
    "damage": 15.0,
    "ejectsCasing": false,
    "gravity": false,
    "item": "scguns:blaze_fuel",
    "life": 45,
    "size": 0.05,
    "speed": 14.0,
    "trailLengthMultiplier": 2.0
  },
  "reloads": {
    "emptyMagTimer": 10,
    "maxAmmo": 7,
    "reloadItem": "scguns:blaze_fuel",
    "reloadByproduct": "scguns:empty_tank",
    "reloadTimer": 20,
    "reloadType": "scguns:single_item"
  },
  "sounds": {
    "cock": "scguns:item.pistol.cock",
    "enchantedFire": "scguns:item.flamethrower.fire_2",
    "fire": "scguns:item.flamethrower.fire_2",
    "preFire": "scguns:item.flamethrower.pre_fire",
    "reload": "scguns:item.flamethrower.reload"
  }
}