{
  "display": {
    "flash": {
      "size": 1.0,
      "yOffset": 4.5,
      "zOffset": -5.2,
      "textureLocation": "muzzle_flash_3"
    }
  },
  "general": {
    "alwaysSpread": false,
    "fireMode": "scguns:automatic",
    "gripType": "scguns:one_handed",
    "rate": 8,
    "recoilAngle": 3.0,
    "recoilKick": 0.5,
    "spread": 2.0,
    "meleeDamage": 2.5,
    "meleeCooldownTicks": 10,
    "meleeReach": 2.5,
    "hotBarrelRate": 14,
    "criticalChance": 0.05
  },
  "modules": {
    "attachments": {
      "stock": {
        "scale": 0.0
      }
    },
    "zoom": {
      "fovModifier": 0.6,
      "yOffset": 6.8,
      "zOffset": 2.4
    }
  },
  "projectile": {
    "advantage": "scguns:none",
    "damage": 23.0,
    "ejectsCasing": true,
    "gravity": false,
    "item": "scguns:energy_cell",
    "casingType": "scguns:empty_cell",
    "casingParticle": "scguns:iron_casing",
    "life": 50,
    "size": 100.0,
    "speed": 5.0,
    "trailLengthMultiplier": 0.2,
    "trailColor": -256
  },
  "reloads": {
    "emptyMagTimer": 10,
    "maxAmmo": 17,
    "reloadItem": "scguns:energy_cell",
    "reloadTimer": 25,
    "reloadType": "scguns:mag_fed"
  },
  "sounds": {
    "cock": "scguns:item.pistol.cock",
    "enchantedFire": "scguns:item.raygun.fire",
    "fire": "scguns:item.raygun.fire",
    "reload": "scguns:item.gauss.reload"
  }
}