{
  "display": {
    "flash": {
      "size": 1.3,
      "yOffset": 4.5,
      "zOffset": -8.0,
      "textureLocation": "muzzle_flash_1"
    }
  },
  "general": {
    "alwaysSpread": false,
    "fireMode": "scguns:semi_automatic",
    "gripType": "scguns:two_handed",
    "baseGripType": "scguns:two_handed",
    "rate": 3,
    "recoilAngle": 6.7,
    "recoilKick": 2.22,
    "spread": 2.5,
    "meleeDamage": 2.5,
    "meleeCooldownTicks": 20,
    "hotBarrelRate": 100,
    "criticalChance": 0.05,
    "playerKnockBack": true,
    "playerKnockBackStrength": 0.2
  },
  "modules": {
    "attachments": {
      "scope": {
        "size": 0.7,
        "yOffset": 5.8,
        "zOffset":4.6
      },
      "stock": {
        "scale": 0.0
      },
      "underBarrel": {
        "yOffset": 5.5,
        "zOffset": -2.5
      }
    },
    "zoom": {
      "fovModifier": 0.6,
      "yOffset": 5.9,
      "zOffset": 0.75
    }
  },
  "projectile": {
    "advantage": "scguns:none",
    "damage": 12.0,
    "ejectsCasing": true,
    "gravity": false,
    "item": "scguns:rocket",
    "ejectDuringReload": true,
    "casingType": "scguns:large_iron_casing",
    "casingParticle": "scguns:iron_casing",
    "life": 55,
    "size": 0.05,
    "speed": 4.0,
    "trailLengthMultiplier": 2.0
  },
  "reloads": {
    "emptyMagTimer": 30,
    "maxAmmo": 1,
    "reloadItem": "scguns:rocket",
    "reloadTimer": 40,
    "reloadType": "scguns:mag_fed"
  },
  "sounds": {
    "cock": "scguns:item.pistol.cock",
    "enchantedFire": "scguns:item.rocket_rifle.fire",
    "fire": "scguns:item.rocket_rifle.fire",
    "reload": "scguns:item.gauss.reload"
  }
}