{
  "display": {
    "flash": {
      "size": 1.0,
      "yOffset": 4.2,
      "zOffset": -2.5,
      "textureLocation": "muzzle_flash_1"
    }
  },
  "general": {
    "alwaysSpread": false,
    "fireMode": "scguns:automatic",
    "gripType": "scguns:two_handed_smg",
    "baseGripType": "scguns:two_handed_smg",
    "rate": 3,
    "recoilAngle": 6.0,
    "recoilKick": 1.0,
    "spread": 4.0,
    "meleeDamage": 2.5,
    "meleeCooldownTicks": 15,
    "meleeReach": 2.5,
    "hotBarrelRate": 6,
    "criticalChance": 0.05
  },
  "modules": {
    "attachments": {
      "barrel": {
        "yOffset": 4.2,
        "zOffset": -3.7
      },
      "scope": {
        "size": 0.7,
        "yOffset": 5.9,
        "zOffset": 5.5
      },
      "stock": {
        "scale": 0.0
      },
      "magazine": {
        "scale": 0.0
      }
    },
    "zoom": {
      "fovModifier": 0.6,
      "yOffset": 5.9,
      "zOffset": -1.25
    }
  },
  "projectile": {
    "advantage": "scguns:none",
    "damage": 5.0,
    "ejectsCasing": true,
    "item": "scguns:compact_copper_round",
    "casingType": "scguns:small_copper_casing",
    "casingParticle": "scguns:copper_casing",
    "life": 35,
    "size": 0.05,
    "speed": 5.0,
    "trailLengthMultiplier": 2.0,
    "trailColor": -256
  },
  "reloads": {
    "emptyMagTimer": 10,
    "maxAmmo": 14,
    "reloadItem": "scguns:compact_copper_round",
    "reloadTimer": 35,
    "reloadType": "scguns:mag_fed"
  },
  "sounds": {
    "cock": "scguns:item.pistol.cock",
    "enchantedFire": "scguns:item.rusty_gnat.fire",
    "fire": "scguns:item.rusty_gnat.fire",
    "reload": "scguns:item.gauss.reload",
    "silencedFire": "scguns:item.rusty_gnat.silenced_fire"
  }
}