{
  "display": {
    "flash": {
      "size": 1.2,
      "yOffset": 3.8,
      "zOffset": -10.0,
      "textureLocation": "muzzle_flash_1"
    }
  },
  "general": {
    "alwaysSpread": true,
    "fireMode": "scguns:semi_automatic",
    "gripType": "scguns:two_handed",
    "baseGripType": "scguns:two_handed",
    "rate": 6,
    "recoilAngle": 4.0,
    "recoilKick": 2.0,
    "spread": 0.5,
    "meleeDamage": 2.5,
    "meleeCooldownTicks": 20,
    "meleeReach": 4.0,
    "hotBarrelRate": 100,
    "criticalChance": 0.15
  },
  "modules": {
    "attachments": {
      "barrel": {
        "yOffset": 3.8,
        "zOffset": -12.0
      },
      "scope": {
        "yOffset": 4.8,
        "zOffset": 4.2
      },
      "stock": {
        "scale": 0.0
      },
      "underBarrel": {
        "yOffset": 1.0,
        "zOffset": 1.0
      }
    },
    "zoom": {
      "fovModifier": 0.6,
      "yOffset": 5.3,
      "zOffset": 0.75
    }
  },
  "projectile": {
    "advantage": "scguns:illager",
    "damage": 12.0,
    "ejectsCasing": true,
    "gravity": false,
    "item": "scguns:standard_copper_round",
    "casingType": "scguns:medium_copper_casing",
    "casingParticle": "scguns:copper_casing",
    "ejectDuringReload": true,
    "life": 55,
    "size": 1.0,
    "speed": 7.0,
    "trailLengthMultiplier": 2.0,
    "trailColor": -256
  },
  "reloads": {
    "emptyMagTimer": 50,
    "maxAmmo": 1,
    "reloadItem": "scguns:standard_copper_round",
    "reloadTimer": 50,
    "reloadType": "scguns:mag_fed"
  },
  "sounds": {
    "cock": "scguns:item.pistol.cock",
    "enchantedFire": "scguns:item.cowboy.fire",
    "fire": "scguns:item.blackpowder.fire",
    "silencedFire": "scguns:item.bruiser.silenced_fire",
    "reload": "scguns:item.gauss.reload",
    "flyby": "scguns:bullet.flyby1"
  }
}