{
  "display": {
    "flash": {
      "size": 1.7,
      "yOffset": 8.0,
      "zOffset": -13.5,
      "textureLocation": "muzzle_flash_1",
      "alternateMuzzleFlash": true,
      "alternatePosition": {
        "x": -0.0,
        "y": 0.0,
        "z": -1.25
      }
    }
  },
  "general": {
    "fireMode": "scguns:automatic",
    "gripType": "scguns:mini_gun",
    "baseGripType": "scguns:mini_gun",
    "rate": 8,
    "recoilAngle": 6.0,
    "recoilKick": 2.0,
    "spread": 5.0,
    "meleeDamage": 3.5,
    "meleeCooldownTicks": 20,
    "hotBarrelRate": 15,
    "criticalChance": 0.05,
    "playerKnockBack": true,
    "playerKnockBackStrength": 0.25,
    "meleeReach": 3.5,
    "speedModifier": 0.8
  },
  "modules": {
    "attachments": {
    }
  },
  "projectile": {
    "advantage": "scguns:heavy",
    "damage": 21.0,
    "gravity": false,
    "item": "scguns:krahg_round",
    "ejectsCasing": true,
    "casingType": "scguns:large_brass_casing",
    "casingParticle": "scguns:brass_casing",
    "life": 60,
    "size": 0.1,
    "speed": 5.0,
    "trailLengthMultiplier": 2.0
  },
  "reloads": {
    "emptyMagTimer": 10,
    "maxAmmo": 25,
    "reloadItem": "scguns:krahg_round",
    "reloadTimer": 60,
    "reloadType": "scguns:mag_fed"
  },
  "sounds": {
    "cock": "scguns:item.pistol.cock",
    "enchantedFire": "scguns:item.heavy_rifle.fire",
    "fire": "scguns:item.heavy_rifle.fire",
    "reload": "scguns:item.gauss.reload",
    "flyby": "scguns:bullet.flyby1"
  }
}