{
  "display": {
    "flash": {
      "size": 1.5,
      "yOffset": 4.2,
      "zOffset": -11.0,
      "textureLocation": "muzzle_flash_5",
      "spawnParticles": true,
      "particleType": "minecraft:campfire_cosy_smoke",
      "particleCount": 15,
      "particleSpread": 0.6,
      "particleRingRadius": 0.6
    }
  },
  "general": {
    "alwaysSpread": false,
    "fireMode": "scguns:semi_automatic",
    "gripType": "scguns:one_handed",
    "rate": 15,
    "recoilAngle": 20.0,
    "recoilKick": 20.0,
    "spread": 0.0,
    "meleeDamage": 4.0,
    "meleeCooldownTicks": 20,
    "hotBarrelRate": 37,
    "criticalChance": 0.05,
    "playerKnockBack": true,
    "playerKnockBackStrength": 2.25,
    "isRevolver": true
  },
  "modules": {
    "attachments": {
      "scope": {
        "size": 0.8,
        "yOffset": 5.4,
        "zOffset": 3.5
      }
    },
    "zoom": {
      "fovModifier": 0.6,
      "yOffset": 6.0,
      "zOffset": 0.75
    }
  },
  "projectile": {
    "advantage": "scguns:none",
    "damage": 65.0,
    "ejectsCasing": true,
    "gravity": false,
    "item": "scguns:osborne_slug",
    "casingType": "scguns:large_iron_casing",
    "casingParticle": "scguns:iron_casing",
    "ejectDuringReload": true,
    "life": 80,
    "size": 1.0,
    "speed": 7.0,
    "trailLengthMultiplier": 2.0
  },
  "reloads": {
    "emptyMagTimer": 45,
    "maxAmmo": 3,
    "reloadItem": "scguns:osborne_slug",
    "reloadTimer": 20,
    "reloadType": "scguns:manual"
  },
  "sounds": {
    "cock": "scguns:item.pistol.cock",
    "enchantedFire": "scguns:item.scorched_sniper.fire",
    "fire": "scguns:item.scorched_sniper.fire",
    "reload": "scguns:item.gauss.reload",
    "silencedFire": "scguns:item.bruiser.silenced_fire",
    "flyby": "scguns:bullet.flyby1"
  }
}