{
  "display": {
    "flash": {
      "size": 1.0,
      "yOffset": 4.7,
      "zOffset": -4.5,
      "textureLocation": "muzzle_flash_5"
    }
  },
  "general": {
    "fireMode": "scguns:semi_automatic",
    "gripType": "scguns:one_handed",
    "rate": 7,
    "recoilAngle": 9.0,
    "recoilKick": 5.4,
    "spread": 2.0,
    "meleeDamage": 2.5,
    "meleeCooldownTicks": 20,
    "meleeReach": 2.5,
    "hotBarrelRate": 20,
    "criticalChance": 0.1
  },
  "modules": {
    "attachments": {
      "barrel": {
        "yOffset": 4.7,
        "zOffset": -5.2
      },
      "stock": {
        "scale": 0.0
      },
      "scope": {
        "size": 0.8,
        "yOffset": 6.0,
        "zOffset": 2.0
      }
    },
    "zoom": {
      "fovModifier": 0.6,
      "yOffset": 6.0,
      "zOffset": -2.0
    }
  },
  "projectile": {
    "advantage": "scguns:none",
    "damage": 20.0,
    "gravity": false,
    "item": "scguns:beowulf_round",
    "casingType": "scguns:small_diamond_steel_casing",
    "casingParticle": "scguns:diamond_steel_casing",
    "ejectsCasing": true,
    "life": 60,
    "size": 0.1,
    "speed": 5.5,
    "trailLengthMultiplier": 2.0,
    "trailColor": -256
  },
  "reloads": {
    "emptyMagTimer": 10,
    "maxAmmo": 4,
    "reloadItem": "scguns:beowulf_round",
    "reloadTimer": 20,
    "reloadType": "scguns:manual"
  },
  "sounds": {
    "cock": "scguns:item.pistol.cock",
    "enchantedFire": "scguns:item.brass_revolver.fire",
    "fire": "scguns:item.brass_revolver.fire",
    "reload": "scguns:item.gauss.reload",
    "silencedFire": "scguns:item.bruiser.silenced_fire",
    "flyby": "scguns:bullet.flyby1"
  }
}