{
  "display": {},
  "general": {
    "alwaysSpread": true,
    "fireMode": "scguns:pulse",
    "fireTimer": 25,
    "gripType": "scguns:two_handed_shotgun",
    "baseGripType": "scguns:two_handed_shotgun",
    "projectileAmount": 6,
    "rate": 9,
    "recoilAngle": 1.5,
    "recoilKick": 1.0,
    "spread": 6.5,
    "meleeDamage": 3.5,
    "meleeCooldownTicks": 20,
    "energyUse": 30.0,
    "hotBarrelRate": 40,
    "criticalChance": 0.05
  },
  "modules": {
    "attachments": {
      "scope": {
        "size": 0.8,
        "yOffset": 5.7,
        "zOffset": 5.2
      },
      "stock": {
        "scale": 0.0
      }
    },
    "zoom": {
      "fovModifier": 0.6,
      "yOffset": 6.1,
      "zOffset": 1.0
    }
  },
  "projectile": {
    "advantage": "scguns:none",
    "damage": 15.0,
    "ejectsCasing": false,
    "gravity": false,
    "item": "scguns:buckshot",
    "life": 50,
    "size": 1.0,
    "speed": 4.0,
    "trailLengthMultiplier": 0.2,
    "trailColor": -256
  },
  "reloads": {
    "emptyMagTimer": 30,
    "maxAmmo": 5,
    "reloadItem": "scguns:buckshot",
    "reloadTimer": 15,
    "reloadType": "scguns:manual"
  },
  "sounds": {
    "cock": "scguns:item.pistol.cock",
    "enchantedFire": "scguns:item.airgun.fire",
    "fire": "scguns:item.airgun.fire",
    "reload": "scguns:item.gauss.reload"
  }
}