{
  "anim_state": "SCATTER",
  "class": "SPECIAL1",
  "cooldown_type": "STAND_SP1",
  "crouching_variant": {
    "anim_state": "LANCE",
    "class": "SPECIAL1",
    "cooldown_type": "STAND_SP1",
    "move": {
      "type": "jcraft:horus_ice_lance_attack",
      "cooldown": 100,
      "duration": 24,
      "extras": {
        "description": {
          "text": "Also slow, slightly higher cooldown.\nFires a large icicle that detonates after 2s."
        },
        "init_actions": [
          {
            "type": "jcraft:play_sound",
            "sound": "jcraft:horuslancecharge"
          }
        ],
        "name": {
          "text": "Ice Lance"
        },
        "ranged": true
      },
      "move_distance": 0.75,
      "windup": 18
    }
  },
  "move": {
    "type": "jcraft:horus_scatter_attack",
    "cooldown": 60,
    "duration": 20,
    "extras": {
      "description": {
        "text": "Relatively slow, very low cooldown.\nFires 6 icicles that bounce off walls."
      },
      "init_actions": [
        {
          "type": "jcraft:play_sound",
          "sound": "jcraft:horusscatter"
        }
      ],
      "name": {
        "text": "Scatter"
      },
      "ranged": true
    },
    "move_distance": 0.75,
    "windup": 16
  }
}