{
    "type": "jeg:gunnite_workbench",
    "result": {
        "item": "aurorasarsenal:m249"
    },
    "materials": [
        {
            "item": "minecraft:netherite_ingot",
            "count": 3
          },
        {
            "item": "jeg:gunnite_ingot",
            "count": 40
        },
        {
            "item": "jeg:gunmetal_ingot",
            "count": 25
        },
        {
            "item": "jeg:scrap",
            "count": 60
        },
        {
            "item": "minecraft:chest",
            "count": 1
        },
        {
            "item": "minecraft:repeater",
            "count": 2
        },
        {
            "item": "minecraft:lever",
            "count": 2
        }
    ]
}
