{
  "type": "jeg:gunnite_workbench",
  "result": {
    "item": "aurorasarsenal:m40a6"
  },
  "materials": [
    {
      "item": "minecraft:netherite_ingot",
      "count": 4
    },
    {
      "item": "jeg:gunnite_ingot",
      "count": 31
    },
    {
      "item": "jeg:gunmetal_ingot",
      "count": 8
    },
    {
      "item": "jeg:scrap",
      "count": 50
    },
    {
      "item": "born_in_chaos_v1:dark_metal_ingot",
      "count": 4
    },
    {
      "item": "minecraft:lever",
      "count": 1
    }
  ]
}