{
    "type": "jeg:gunnite_workbench",
    "result": {
        "item": "aurorasarsenal:rpd"
    },
    "materials": [
        {
            "item": "minecraft:netherite_ingot",
            "count": 2
          },
        {
            "item": "jeg:gunnite_ingot",
            "count": 35
        },
        {
            "item": "jeg:gunmetal_ingot",
            "count": 16
        },
        {
            "item": "jeg:scrap",
            "count": 50
        },
        {
            "item": "minecraft:chest",
            "count": 1
        },
        {
            "item": "minecraft:repeater",
            "count": 1
        },
        {
            "item": "minecraft:lever",
            "count": 2
        },
        {
            "tag": "minecraft:planks",
            "count": 32
        }
    ]
}
