{
  "anim_state": "STAB",
  "class": "LIGHT",
  "cooldown_type": "STAND_LIGHT",
  "crouching_variant": {
    "anim_state": "LAST_SHOT",
    "class": "LIGHT",
    "cooldown_type": "STAND_LIGHT",
    "move": {
      "type": "jcraft:silverchariot_last_shot_attack",
      "cooldown": 140,
      "duration": 15,
      "extras": {
        "description": {
          "text": "Silver Chariot fires his rapier, which can bounce 5 times off walls, nerfs all hitboxes and damage by 25% until returned"
        },
        "name": {
          "text": "Last Shot"
        },
        "ranged": true
      },
      "move_distance": 1.0,
      "windup": 12
    }
  },
  "followup": {
    "anim_state": "LIGHT_FOLLOWUP",
    "class": "LIGHT",
    "cooldown_type": "STAND_LIGHT",
    "move": {
      "type": "jcraft:shared_simple_attack",
      "attack_extras": {
        "backstab": true,
        "block_stun": 4,
        "hit_animation": "LAUNCH",
        "hit_spark": "HIT_SPARK_2",
        "override_stun": true,
        "shockwaves": true,
        "stun_type": "LAUNCH"
      },
      "cooldown": 0,
      "damage": 6.0,
      "duration": 14,
      "extras": {
        "actions": [
          {
            "type": "jcraft:play_sound",
            "on_impact": true,
            "sound": "jcraft:impact1"
          }
        ],
        "description": {
          "text": "quick combo finisher"
        },
        "name": {
          "text": "Slash"
        }
      },
      "hitbox_size": 1.5,
      "knockback": 1.2,
      "move_distance": 0.65,
      "offset": -0.1,
      "stun": 12,
      "windup": 6
    }
  },
  "move": {
    "type": "jcraft:shared_simple_attack",
    "attack_extras": {
      "backstab": true,
      "block_stun": 9,
      "hit_animation": "MID",
      "hit_spark": "HIT_SPARK_1"
    },
    "cooldown": 20,
    "damage": 5.0,
    "duration": 9,
    "extras": {
      "description": {
        "text": "quick combo starter, links into Spinning Blade while armor is off"
      },
      "init_actions": [
        {
          "type": "jcraft:play_sound",
          "sound": "jcraft:scpoke"
        }
      ],
      "name": {
        "text": "Stab"
      }
    },
    "hitbox_size": 1.5,
    "knockback": 0.15,
    "move_distance": 0.65,
    "offset": -0.1,
    "stun": 11,
    "windup": 5
  }
}