{
  "anim_state": "LIGHT",
  "class": "LIGHT",
  "cooldown_type": "STAND_LIGHT",
  "crouching_variant": {
    "anim_state": "LOW_KICK",
    "class": "LIGHT",
    "cooldown_type": "STAND_LIGHT",
    "followup": {
      "anim_state": "LUNGE",
      "class": "LIGHT",
      "cooldown_type": "STAND_LIGHT",
      "move": {
        "type": "jcraft:theworld_overheaven_lunge_attack",
        "attack_extras": {
          "backstab": true,
          "block_stun": 12,
          "hit_animation": "LAUNCH",
          "hit_spark": "HIT_SPARK_2",
          "override_stun": true,
          "shockwaves": true,
          "stun_type": "LAUNCH"
        },
        "begin_move_stun": 11,
        "cooldown": 0,
        "damage": 8.0,
        "duration": 16,
        "end_move_stun": 5,
        "extras": {
          "actions": [
            {
              "type": "jcraft:play_sound",
              "on_impact": true,
              "sound": "jcraft:twkickhit"
            }
          ],
          "description": {
            "text": "medium speed launcher"
          },
          "init_actions": [
            {
              "type": "jcraft:play_sound",
              "sound": "jcraft:mudada"
            }
          ],
          "name": {
            "text": "Lunge"
          },
          "ranged": true
        },
        "hitbox_size": 1.75,
        "knockback": 1.0,
        "move_distance": 0.75,
        "offset": 0.0,
        "stun": 10,
        "windup": 10
      }
    },
    "move": {
      "type": "jcraft:shared_simple_attack",
      "attack_extras": {
        "backstab": true,
        "block_stun": 7,
        "hit_animation": "MID",
        "hit_spark": "HIT_SPARK_1"
      },
      "cooldown": 20,
      "damage": 6.0,
      "duration": 12,
      "extras": {
        "actions": [
          {
            "type": "jcraft:play_sound",
            "on_impact": true,
            "sound": "jcraft:impact1"
          }
        ],
        "description": {
          "text": "quick combo starter"
        },
        "name": {
          "text": "Low Kick"
        }
      },
      "hitbox_size": 1.5,
      "knockback": 0.25,
      "move_distance": 0.75,
      "offset": 0.25,
      "stun": 14,
      "windup": 6
    }
  },
  "followup": {
    "anim_state": "LIGHT_FOLLOWUP",
    "class": "LIGHT",
    "cooldown_type": "STAND_LIGHT",
    "move": {
      "type": "jcraft:shared_simple_attack",
      "attack_extras": {
        "backstab": true,
        "block_stun": 4,
        "extra_hit_boxes": [
          {
            "size": 1.0,
            "vertical_offset": 0.25
          }
        ],
        "hit_animation": "LAUNCH",
        "hit_spark": "HIT_SPARK_2",
        "override_stun": true,
        "shockwaves": true,
        "stun_type": "LAUNCH"
      },
      "cooldown": 0,
      "damage": 6.0,
      "duration": 13,
      "extras": {
        "actions": [
          {
            "type": "jcraft:play_sound",
            "on_impact": true,
            "sound": "jcraft:impact1"
          }
        ],
        "description": {
          "text": "quick combo finisher"
        },
        "name": {
          "text": "Roundhouse"
        }
      },
      "hitbox_size": 1.75,
      "knockback": 1.25,
      "move_distance": 0.75,
      "offset": -0.1,
      "stun": 8,
      "windup": 9
    }
  },
  "move": {
    "type": "jcraft:shared_simple_attack",
    "attack_extras": {
      "backstab": true,
      "block_stun": 9,
      "hit_animation": "MID",
      "hit_spark": "HIT_SPARK_1"
    },
    "cooldown": 20,
    "damage": 5.0,
    "duration": 7,
    "extras": {
      "actions": [
        {
          "type": "jcraft:play_sound",
          "on_impact": true,
          "sound": "jcraft:impact1"
        }
      ],
      "description": {
        "text": "quick combo starter"
      },
      "name": {
        "text": "Punch"
      }
    },
    "hitbox_size": 1.5,
    "knockback": 0.2,
    "move_distance": 0.75,
    "offset": -0.1,
    "stun": 11,
    "windup": 4
  }
}