{
    "type": "minecraft:fishing",
    "pools": [
      {
        "rolls": 1.0,
        "entries": [
          {
            "type": "minecraft:item",
            "weight": 60,
            "name": "minecraft:cod"
          },
          {
            "type": "minecraft:item",
            "weight": 25,
            "name": "minecraft:salmon"
          },
          {
            "type": "minecraft:item",
            "weight": 2,
            "name": "minecraft:tropical_fish"
          },
          {
            "type": "minecraft:item",
            "weight": 13,
            "name": "minecraft:pufferfish"
          },
          {
            "type": "minecraft:item",
            "weight": 1,
            "name": "luminousworld:bass_item"
          },
          {
            "type": "minecraft:item",
            "weight": 1,
            "name": "luminousworld:trout"
          },
          {
            "type": "minecraft:item",
            "weight": 1,
            "name": "luminousworld:sunny"
          }
        ]
      }
    ]
  }