{
  "DefaultName": "Aliens",
    "Dimensions": [
      "minecraft:overworld",
      "minecraft:the_end"
    ],
    "InvasionPriority": "BOTH",
    "InvasionTime": "BOTH",
    "Rarity": 12,
    "SeverityInfo": [
      {
        "ClusterSize": 1,
        "ForceNoSleep": false,
        "MobCapPercentage": 0.2,
        "MobSpawnList": [
          {
            "EntityType": "alexsmobs:farseer",
            "ForceDespawn": true,
            "IgnoreSpawnRules": true,
            "MaxCount": 1,
            "MinCount": 1,
            "Weight": 5
          }
        ],
        "TickDelay": 32
      },
      {
        "ClusterSize": 1,
        "ForceNoSleep": false,
        "MobCapPercentage": 0.4,
        "MobSpawnList": [
            {
                "EntityType": "alexsmobs:farseer",
                "ForceDespawn": true,
                "IgnoreSpawnRules": true,
                "MaxCount": 2,
                "MinCount": 1,
                "Weight": 5
              }
        ],
        "TickDelay": 26
      },
      {
        "ClusterSize": 1,
        "ForceNoSleep": false,
        "MobCapPercentage": 0.6,
        "MobSpawnList": [
            {
                "EntityType": "alexsmobs:farseer",
                "ForceDespawn": true,
                "IgnoreSpawnRules": true,
                "MaxCount": 3,
                "MinCount": 2,
                "Weight": 5
              }
        ],
        "TickDelay": 20
      },
      {
        "ClusterSize": 1,
        "ForceNoSleep": false,
        "MobCapPercentage": 0.8,
        "MobSpawnList": [
            {
                "EntityType": "alexsmobs:farseer",
                "ForceDespawn": true,
                "IgnoreSpawnRules": true,
                "MaxCount": 3,
                "MinCount": 2,
                "Weight": 7
              },
              {
                "EntityType": "fromtheshadows:nehemoth",
                "ForceDespawn": true,
                "IgnoreSpawnRules": true,
                "MaxCount": 1,
                "MinCount": 1,
                "Weight": 1
              }
        ],
        "TickDelay": 14
      },
      {
        "ClusterSize": 1,
        "ForceNoSleep": false,
        "MobCapPercentage": 1.0,
        "MobSpawnList": [
            {
                "EntityType": "alexsmobs:farseer",
                "ForceDespawn": true,
                "IgnoreSpawnRules": true,
                "MaxCount": 3,
                "MinCount": 3,
                "Weight": 7
              },
              {
                "EntityType": "fromtheshadows:nehemoth",
                "ForceDespawn": true,
                "IgnoreSpawnRules": true,
                "MaxCount": 1,
                "MinCount": 1,
                "Weight": 1
              }
        ],
        "TickDelay": 8
      }
    ],
    "SpawningSystem": "DEFAULT",
    "Tier": 3,
    "TimeChangeability": "DEFAULT",
    "TimeModifier": "NONE",
    "WeatherType": "DEFAULT"
  }