{
    "DefaultName": "Deep dark",
      "Dimensions": [
        "minecraft:overworld"
      ],
      "InvasionPriority": "BOTH",
      "InvasionTime": "BOTH",
      "Rarity": 25,
      "SeverityInfo": [
        {
          "ClusterSize": 1,
          "ForceNoSleep": false,
          "MobCapPercentage": 0.2,
          "MobSpawnList": [
            {
              "EntityType": "minecraft:warden",
              "MaxCount": 1,
              "MinCount": 1,
              "ForceDespawn": true,
              "IgnoreSpawnRules": true,
              "Weight": 1
            }
          ],
          "TickDelay": 32
        },
        {
          "ClusterSize": 1,
          "ForceNoSleep": false,
          "MobCapPercentage": 0.4,
          "MobSpawnList": [
                {
                  "EntityType": "minecraft:warden",
                  "MaxCount": 1,
                  "ForceDespawn": true,
                  "IgnoreSpawnRules": true,
                  "MinCount": 1,
                  "Weight": 1
                },
                {
                    "EntityType": "deep_dark_regrowth:corrupted_skeleton",
                    "MaxCount": 3,
                    "ForceDespawn": true,
                    "IgnoreSpawnRules": true,
                    "MinCount": 1,
                    "Weight": 3
                }
          ],
          "TickDelay": 26
        },
        {
          "ClusterSize": 1,
          "ForceNoSleep": false,
          "MobCapPercentage": 0.6,
          "MobSpawnList": [
            {
                "EntityType": "minecraft:warden",
                "MaxCount": 1,
                "ForceDespawn": true,
                "IgnoreSpawnRules": true,
                "MinCount": 1,
                "Weight": 1
              },
              {
                  "EntityType": "deep_dark_regrowth:corrupted_skeleton",
                  "MaxCount": 3,
                  "ForceDespawn": true,
                  "IgnoreSpawnRules": true,
                  "MinCount": 1,
                  "Weight": 3
              },
              {
                "EntityType": "deep_dark_regrowth:stalker",
                "MaxCount": 1,
                "ForceDespawn": true,
                "IgnoreSpawnRules": true,
                "MinCount": 1,
                "Weight": 1
            }
          ],
          "TickDelay": 20
        },
        {
          "ClusterSize": 1,
          "ForceNoSleep": false,
          "MobCapPercentage": 0.8,
          "MobSpawnList": [
            {
                "EntityType": "minecraft:warden",
                "MaxCount": 1,
                "ForceDespawn": true,
                "IgnoreSpawnRules": true,
                "MinCount": 1,
                "Weight": 1
              },
              {
                  "EntityType": "deep_dark_regrowth:corrupted_skeleton",
                  "MaxCount": 3,
                  "ForceDespawn": true,
                  "IgnoreSpawnRules": true,
                  "MinCount": 1,
                  "Weight": 3
              },
              {
                "EntityType": "deep_dark_regrowth:stalker",
                "MaxCount": 1,
                "ForceDespawn": true,
                "IgnoreSpawnRules": true,
                "MinCount": 1,
                "Weight": 1
            }
          ],
          "TickDelay": 14
        },
        {
          "ClusterSize": 1,
          "ForceNoSleep": false,
          "MobCapPercentage": 1.0,
          "MobSpawnList": [
            {
                "EntityType": "minecraft:warden",
                "MaxCount": 1,
                "ForceDespawn": true,
                "IgnoreSpawnRules": true,
                "MinCount": 1,
                "Weight": 1
              },
              {
                  "EntityType": "deep_dark_regrowth:corrupted_skeleton",
                  "MaxCount": 3,
                  "ForceDespawn": true,
                  "IgnoreSpawnRules": true,
                  "MinCount": 1,
                  "Weight": 3
              },
              {
                "EntityType": "deep_dark_regrowth:stalker",
                "MaxCount": 1,
                "ForceDespawn": true,
                "IgnoreSpawnRules": true,
                "MinCount": 1,
                "Weight": 1
            }
          ],
          "TickDelay": 8
        }
      ],
      "SpawningSystem": "DEFAULT",
      "Tier": 3,
      "TimeChangeability": "DEFAULT",
      "TimeModifier": "NIGHT",
      "WeatherType": "THUNDER"
    }