{
    "DefaultName": "Demon",
      "Dimensions": [
        "minecraft:overworld",
        "minecraft:the_nether"
      ],
      "InvasionPriority": "BOTH",
      "InvasionTime": "NIGHT",
      "Rarity": 5,
      "SeverityInfo": [
        {
          "ClusterSize": 1,
          "ForceNoSleep": false,
          "MobCapPercentage": 0.2,
          "MobSpawnList": [
            {
              "EntityType": "realmrpg_demons:imp",
              "MaxCount": 2,
              "ForceDespawn": true,
              "IgnoreSpawnRules": true,
              "MinCount": 1,
              "Weight": 4
            },
            {
                "EntityType": "realmrpg_demons:chort",
                "MaxCount": 2,
                "ForceDespawn": true,
                "IgnoreSpawnRules": true,
                "MinCount": 1,
                "Weight": 4
              },
            {
                "EntityType": "realmrpg_demons:imp_guard",
                "MaxCount": 2,
                "ForceDespawn": true,
                "IgnoreSpawnRules": true,
                "MinCount": 1,
                "Weight": 4
             }
          ],
          "TickDelay": 32
        },
        {
          "ClusterSize": 1,
          "ForceNoSleep": false,
          "MobCapPercentage": 0.4,
          "MobSpawnList": [
            {
                "EntityType": "realmrpg_demons:imp",
                "MaxCount": 3,
                "ForceDespawn": true,
                "IgnoreSpawnRules": true,
                "MinCount": 1,
                "Weight": 4
              },
              {
                  "EntityType": "realmrpg_demons:chort",
                  "MaxCount": 3,
                  "ForceDespawn": true,
                  "IgnoreSpawnRules": true,
                  "MinCount": 1,
                  "Weight": 4
                },
              {
                  "EntityType": "realmrpg_demons:imp_guard",
                  "MaxCount": 3,
                  "ForceDespawn": true,
                  "IgnoreSpawnRules": true,
                  "MinCount": 1,
                  "Weight": 4
               }
          ],
          "TickDelay": 26
        },
        {
          "ClusterSize": 1,
          "ForceNoSleep": false,
          "MobCapPercentage": 0.6,
          "MobSpawnList": [
            {
                "EntityType": "realmrpg_demons:imp",
                "MaxCount": 3,
                "ForceDespawn": true,
                "IgnoreSpawnRules": true,
                "MinCount": 2,
                "Weight": 4
              },
              {
                  "EntityType": "realmrpg_demons:chort",
                  "MaxCount": 3,
                  "ForceDespawn": true,
                  "IgnoreSpawnRules": true,
                  "MinCount": 2,
                  "Weight": 4
                },
              {
                "EntityType": "realmrpg_demons:demon",
                "MaxCount": 2,
                "ForceDespawn": true,
                "IgnoreSpawnRules": true,
                "MinCount": 1,
                "Weight": 4
              },
              {
                  "EntityType": "realmrpg_demons:imp_guard",
                  "MaxCount": 3,
                  "ForceDespawn": true,
                  "IgnoreSpawnRules": true,
                  "MinCount": 2,
                  "Weight": 4
               },
               {
                  "EntityType": "realmrpg_demons:demon_minion",
                  "MaxCount": 2,
                  "ForceDespawn": true,
                  "IgnoreSpawnRules": true,
                  "MinCount": 1,
                  "Weight": 4
                }
          ],
          "TickDelay": 20
        },
        {
          "ClusterSize": 1,
          "ForceNoSleep": false,
          "MobCapPercentage": 0.8,
          "MobSpawnList": [
            {
                "EntityType": "realmrpg_demons:imp",
                "MaxCount": 3,
                "ForceDespawn": true,
                "IgnoreSpawnRules": true,
                "MinCount": 2,
                "Weight": 4
              },
              {
                  "EntityType": "realmrpg_demons:chort",
                  "MaxCount": 3,
                  "ForceDespawn": true,
                  "IgnoreSpawnRules": true,
                  "MinCount": 2,
                  "Weight": 4
                },
              {
                "EntityType": "realmrpg_demons:demon",
                "MaxCount": 2,
                "ForceDespawn": true,
                "IgnoreSpawnRules": true,
                "MinCount": 1,
                "Weight": 4
              },
              {
                  "EntityType": "realmrpg_demons:imp_guard",
                  "MaxCount": 3,
                  "ForceDespawn": true,
                  "IgnoreSpawnRules": true,
                  "MinCount": 2,
                  "Weight": 4
               },
                {
                    "EntityType": "realmrpg_demons:demon_lord",
                    "MaxCount": 1,
                    "ForceDespawn": true,
                    "IgnoreSpawnRules": true,
                    "MinCount": 1,
                    "Weight": 4
                  }
          ],
          "TickDelay": 14
        },
        {
          "ClusterSize": 1,
          "ForceNoSleep": false,
          "MobCapPercentage": 1.0,
          "MobSpawnList": [
            {
                "EntityType": "realmrpg_demons:imp",
                "MaxCount": 4,
                "ForceDespawn": true,
                "IgnoreSpawnRules": true,
                "MinCount": 2,
                "Weight": 4
              },
              {
                  "EntityType": "realmrpg_demons:chort",
                  "MaxCount": 4,
                  "ForceDespawn": true,
                  "IgnoreSpawnRules": true,
                  "MinCount": 2,
                  "Weight": 4
                },
              {
                "EntityType": "realmrpg_demons:demon",
                "MaxCount": 2,
                "ForceDespawn": true,
                "IgnoreSpawnRules": true,
                "MinCount": 1,
                "Weight": 4
              },
              {
                  "EntityType": "realmrpg_demons:imp_guard",
                  "MaxCount": 4,
                  "ForceDespawn": true,
                  "IgnoreSpawnRules": true,
                  "MinCount": 2,
                  "Weight": 4
               },
                {
                    "EntityType": "realmrpg_demons:demon_lord",
                    "MaxCount": 1,
                    "ForceDespawn": true,
                    "IgnoreSpawnRules": true,
                    "MinCount": 1,
                    "Weight": 2
                  },
                  {
                    "EntityType": "realmrpg_demons:ancient_demon_lord",
                    "MaxCount": 1,
                    "ForceDespawn": true,
                    "IgnoreSpawnRules": true,
                    "MinCount": 1,
                    "Weight": 1
                  }
          ],
          "TickDelay": 8
        }
      ],
      "SpawningSystem": "DEFAULT",
      "Tier": 2,
      "TimeChangeability": "DEFAULT",
      "TimeModifier": "NONE",
      "WeatherType": "CLEAR"
    }