{
    "DefaultName": "Fishy",
      "Dimensions": [
        "minecraft:overworld"
      ],
      "InvasionPriority": "PRIMARY_ONLY",
      "InvasionTime": "DAY",
      "Rarity": 6,
      "SeverityInfo": [
        {
          "ClusterSize": 1,
          "ForceNoSleep": false,
          "MobCapPercentage": 0.2,
          "MobSpawnList": [
            {
              "EntityType": "aquamirae:anglerfish",
              "MaxCount": 1,
              "ForceDespawn": true,
              "IgnoreSpawnRules": true,
              "MinCount": 1,
              "Weight": 7
            }
          ],
          "TickDelay": 32
        },
        {
          "ClusterSize": 1,
          "ForceNoSleep": false,
          "MobCapPercentage": 0.4,
          "MobSpawnList": [
            {
                "EntityType": "aquamirae:anglerfish",
                "MaxCount": 1,
                "ForceDespawn": true,
                "IgnoreSpawnRules": true,
                "MinCount": 1,
                "Weight": 7
              },
              {
                "EntityType": "iceandfire:sea_serpent",
                "MaxCount": 1,
                "ForceDespawn": true,
                "IgnoreSpawnRules": true,
                "MinCount": 1,
                "Weight": 7
              },
              {
                "EntityType": "aquamirae:maw",
                "MaxCount": 2,
                "ForceDespawn": true,
                "IgnoreSpawnRules": true,
                "MinCount": 1,
                "Weight": 7
              }
          ],
          "TickDelay": 26
        },
        {
          "ClusterSize": 1,
          "ForceNoSleep": false,
          "MobCapPercentage": 0.6,
          "MobSpawnList": [
            {
                "EntityType": "aquamirae:anglerfish",
                "MaxCount": 2,
                "ForceDespawn": true,
                "IgnoreSpawnRules": true,
                "MinCount": 1,
                "Weight": 4
              },
              {
                "EntityType": "iceandfire:sea_serpent",
                "MaxCount": 1,
                "ForceDespawn": true,
                "IgnoreSpawnRules": true,
                "MinCount": 1,
                "Weight": 7
              },
              {
                "EntityType": "aquamirae:maw",
                "MaxCount": 2,
                "ForceDespawn": true,
                "IgnoreSpawnRules": true,
                "MinCount": 1,
                "Weight": 7
              },
              {
                "EntityType": "aquamirae:eel",
                "MaxCount": 1,
                "ForceDespawn": true,
                "IgnoreSpawnRules": true,
                "MinCount": 1,
                "Weight": 2
              }
          ],
          "TickDelay": 20
        },
        {
          "ClusterSize": 1,
          "ForceNoSleep": false,
          "MobCapPercentage": 0.8,
          "MobSpawnList": [
            {
                "EntityType": "aquamirae:anglerfish",
                "MaxCount": 3,
                "ForceDespawn": true,
                "IgnoreSpawnRules": true,
                "MinCount": 1,
                "Weight": 4
              },
              {
                "EntityType": "iceandfire:sea_serpent",
                "MaxCount": 2,
                "ForceDespawn": true,
                "IgnoreSpawnRules": true,
                "MinCount": 1,
                "Weight": 7
              },
              {
                "EntityType": "aquamirae:maw",
                "MaxCount": 3,
                "ForceDespawn": true,
                "IgnoreSpawnRules": true,
                "MinCount": 1,
                "Weight": 7
              },
              {
                "EntityType": "aquamirae:eel",
                "MaxCount": 1,
                "ForceDespawn": true,
                "IgnoreSpawnRules": true,
                "MinCount": 1,
                "Weight": 2
              }
          ],
          "TickDelay": 14
        },
        {
          "ClusterSize": 1,
          "ForceNoSleep": false,
          "MobCapPercentage": 1.0,
          "MobSpawnList": [
            {
                "EntityType": "aquamirae:anglerfish",
                "MaxCount": 3,
                "ForceDespawn": true,
                "IgnoreSpawnRules": true,
                "MinCount": 1,
                "Weight": 4
              },
              {
                "EntityType": "iceandfire:sea_serpent",
                "MaxCount": 3,
                "ForceDespawn": true,
                "IgnoreSpawnRules": true,
                "MinCount": 1,
                "Weight": 7
              },
              {
                "EntityType": "aquamirae:maw",
                "MaxCount": 3,
                "ForceDespawn": true,
                "IgnoreSpawnRules": true,
                "MinCount": 1,
                "Weight": 7
              },
              {
                "EntityType": "aquamirae:eel",
                "MaxCount": 1,
                "ForceDespawn": true,
                "IgnoreSpawnRules": true,
                "MinCount": 1,
                "Weight": 2
              }
          ],
          "TickDelay": 8
        }
      ],
      "SpawningSystem": "DEFAULT",
      "Tier": 1,
      "TimeChangeability": "DEFAULT",
      "TimeModifier": "NONE",
      "WeatherType": "RAIN"
    }