{
    "DefaultName": "Giant",
      "Dimensions": [
        "minecraft:overworld"
      ],
      "InvasionPriority": "SECONDARY_ONLY",
      "InvasionTime": "NIGHT",
      "Rarity": 4,
      "SeverityInfo": [
        {
          "ClusterSize": 1,
          "ForceNoSleep": false,
          "MobCapPercentage": 0.2,
          "MobSpawnList": [
            {
              "EntityType": "majruszsdifficulty:giant",
              "MaxCount": 2,
              "ForceDespawn": true,
              "IgnoreSpawnRules": true,
              "MinCount": 1,
              "Weight": 4
            }
          ],
          "TickDelay": 32
        },
        {
          "ClusterSize": 1,
          "ForceNoSleep": false,
          "MobCapPercentage": 0.4,
          "MobSpawnList": [
            {
                "EntityType": "majruszsdifficulty:giant",
                "MaxCount": 2,
                "ForceDespawn": true,
                "IgnoreSpawnRules": true,
                "MinCount": 1,
                "Weight": 4
              }
          ],
          "TickDelay": 26
        },
        {
          "ClusterSize": 1,
          "ForceNoSleep": false,
          "MobCapPercentage": 0.6,
          "MobSpawnList": [
            {
                "EntityType": "majruszsdifficulty:giant",
                "MaxCount": 3,
                "ForceDespawn": true,
                "IgnoreSpawnRules": true,
                "MinCount": 2,
                "Weight": 5
              }
          ],
          "TickDelay": 20
        },
        {
          "ClusterSize": 1,
          "ForceNoSleep": false,
          "MobCapPercentage": 0.8,
          "MobSpawnList": [
            {
                "EntityType": "majruszsdifficulty:giant",
                "MaxCount": 4,
                "ForceDespawn": true,
                "IgnoreSpawnRules": true,
                "MinCount": 1,
                "Weight": 6
              }
          ],
          "TickDelay": 14
        },
        {
          "ClusterSize": 1,
          "ForceNoSleep": false,
          "MobCapPercentage": 1.0,
          "MobSpawnList": [
            {
                "EntityType": "majruszsdifficulty:giant",
                "MaxCount": 4,
                "ForceDespawn": true,
                "IgnoreSpawnRules": true,
                "MinCount": 2,
                "Weight": 7
              }
          ],
          "TickDelay": 8
        }
      ],
      "SpawningSystem": "DEFAULT",
      "Tier": 1,
      "TimeChangeability": "DEFAULT",
      "TimeModifier": "NONE",
      "WeatherType": "DEFAULT"
    }