{
    "DefaultName": "Ravage",
      "Dimensions": [
        "minecraft:overworld",
        "minecraft:the_end"
      ],
      "InvasionPriority": "BOTH",
      "InvasionTime": "BOTH",
      "Rarity": 17,
      "SeverityInfo": [
        {
          "ClusterSize": 1,
          "ForceNoSleep": false,
          "MobCapPercentage": 0.2,
          "MobSpawnList": [
            {
              "EntityType": "minecraft:ravager",
              "MaxCount": 1,
              "ForceDespawn": true,
              "IgnoreSpawnRules": true,
              "MinCount": 1,
              "Weight": 5
            },
            {
              "EntityType": "crimson_steves_mobs:zombie_ravager",
              "MaxCount": 1,
              "ForceDespawn": true,
              "IgnoreSpawnRules": true,
              "MinCount": 1,
              "Weight": 5
            }
          ],
          "TickDelay": 32
        },
        {
          "ClusterSize": 1,
          "ForceNoSleep": false,
          "MobCapPercentage": 0.4,
          "MobSpawnList": [
            {
                "EntityType": "minecraft:ravager",
                "MaxCount": 1,
                "ForceDespawn": true,
                "IgnoreSpawnRules": true,
                "MinCount": 1,
                "Weight": 8
              },
              {
                "EntityType": "crimson_steves_mobs:zombie_ravager",
                "MaxCount": 1,
                "ForceDespawn": true,
                "IgnoreSpawnRules": true,
                "MinCount": 1,
                "Weight": 5
              },
              {
                "EntityType": "crimson_steves_mobs:ravager_enderman",
                "MaxCount": 1,
                "ForceDespawn": true,
                "IgnoreSpawnRules": true,
                "MinCount": 1,
                "Weight": 5
              }
          ],
          "TickDelay": 26
        },
        {
          "ClusterSize": 1,
          "ForceNoSleep": false,
          "MobCapPercentage": 0.6,
          "MobSpawnList": [
            {
                "EntityType": "minecraft:ravager",
                "MaxCount": 1,
                "ForceDespawn": true,
                "IgnoreSpawnRules": true,
                "MinCount": 1,
                "Weight": 8
              },
              {
                "EntityType": "crimson_steves_mobs:zombie_ravager",
                "MaxCount": 2,
                "ForceDespawn": true,
                "IgnoreSpawnRules": true,
                "MinCount": 1,
                "Weight": 5
              },
              {
                "EntityType": "crimson_steves_mobs:ravager_enderman",
                "MaxCount": 1,
                "ForceDespawn": true,
                "IgnoreSpawnRules": true,
                "MinCount": 1,
                "Weight": 5
              },
              {
                "EntityType": "crimson_steves_mobs:ender_ravager",
                "MaxCount": 1,
                "ForceDespawn": true,
                "IgnoreSpawnRules": true,
                "MinCount": 1,
                "Weight": 5
              }
          ],
          "TickDelay": 20
        },
        {
          "ClusterSize": 1,
          "ForceNoSleep": false,
          "MobCapPercentage": 0.8,
          "MobSpawnList": [
            {
                "EntityType": "minecraft:ravager",
                "MaxCount": 1,
                "ForceDespawn": true,
                "IgnoreSpawnRules": true,
                "MinCount": 1,
                "Weight": 8
              },
              {
                "EntityType": "crimson_steves_mobs:zombie_ravager",
                "MaxCount": 2,
                "ForceDespawn": true,
                "IgnoreSpawnRules": true,
                "MinCount": 1,
                "Weight": 5
              },
              {
                "EntityType": "crimson_steves_mobs:ravager_enderman",
                "MaxCount": 1,
                "ForceDespawn": true,
                "IgnoreSpawnRules": true,
                "MinCount": 1,
                "Weight": 5
              },
              {
                "EntityType": "crimson_steves_mobs:ender_ravager",
                "MaxCount": 1,
                "ForceDespawn": true,
                "IgnoreSpawnRules": true,
                "MinCount": 1,
                "Weight": 5
              },
              {
                "EntityType": "crimson_steves_mobs:elite_ender_ravager",
                "MaxCount": 1,
                "ForceDespawn": true,
                "IgnoreSpawnRules": true,
                "MinCount": 1,
                "Weight": 1
              }
          ],
          "TickDelay": 14
        },
        {
          "ClusterSize": 1,
          "ForceNoSleep": false,
          "MobCapPercentage": 1.0,
          "MobSpawnList": [
            {
                "EntityType": "minecraft:ravager",
                "MaxCount": 1,
                "ForceDespawn": true,
                "IgnoreSpawnRules": true,
                "MinCount": 1,
                "Weight": 8
              },
              {
                "EntityType": "crimson_steves_mobs:zombie_ravager",
                "MaxCount": 2,
                "ForceDespawn": true,
                "IgnoreSpawnRules": true,
                "MinCount": 1,
                "Weight": 5
              },
              {
                "EntityType": "crimson_steves_mobs:ravager_enderman",
                "MaxCount": 1,
                "ForceDespawn": true,
                "IgnoreSpawnRules": true,
                "MinCount": 1,
                "Weight": 5
              },
              {
                "EntityType": "crimson_steves_mobs:ender_ravager",
                "MaxCount": 1,
                "ForceDespawn": true,
                "IgnoreSpawnRules": true,
                "MinCount": 1,
                "Weight": 5
              },
              {
                "EntityType": "crimson_steves_mobs:elite_ender_ravager",
                "MaxCount": 1,
                "ForceDespawn": true,
                "IgnoreSpawnRules": true,
                "MinCount": 1,
                "Weight": 1
              }
          ],
          "TickDelay": 8
        }
      ],
      "SpawningSystem": "DEFAULT",
      "Tier": 3,
      "TimeChangeability": "DEFAULT",
      "TimeModifier": "NONE",
      "WeatherType": "DEFAULT"
    }