{
    "DefaultName": "Vamp anthem",
      "Dimensions": [
        "minecraft:overworld"
      ],
      "InvasionPriority": "BOTH",
      "InvasionTime": "NIGHT",
      "Rarity": 2,
      "SeverityInfo": [
        {
          "ClusterSize": 1,
          "ForceNoSleep": false,
          "MobCapPercentage": 0.2,
          "MobSpawnList": [
            {
              "EntityType": "enemyexpansion:vampire",
              "MaxCount": 2,
              "MinCount": 1,
              "Weight": 3
            }
          ],
          "TickDelay": 32
        },
        {
          "ClusterSize": 1,
          "ForceNoSleep": false,
          "MobCapPercentage": 0.4,
          "MobSpawnList": [
            {
                "EntityType": "enemyexpansion:vampire",
                "MaxCount": 3,
                "MinCount": 1,
                "Weight": 3
              }
          ],
          "TickDelay": 26
        },
        {
          "ClusterSize": 1,
          "ForceNoSleep": false,
          "MobCapPercentage": 0.6,
          "MobSpawnList": [
            {
                "EntityType": "enemyexpansion:vampire",
                "MaxCount": 3,
                "MinCount": 2,
                "Weight": 3
              }
          ],
          "TickDelay": 20
        },
        {
          "ClusterSize": 1,
          "ForceNoSleep": false,
          "MobCapPercentage": 0.8,
          "MobSpawnList": [
            {
                "EntityType": "enemyexpansion:vampire",
                "MaxCount": 4,
                "MinCount": 2,
                "Weight": 3
              }
          ],
          "TickDelay": 14
        },
        {
          "ClusterSize": 1,
          "ForceNoSleep": false,
          "MobCapPercentage": 1.0,
          "MobSpawnList": [
            {
                "EntityType": "enemyexpansion:vampire",
                "MaxCount": 4,
                "MinCount": 2,
                "Weight": 3
              }
          ],
          "TickDelay": 8
        }
      ],
      "SpawningSystem": "DEFAULT",
      "Tier": 0,
      "TimeChangeability": "DEFAULT",
      "TimeModifier": "NONE",
      "WeatherType": "DEFAULT"
    }