{
  "Dimensions": [
    "minecraft:the_end"
  ],
  "InvasionPriority": "PRIMARY_ONLY",
  "InvasionTime": "BOTH",
  "Rarity": 14,
  "SeverityInfo": [
    {
      "ClusterSize": 3,
      "ForceNoSleep": false,
      "LightLevel": 15,
      "MobCapPercentage": 0.6,
      "SkyRenderer": {
        "BlueOffset": -0.85,
        "Brightness": 0.2,
        "FixedSkyTexture": "puresuffering:textures/environment/end_game_sky.png",
        "FogRenderer": {
          "BlueOffset": 0.1,
          "GreenOffset": 0.15,
          "RedOffset": 0.15
        },
        "GreenOffset": -0.85,
        "RedOffset": -0.85
      },
      "TickDelay": 60
    },
    {
      "ClusterSize": 3,
      "ForceNoSleep": false,
      "LightLevel": 15,
      "MobCapPercentage": 0.8,
      "SkyRenderer": {
        "BlueOffset": -0.9,
        "Brightness": 0.1,
        "FixedSkyTexture": "puresuffering:textures/environment/end_game_sky.png",
        "FogRenderer": {
          "BlueOffset": 0.1,
          "GreenOffset": 0.1,
          "RedOffset": 0.1
        },
        "GreenOffset": -0.9,
        "RedOffset": -0.9
      },
      "TickDelay": 40
    },
    {
      "ClusterSize": 3,
      "ForceNoSleep": false,
      "LightLevel": 15,
      "MobCapPercentage": 1.0,
      "SkyRenderer": {
        "BlueOffset": -0.95,
        "Brightness": 0.0,
        "FixedSkyTexture": "puresuffering:textures/environment/end_game_sky.png",
        "FogRenderer": {
          "BlueOffset": 0.05,
          "GreenOffset": 0.05,
          "RedOffset": 0.05
        },
        "GreenOffset": -0.95,
        "RedOffset": -0.95
      },
      "TickDelay": 20
    }
  ],
  "SpawningSystem": "BIOME_MIXED",
  "Tier": 1,
  "TimeChangeability": "DEFAULT",
  "TimeModifier": "NONE",
  "WeatherType": "DEFAULT"
}