{
  "Dimensions": [
    "minecraft:overworld",
    "minecraft:the_end"
  ],
  "InvasionPriority": "SECONDARY_ONLY",
  "InvasionTime": "NIGHT",
  "Rarity": 5,
  "SeverityInfo": [
    {
      "ClusterSize": 1,
      "ForceNoSleep": false,
      "MobCapPercentage": 0.1,
      "MobSpawnList": [
        {
          "EntityType": "minecraft:phantom",
          "MaxCount": 1,
          "MinCount": 1,
          "Weight": 1
        },
        {
          "EntityType": "alexsmobs:soul_vulture",
          "MaxCount": 1,
          "MinCount": 1,
          "Weight": 1
        }
      ],
      "TickDelay": 90
    },
    {
      "ClusterSize": 1,
      "ForceNoSleep": false,
      "MobCapPercentage": 0.2,
      "MobSpawnList": [
        {
          "EntityType": "minecraft:phantom",
          "MaxCount": 2,
          "MinCount": 1,
          "Weight": 1
        },
        {
          "EntityType": "alexsmobs:soul_vulture",
          "MaxCount": 1,
          "MinCount": 1,
          "Weight": 1
        }
      ],
      "TickDelay": 75
    },
    {
      "ClusterSize": 1,
      "ForceNoSleep": false,
      "MobCapPercentage": 0.3,
      "MobSpawnList": [
        {
          "EntityType": "minecraft:phantom",
          "MaxCount": 3,
          "MinCount": 1,
          "Weight": 1
        },
        {
          "EntityType": "alexsmobs:soul_vulture",
          "MaxCount": 1,
          "MinCount": 1,
          "Weight": 1
        }
      ],
      "TickDelay": 60
    },
    {
      "ClusterSize": 1,
      "ForceNoSleep": false,
      "MobCapPercentage": 0.4,
      "MobSpawnList": [
        {
          "EntityType": "minecraft:phantom",
          "MaxCount": 4,
          "MinCount": 1,
          "Weight": 1
        },
        {
          "EntityType": "alexsmobs:soul_vulture",
          "MaxCount": 1,
          "MinCount": 1,
          "Weight": 1
        }
      ],
      "TickDelay": 45
    },
    {
      "ClusterSize": 1,
      "ForceNoSleep": false,
      "MobCapPercentage": 0.5,
      "MobSpawnList": [
        {
          "EntityType": "minecraft:phantom",
          "MaxCount": 5,
          "MinCount": 2,
          "Weight": 1
        },
        {
          "EntityType": "alexsmobs:soul_vulture",
          "MaxCount": 1,
          "MinCount": 1,
          "Weight": 1
        }
      ],
      "TickDelay": 30
    }
  ],
  "SpawningSystem": "DEFAULT",
  "Tier": 2,
  "TimeChangeability": "DEFAULT",
  "TimeModifier": "NONE",
  "WeatherType": "DEFAULT"
}