{
  "Dimensions": [
    "minecraft:the_nether"
  ],
  "InvasionPriority": "BOTH",
  "InvasionTime": "BOTH",
  "Rarity": 8,
  "SeverityInfo": [
    {
      "ClusterSize": 1,
      "ForceNoSleep": false,
      "MobCapPercentage": 0.6,
      "MobSpawnList": [
        {
          "EntityType": "minecraft:piglin",
          "MaxCount": 1,
          "MinCount": 1,
          "Weight": 7
        },
        {
          "EntityType": "minecraft:piglin_brute",
          "MaxCount": 1,
          "MinCount": 1,
          "Weight": 2
        },
        {
          "EntityType": "minecraft:zombified_piglin",
          "MaxCount": 2,
          "MinCount": 1,
          "Weight": 5
        },
        {
          "EntityType": "minecraft:hoglin",
          "MaxCount": 1,
          "MinCount": 1,
          "Weight": 4
        },
        {
          "EntityType": "alexsmobs:tusklin",
          "MaxCount": 2,
          "MinCount": 1,
          "Weight": 7
        }
      ],
      "TickDelay": 28
    },
    {
      "ClusterSize": 1,
      "ForceNoSleep": false,
      "MobCapPercentage": 0.7,
      "MobSpawnList": [
        {
          "EntityType": "minecraft:piglin",
          "MaxCount": 2,
          "MinCount": 1,
          "Weight": 7
        },
        {
          "EntityType": "minecraft:piglin_brute",
          "MaxCount": 1,
          "MinCount": 1,
          "Weight": 2
        },
        {
          "EntityType": "minecraft:zombified_piglin",
          "MaxCount": 2,
          "MinCount": 1,
          "Weight": 5
        },
        {
          "EntityType": "minecraft:hoglin",
          "MaxCount": 1,
          "MinCount": 1,
          "Weight": 4
        },
        {
          "EntityType": "alexsmobs:tusklin",
          "MaxCount": 2,
          "MinCount": 1,
          "Weight": 7
        }
      ],
      "TickDelay": 24
    },
    {
      "ClusterSize": 1,
      "ForceNoSleep": false,
      "MobCapPercentage": 0.8,
      "MobSpawnList": [
        {
          "EntityType": "minecraft:piglin",
          "MaxCount": 2,
          "MinCount": 1,
          "Weight": 7
        },
        {
          "EntityType": "minecraft:piglin_brute",
          "MaxCount": 1,
          "MinCount": 1,
          "Weight": 2
        },
        {
          "EntityType": "minecraft:zombified_piglin",
          "MaxCount": 3,
          "MinCount": 1,
          "Weight": 5
        },
        {
          "EntityType": "minecraft:hoglin",
          "MaxCount": 2,
          "MinCount": 1,
          "Weight": 4
        },
        {
          "EntityType": "alexsmobs:tusklin",
          "MaxCount": 2,
          "MinCount": 1,
          "Weight": 7
        }
      ],
      "TickDelay": 20
    },
    {
      "ClusterSize": 1,
      "ForceNoSleep": false,
      "MobCapPercentage": 0.9,
      "MobSpawnList": [
        {
          "EntityType": "minecraft:piglin",
          "MaxCount": 3,
          "MinCount": 1,
          "Weight": 7
        },
        {
          "EntityType": "minecraft:piglin_brute",
          "MaxCount": 2,
          "MinCount": 1,
          "Weight": 2
        },
        {
          "EntityType": "minecraft:zombified_piglin",
          "MaxCount": 3,
          "MinCount": 1,
          "Weight": 5
        },
        {
          "EntityType": "minecraft:hoglin",
          "MaxCount": 2,
          "MinCount": 1,
          "Weight": 4
        },
        {
          "EntityType": "minecraft:zoglin",
          "MaxCount": 1,
          "MinCount": 1,
          "Weight": 1
        },
        {
          "EntityType": "alexsmobs:tusklin",
          "MaxCount": 2,
          "MinCount": 1,
          "Weight": 7
        }
      ],
      "TickDelay": 16
    },
    {
      "ClusterSize": 1,
      "ForceNoSleep": false,
      "MobCapPercentage": 1.0,
      "MobSpawnList": [
        {
          "EntityType": "minecraft:piglin",
          "MaxCount": 3,
          "MinCount": 1,
          "Weight": 7
        },
        {
          "EntityType": "minecraft:piglin_brute",
          "MaxCount": 2,
          "MinCount": 1,
          "Weight": 2
        },
        {
          "EntityType": "minecraft:zombified_piglin",
          "MaxCount": 4,
          "MinCount": 1,
          "Weight": 5
        },
        {
          "EntityType": "minecraft:hoglin",
          "MaxCount": 3,
          "MinCount": 1,
          "Weight": 4
        },
        {
          "EntityType": "minecraft:zoglin",
          "MaxCount": 2,
          "MinCount": 1,
          "Weight": 1
        },
        {
          "EntityType": "alexsmobs:tusklin",
          "MaxCount": 2,
          "MinCount": 1,
          "Weight": 7
        }
      ],
      "TickDelay": 12
    }
  ],
  "SpawningSystem": "DEFAULT",
  "Tier": 1,
  "TimeChangeability": "DEFAULT",
  "TimeModifier": "NONE",
  "WeatherType": "DEFAULT"
}