{
  "Dimensions": [
    "minecraft:overworld"
  ],
  "InvasionPriority": "BOTH",
  "InvasionTime": "NIGHT",
  "Rarity": 0,
  "SeverityInfo": [
    {
      "ClusterSize": 1,
      "ForceNoSleep": false,
      "MobCapPercentage": 0.5,
      "MobSpawnList": [
        {
          "EntityType": "minecraft:zombie",
          "MaxCount": 3,
          "MinCount": 1,
          "Weight": 12
        },
        {
          "EntityType": "enemyexpansion:slugger",
          "MaxCount": 2,
          "MinCount": 1,
          "Weight": 3
        },
        {
          "EntityType": "enemyexpansion:meature",
          "MaxCount": 2,
          "MinCount": 1,
          "Weight": 3
        },
        {
          "EntityType": "enemyexpansion:sprinter",
          "MaxCount": 2,
          "MinCount": 1,
          "Weight": 3
        }
      ],
      "TickDelay": 30
    },
    {
      "ClusterSize": 1,
      "ForceNoSleep": false,
      "MobCapPercentage": 0.6,
      "MobSpawnList": [
        {
          "EntityType": "minecraft:zombie",
          "MaxCount": 4,
          "MinCount": 1,
          "Weight": 12
        },{
          "EntityType": "enemyexpansion:meature",
          "MaxCount": 2,
          "MinCount": 1,
          "Weight": 3
        },
        {
          "EntityType": "enemyexpansion:slugger",
          "MaxCount": 2,
          "MinCount": 1,
          "Weight": 3
        },
        {
          "EntityType": "enemyexpansion:sprinter",
          "MaxCount": 2,
          "MinCount": 1,
          "Weight": 3
        },
        {
          "EntityType": "minecraft:zombie_villager",
          "MaxCount": 1,
          "MinCount": 1,
          "Weight": 1
        },
        {
          "EntityType": "born_in_chaos_v1:decaying_zombie",
          "MaxCount": 2,
          "MinCount": 1,
          "Weight": 3
        }
      ],
      "TickDelay": 24
    },
    {
      "ClusterSize": 1,
      "ForceNoSleep": false,
      "MobCapPercentage": 0.7,
      "MobSpawnList": [
        {
          "EntityType": "minecraft:zombie",
          "MaxCount": 6,
          "MinCount": 2,
          "Weight": 12
        },
        {
          "EntityType": "enemyexpansion:meature",
          "MaxCount": 3,
          "MinCount": 2,
          "Weight": 3
        },
        {
          "EntityType": "enemyexpansion:slugger",
          "MaxCount": 2,
          "MinCount": 1,
          "Weight": 3
        },
        {
          "EntityType": "enemyexpansion:sprinter",
          "MaxCount": 3,
          "MinCount": 2,
          "Weight": 3
        },
        {
          "EntityType": "minecraft:zombie_villager",
          "MaxCount": 2,
          "MinCount": 1,
          "Weight": 1
        },
        {
          "EntityType": "born_in_chaos_v1:decaying_zombie",
          "MaxCount": 2,
          "MinCount": 1,
          "Weight": 3
        }
      ],
      "TickDelay": 18
    },
    {
      "ClusterSize": 1,
      "ForceNoSleep": false,
      "MobCapPercentage": 0.8,
      "MobSpawnList": [
        {
          "EntityType": "minecraft:zombie",
          "MaxCount": 8,
          "MinCount": 3,
          "Weight": 12
        },
        {
          "EntityType": "enemyexpansion:meature",
          "MaxCount": 4,
          "MinCount": 2,
          "Weight": 3
        },
        {
          "EntityType": "enemyexpansion:slugger",
          "MaxCount": 2,
          "MinCount": 1,
          "Weight": 3
        },
        {
          "EntityType": "enemyexpansion:sprinter",
          "MaxCount": 4,
          "MinCount": 2,
          "Weight": 3
        },
        {
          "EntityType": "minecraft:zombie_villager",
          "MaxCount": 3,
          "MinCount": 1,
          "Weight": 1
        },
        {
          "EntityType": "born_in_chaos_v1:decaying_zombie",
          "MaxCount": 4,
          "MinCount": 1,
          "Weight": 3
        }
      ],
      "TickDelay": 12
    },
    {
      "ClusterSize": 1,
      "ForceNoSleep": false,
      "MobCapPercentage": 0.9,
      "MobSpawnList": [
        {
          "EntityType": "minecraft:zombie",
          "MaxCount": 10,
          "MinCount": 4,
          "Weight": 12
        },
        {
          "EntityType": "enemyexpansion:meature",
          "MaxCount": 5,
          "MinCount": 3,
          "Weight": 3
        },
        {
          "EntityType": "enemyexpansion:slugger",
          "MaxCount": 3,
          "MinCount": 1,
          "Weight": 3
        },
        {
          "EntityType": "enemyexpansion:sprinter",
          "MaxCount": 5,
          "MinCount": 2,
          "Weight": 3
        },
        {
          "EntityType": "minecraft:zombie_villager",
          "MaxCount": 4,
          "MinCount": 2,
          "Weight": 1
        },
        {
          "EntityType": "born_in_chaos_v1:decaying_zombie",
          "MaxCount": 5,
          "MinCount": 1,
          "Weight": 3
        }
      ],
      "TickDelay": 6
    }
  ],
  "SpawningSystem": "DEFAULT",
  "Tier": 0,
  "TimeChangeability": "DEFAULT",
  "TimeModifier": "NONE",
  "WeatherType": "DEFAULT"
}