{
  "processors": [
    {
      "processor_type": "mowziesmobs:base_processor"
    },
    {
      "processor_type": "mowziesmobs:base_deco_processor"
    },
    {
      "processor_type": "mowziesmobs:block_swap_processor",
      "to_replace": [
        {
          "Name": "minecraft:white_concrete"
        }
      ],
      "replace_with": {
        "default": {
          "Name": "minecraft:white_concrete"
        },
        "entries": [
          {
            "blockState": {
              "Name": "minecraft:diorite"
            },
            "weight": 1
          },
          {
            "blockState": {
              "Name": "minecraft:calcite"
            },
            "weight": 1
          },
          {
            "blockState": {
              "Name": "minecraft:white_concrete"
            },
            "weight": 1
          }
        ]
      }
    },
    {
      "processor_type": "mowziesmobs:block_swap_processor",
      "to_replace": [
        {
          "Name": "minecraft:cobbled_deepslate_slab"
        }
      ],
      "replace_with": {
        "default": {
          "Name": "minecraft:cobbled_deepslate_slab"
        },
        "entries": [
          {
            "blockState": {
              "Name": "minecraft:cobbled_deepslate_slab"
            },
            "weight": 7
          },
          {
            "blockState": {
              "Name": "minecraft:polished_deepslate_slab"
            },
            "weight": 3
          }
        ]
      }
    },
    {
      "processor_type": "mowziesmobs:block_swap_processor",
      "to_replace": [
        {
          "Name": "minecraft:cobbled_deepslate_stairs"
        }
      ],
      "replace_with": {
        "default": {
          "Name": "minecraft:cobbled_deepslate_stairs"
        },
        "entries": [
          {
            "blockState": {
              "Name": "minecraft:cobbled_deepslate_stairs"
            },
            "weight": 7
          },
          {
            "blockState": {
              "Name": "minecraft:polished_deepslate_stairs"
            },
            "weight": 3
          }
        ]
      }
    },
    {
      "processor_type": "mowziesmobs:roots_processor"
    },
    {
      "processor_type": "mowziesmobs:block_swap_processor",
      "to_replace": [
        {
          "Name": "minecraft:crimson_trapdoor"
        }
      ],
      "replace_with": {
        "default": {
          "Name": "minecraft:dark_oak_trapdoor"
        }
      }
    }
  ]
}