{
    "type": "jeg:gunnite_workbench",
    "result": {
        "item": "mteg:m107"
    },
    "materials": [
        {
            "item": "minecraft:lever",
            "count": 1
        },
        {
            "item": "minecraft:redstone_block",
            "count": 2
        },
        {
            "item": "minecraft:tnt",
            "count": 10
        },
        {
            "item": "jeg:scrap",
            "count": 50
        },
        {
            "item": "jeg:gunnite_ingot",
            "count": 40
        },
        {
            "item": "jeg:gunmetal_ingot",
            "count": 10
        }
    ]
}