{
  "type": "minecraft:crafting_shaped",
  "category": "misc",
  "pattern": [
    "012",
    "345",
    " 7 "
  ],
  "key": {
    "0": {
      "item": "minecraft:sugar"
    },
    "1": {
      "item": "born_in_chaos_v1:spiritinabottle"
    },
    "2": {
      "item": "born_in_chaos_v1:spiritinabottle"
    },
    "3": {
      "item": "minecraft:sugar"
    },
    "4": {
      "item": "born_in_chaos_v1:seedof_chaos"
    },
    "5": {
      "item": "born_in_chaos_v1:spiritinabottle"
    },
    "7": {
      "item": "minecraft:stick"
    }
  },
  "result": {
    "item": "born_in_chaos_v1:eternal_candy",
    "count": 1
  }
}