{
  "type": "minecraft:crafting_shaped",
  "category": "misc",
  "pattern": [
    " 1 ",
    "345",
    "678"
  ],
  "key": {
    "1": {
      "item": "minecraft:stick"
    },
    "3": {
      "item": "minecraft:stick"
    },
    "4": {
      "item": "born_in_chaos_v1:fire_dust"
    },
    "5": {
      "item": "minecraft:stick"
    },
    "6": {
      "tag": "logss"
    },
    "7": {
      "tag": "logss"
    },
    "8": {
      "tag": "logss"
    }
  },
  "result": {
    "item": "minecraft:campfire",
    "count": 1
  }
}