{
  "type": "minecraft:crafting_shaped",
  "category": "misc",
  "pattern": [
    "012",
    "34 ",
    " 7 "
  ],
  "key": {
    "0": {
      "item": "born_in_chaos_v1:dark_metal_ingot"
    },
    "1": {
      "item": "born_in_chaos_v1:dark_metal_ingot"
    },
    "2": {
      "item": "born_in_chaos_v1:dark_metal_ingot"
    },
    "3": {
      "item": "born_in_chaos_v1:dark_metal_ingot"
    },
    "4": {
      "item": "born_in_chaos_v1:bone_handle"
    },
    "7": {
      "item": "born_in_chaos_v1:bone_handle"
    }
  },
  "result": {
    "item": "born_in_chaos_v1:great_reaper_axe",
    "count": 1
  }
}