{
  "type": "minecraft:crafting_shaped",
  "category": "misc",
  "pattern": [
    "012",
    "345",
    "678"
  ],
  "key": {
    "0": {
      "item": "minecraft:green_stained_glass"
    },
    "1": {
      "item": "born_in_chaos_v1:fired_black_argillite"
    },
    "2": {
      "item": "minecraft:green_stained_glass"
    },
    "3": {
      "item": "minecraft:black_stained_glass"
    },
    "4": {
      "item": "minecraft:green_stained_glass"
    },
    "5": {
      "item": "minecraft:black_stained_glass"
    },
    "6": {
      "item": "minecraft:green_stained_glass"
    },
    "7": {
      "item": "born_in_chaos_v1:fired_black_argillite"
    },
    "8": {
      "item": "minecraft:green_stained_glass"
    }
  },
  "result": {
    "item": "born_in_chaos_v1:green_stained_glass",
    "count": 9
  }
}