{
  "type": "minecraft:crafting_shaped",
  "category": "misc",
  "pattern": [
    "01",
    "23",
    " 5"
  ],
  "key": {
    "0": {
      "item": "born_in_chaos_v1:intoxicating_decoction"
    },
    "1": {
      "item": "born_in_chaos_v1:intoxicating_decoction"
    },
    "2": {
      "item": "born_in_chaos_v1:intoxicating_decoction"
    },
    "3": {
      "item": "born_in_chaos_v1:dark_metal_ingot"
    },
    "5": {
      "item": "born_in_chaos_v1:bone_handle"
    }
  },
  "result": {
    "item": "born_in_chaos_v1:intoxicating_dagger",
    "count": 1
  }
}