{
  "type": "minecraft:crafting_shaped",
  "category": "misc",
  "pattern": [
    " 12",
    "345",
    " 7 "
  ],
  "key": {
    "1": {
      "item": "minecraft:snowball"
    },
    "2": {
      "item": "minecraft:snowball"
    },
    "3": {
      "item": "minecraft:sugar"
    },
    "4": {
      "item": "born_in_chaos_v1:river_mint"
    },
    "5": {
      "item": "minecraft:snowball"
    },
    "7": {
      "item": "minecraft:sugar"
    }
  },
  "result": {
    "item": "born_in_chaos_v1:mint_ice_cream",
    "count": 3
  }
}