{
  "type": "minecraft:crafting_shaped",
  "category": "misc",
  "pattern": [
    "012",
    "345"
  ],
  "key": {
    "0": {
      "item": "born_in_chaos_v1:scorched_planks"
    },
    "1": {
      "item": "minecraft:stick"
    },
    "2": {
      "item": "born_in_chaos_v1:scorched_planks"
    },
    "3": {
      "item": "born_in_chaos_v1:scorched_planks"
    },
    "4": {
      "item": "minecraft:stick"
    },
    "5": {
      "item": "born_in_chaos_v1:scorched_planks"
    }
  },
  "result": {
    "item": "born_in_chaos_v1:scorched_planks_fence",
    "count": 4
  }
}