{
  "type": "minecraft:crafting_shaped",
  "category": "misc",
  "pattern": [
    "01",
    "23"
  ],
  "key": {
    "0": {
      "item": "born_in_chaos_v1:smoldering_scorched_log"
    },
    "1": {
      "item": "born_in_chaos_v1:smoldering_scorched_log"
    },
    "2": {
      "item": "born_in_chaos_v1:smoldering_scorched_log"
    },
    "3": {
      "item": "born_in_chaos_v1:smoldering_scorched_log"
    }
  },
  "result": {
    "item": "born_in_chaos_v1:smoldering_scorched_wood",
    "count": 3
  }
}