{
  "type": "minecraft:crafting_shaped",
  "category": "misc",
  "pattern": [
    "012",
    "345",
    "678"
  ],
  "key": {
    "0": {
      "item": "born_in_chaos_v1:ethereal_spirit"
    },
    "1": {
      "item": "born_in_chaos_v1:ethereal_spirit"
    },
    "2": {
      "item": "born_in_chaos_v1:ethereal_spirit"
    },
    "3": {
      "item": "born_in_chaos_v1:ethereal_spirit"
    },
    "4": {
      "item": "minecraft:sand"
    },
    "5": {
      "item": "born_in_chaos_v1:ethereal_spirit"
    },
    "6": {
      "item": "born_in_chaos_v1:ethereal_spirit"
    },
    "7": {
      "item": "born_in_chaos_v1:ethereal_spirit"
    },
    "8": {
      "item": "born_in_chaos_v1:ethereal_spirit"
    }
  },
  "result": {
    "item": "minecraft:soul_sand",
    "count": 1
  }
}