{
  "type": "minecraft:crafting_shapeless",
  "category": "misc",
  "ingredients": [
    {
      "item": "minecraft:sculk_catalyst"
    },
    {
      "item": "born_in_chaos_v1:seedof_chaos"
    },
    {
      "item": "minecraft:chorus_fruit"
    },
    {
      "item": "minecraft:blaze_powder"
    },
    {
      "item": "minecraft:diamond"
    },
    {
      "item": "minecraft:scute"
    },
    {
      "item": "born_in_chaos_v1:holiday_candy"
    },
    {
      "item": "born_in_chaos_v1:intoxicating_decoction"
    },
    {
      "item": "minecraft:torchflower"
    }
  ],
  "result": {
    "item": "born_in_chaos_v1:transmuting_elixir",
    "count": 1
  }
}