{
  "entity": "minecraft:blaze",
  "name": "Gaze the Withering",
  "visualscale": 1.2,
  "experience": 200,
  "effects": {
    "minecraft:resistance": 1,
    "minecraft:bad_omen": 1
  },
  "attributes": {
    "generic.max_health": 60,
    "generic.follow_range": 70,
    "generic.knockback_resistance": 10
  },
  "customattributes": {
    "projectile_damage_bonus": 2
  },
  "gear": {
  },
  "ai-goals": {
    "brutalbosses:shootwitherskulls": {
      "projectile_interval": 80,
      "projectile_distance": 25
    }
  },
  "spawnatchest": {
    "minecraft:chests/nether_bridge": 2,
    "minecraft:chests/bastion_treasure": 2,
    "dungeons_arise:chests/foundry/foundry_lava_pit": 1,
    "infernalexp:chests/desolate_bastion_outpost_chest": 1,
    "infernalexp:chests/glowstone_canyon_ruin_chest": 2,
    "dungeons_arise:chests/scorched_mines/scorched_mines_treasure": 1
  }
}