{
    "entity": "crimson_steves_mobs:chad_villager",
    "name": "The Chad Villager",
    "visualscale": 1.7,
    "experience": 200,
    "effects": {
    },
    "attributes": {
      "generic.max_health": 80,
      "generic.follow_range": 50,
      "generic.knockback_resistance": 10,
      "generic.attack_damage": 3
    },
    "customattributes": {
      "dropgear": 1
    },
    "gear": {
    },
    "ai-goals": {
      "brutalbosses:aftercombatregen": {
        "amount": 1
      },
      "brutalbosses:meleehit": {
        "potionlevel": 6,
        "knockback": 4
      },
      "brutalbosses:charge": {},
      "brutalbosses:chasetarget": {}
    },
    "spawnatchest": {
      "minecraft:chests/simple_dungeon": 5,
      "minecraft:chests/stronghold_crossing": 1,
      "minecraft:chests/stronghold_corridor": 1,
      "minecraft:chests/jungle_temple": 1,
      "minecraft:chests/ruined_portal": 1,
      "betterdungeons:skeleton_dungeon/chests/common": 1,
      "betterdungeons:skeleton_dungeon/chests/middle": 1,
      "betterdungeons:zombie_dungeon/chests/common": 5,
      "betterdungeons:zombie_dungeon/chests/special": 5,
      "betterdungeons:zombie_dungeon/chests/tombstone": 5,
      "dungeons_arise:chests/abandoned_temple/abandoned_temple_map": 1,
      "dungeons_arise:chests/eerie/heavenly_challenger/heavenly_challenger_treasure": 1,
      "dungeons_arise:chests/infested_temple/infested_temple_top_treasure": 1,
      "dungeons_arise:chests/mushroom_house/mushroom_house_treasure": 1,
      "endrem:chests/hided": 1,
      "mostructures:jungle_temple_treasure": 1,
      "graveyard:chests/large_loot": 1,
      "graveyard:chests/crypt_loot": 1,
      "graveyard:chests/desert_graveyard_loot": 1,
      "graveyard:chests/medium_graveyard_loot": 1,
      "graveyard:chests/small_graveyard_loot": 1,
      "valhelsia_structures:chests/treasure": 1,
      "valhelsia_structures:chests/spawner_dungeon": 1,
      "minecraft:chests/abandoned_mineshaft": 1,
      "philipsruins:chests/desert_pyramid_loot": 1,
      "philipsruins:chests/level_one_ruins_loot": 1,
      "unstructured:chests/desert_dungeon": 1,
      "unstructured:chests/graveyard": 1,
      "graveyard:chests/great_crypt_loot": 1,
      "graveyard:chests/large_graveyard_loot": 1,
      "betterstrongholds:chests/crypt": 1,
      "dungeoncrawl:chests/stage_3": 1,
      "dungeons_enhanced:jungle_monument_treasure": 1,
      "dungeons_enhanced:chests/monster_maze/treasure": 1,
      "dungeons_arise:chests/mining_system/mining_system_treasure": 1
    }
  }