{
    "entity": "born_in_chaos_v1:zombie_clown",
    "name": "Oscar Garcia",
    "visualscale": 1.5,
    "experience": 300,
    "effects": {
    },
    "attributes": {
      "generic.max_health": 50,
      "generic.follow_range": 50,
      "generic.knockback_resistance": 10,
      "generic.attack_damage": 10
    },
    "customattributes": {
      "dropgear": 1
    },
    "gear": {
    },
    "ai-goals": {
      "brutalbosses:aftercombatregen": {
        "amount": 1
      },
      "brutalbosses:whirlwind": {
        "knockback": 4,
        "cooldown": 200
      },
      "brutalbosses:charge": {}
    },
    "spawnatchest": {
      "minecraft:chests/simple_dungeon": 5,
      "minecraft:chests/stronghold_crossing": 1,
      "minecraft:chests/stronghold_corridor": 1,
      "minecraft:chests/jungle_temple": 1,
      "minecraft:chests/ruined_portal": 1,
      "betterdungeons:skeleton_dungeon/chests/common": 1,
      "betterdungeons:skeleton_dungeon/chests/middle": 1,
      "betterdungeons:zombie_dungeon/chests/common": 5,
      "betterdungeons:zombie_dungeon/chests/special": 5,
      "betterdungeons:zombie_dungeon/chests/tombstone": 5,
      "dungeons_arise:chests/desert_city_big": 1,
      "dungeons_arise:chests/desert_city_medium": 1,
      "dungeons_arise:chests/infested_temple/infested_temple_top_treasure": 1,
      "dungeons_arise:chests/mushroom_house/mushroom_house_treasure": 1,
      "dungeons_arise:chests/thornborn_towers/thornborn_towers_top_treasure": 1,
      "endrem:chests/hided": 1,
      "mostructures:pyramid_custom": 1,
      "mostructures:jungle_temple_treasure": 1,
      "graveyard:chests/large_loot": 1,
      "graveyard:chests/crypt_loot": 1,
      "graveyard:chests/desert_graveyard_loot": 1,
      "graveyard:chests/medium_graveyard_loot": 1,
      "graveyard:chests/small_graveyard_loot": 1,
      "philipsruins:chests/level_one_ruins_loot": 1,
      "unstructured:chests/desert_dungeon": 1,
      "unstructured:chests/graveyard": 1,
      "unstructured:chests/middle_dungeon": 1,
      "unstructured:chests/simple_dungeon": 1,
      "unstructured:chests/portal_room": 1,
      "philipsruins:chests/badlands_dungeon_loot_high": 1,
      "philipsruins:chests/badlands_dungeon_loot_low": 1,
      "philipsruins:chests/bone_dungeon_loot": 1,
      "philipsruins:chests/level_three_ruins_loot": 1,
      "philipsruins:chests/ruin_loot_value": 1,
      "philipsruins:chests/sculk_dungeon_loot": 1,
      "valhelsia_structures:chests/treasure": 1,
      "valhelsia_structures:chests/spawner_dungeon": 1,
      "minecraft:chests/abandoned_mineshaft": 1,
      "betterdungeons:spider_dungeon/chests/egg_room": 1,
      "betterstrongholds:chests/crypt": 1,
      "dungeoncrawl:chests/stage_3": 1,
      "dungeons_enhanced:chests/ice_pit/hall": 1,
      "dungeons_enhanced:large_dungeon_treasury": 1,
      "dungeons_enhanced:chests/monster_maze/treasure": 1,
      "dungeons_plus:chests/vanilla_dungeon": 1,
      "dungeons_plus:chests/bigger_dungeon/husk": 1,
      "dungeons_arise:chests/mining_system/mining_system_treasure": 1,
      "dungeons_arise:chests/mines_treasure_medium": 1,
      "stoneholm:crypt": 1
    }
  }