{
  "entity": "minecraft:zombie",
  "name": "Dummy the useless, used for adding fail chances to a loottables spawn list.",
  "spawnatchest": {
    "minecraft:chests/simple_dungeon": 20,
    "minecraft:chests/shipwreck_supply": 1,
    "minecraft:chests/village/village_butcher": 10,
    "goblinsanddungeons:chests/keep_loot_table": 10,
    "goblinsanddungeons:chests/camp_loot_table": 7,
    "minecraft:chests/stronghold_crossing": 5,
    "minecraft:chests/stronghold_library": 3,
    "dungeons_enhanced:pillager_camp_general": 3,
    "dungeons_enhanced:pillager_camp_kitchen": 10,
    "dungeons_enhanced:stables": 5,
    "dungeons_enhanced:castle_cellar": 15,
    "dungeons_enhanced:castle_thron": 5,
    "dungeons_enhanced:castle_coffin": 5,
    "dungeons_enhanced:castle_library": 5,
    "dungeons_enhanced:castle_prison": 5,
    "dungeons_enhanced:castle_spring": 5,
    "dungeons_enhanced:castle_bedroom": 10,
    "dungeons_enhanced:chests/tower_of_the_undead/treasure": 1,
    "dungeons_plus:chests/leviathan/common": 10,
    "dungeons_plus:chests/snowy_temple/common": 10,
    "dungeons_plus:chests/soul_prison/common": 5,
    "dungeons_plus:chests/tower/vex": 10,
    "dungeons_plus:chests/warped_garden/common": 10,
    "dungeons_arise:chests/abandoned_temple/abandoned_temple_map": 4,
    "dungeons_arise:chests/abandoned_temple/abandoned_temple_top": 3,
    "dungeons_arise:chests/bandit_towers/bandit_towers_normal": 10,
    "dungeons_arise:chests/bandit_towers/bandit_towers_treasure": 5,
    "dungeons_arise:chests/desert_city_big": 10,
    "philipsruins:chests/desert_pyramid_loot": 10,
    "philipsruins:chests/level_one_ruins_loot": 10,
    "philipsruins:chests/badlands_dungeon_loot_high": 10,
    "philipsruins:chests/badlands_dungeon_loot_low": 10,
    "philipsruins:chests/bone_dungeon_loot": 10,
    "philipsruins:chests/level_three_ruins_loot": 10,
    "philipsruins:chests/ruin_loot_value": 10,
    "philipsruins:chests/sculk_dungeon_loot": 10,
    "philipsruins:chests/ocean_ruins_loot": 10,
    "takesapillage:chests/bastille/center": 10,
    "takesapillage:chests/bastille/church": 10,
    "takesapillage:chests/bastille/gallows": 10,
    "takesapillage:chests/bastille/graveyard": 10,
    "tlc:chests/biblio": 10,
    "tlc:chests/dungeon": 10,
    "tlc:chests/house": 10,
    "tlc:chests/lab": 10,
    "tlc:chests/throne": 10,
    "tlc:chests/treasure": 10,
    "kaisyn:outpost/common/armory": 10,
    "kaisyn:outpost/common/outpost_beach_barrel": 10,
    "kaisyn:outpost/common/outpost_mediterranean_barrel": 10,
    "kaisyn:outpost/common/outpost_rustic_barrel": 10,
    "bygonenether:chests/citadel": 10,
    "bygonenether:chests/fortress": 10,
    "bygonenether:chests/catacomb/treasure_rib": 20,
    "awesomedungeonnether:chests/awesome_dungeon": 10,
    "philipsruins:chests/nether_ruins_low": 10,
    "infernalexp:chests/basalt_delta_ruin": 10,
    "infernalexp:chests/desolate_bastion_outpost": 10,
    "infernalexp:chests/glowstone_canyon_ruin": 10,
    "dungeons_arise:chests/desert_city_medium": 15,
    "dungeons_arise:chests/foundry/foundry_lava_pit": 10,
    "dungeons_arise:chests/foundry/foundry_treasure": 10,
    "dungeons_arise:chests/eerie/heavenly_challenger/heavenly_challenger_treasure": 10,
    "dungeons_arise:chests/heavenly_conqueror/heavenly_conqueror_treasure": 15,
    "dungeons_arise:chests/heavenly_rider/heavenly_rider_treasure": 10,
    "dungeons_arise:chests/illager_campsite/illager_campsite_map": 5,
    "dungeons_arise:chests/illager_corsair/illager_corsair_treasure": 7,
    "dungeons_arise:chests/illager_fort/illager_fort_normal": 15,
    "dungeons_arise:chests/illager_fort/illager_fort_treasure": 10,
    "dungeons_arise:chests/illager_galley/illager_galley_treasure": 8,
    "dungeons_arise:chests/infested_temple/infested_temple_top_treasure": 10,
    "dungeons_arise:chests/jungle_tree_house/jungle_tree_house_treasure": 15,
    "dungeons_arise:chests/mushroom_house/mushroom_house_treasure": 7,
    "dungeons_arise:chests/shiraz_palace/shiraz_palace_library": 10,
    "dungeons_arise:chests/shiraz_palace/shiraz_palace_elite": 7,
    "dungeons_arise:chests/shiraz_palace/shiraz_palace_treasure": 10,
    "dungeons_arise:chests/small_blimp/small_blimp_treasure": 5,
    "dungeons_arise:chests/typhon/typhon_treasure": 3,
    "dungeons_arise:chests/thornborn_towers/thornborn_towers_top_treasure": 5,
    "dungeons_arise:chests/undead_pirate_ship/undead_pirate_ship_enchants": 5,
    "unstructured:chests/desert_dungeon": 10,
    "unstructured:chests/evoker_tower": 10,
    "unstructured:chests/graveyard": 10,
    "unstructured:chests/middle_dungeon": 10,
    "unstructured:chests/simple_dungeon": 10,
    "unstructured:chests/portal_room": 10,
    "unstructured:chests/piglin_outpost": 10,
    "unstructured:chests/pillager_base": 10,
    "unstructured:chests/pillager_base_broken": 10,
    "unstructured:chests/op_dungeon": 10,
    "unstructured:chests/ocean_house": 10,
    "goodending:chests/revamped_swamp_hut_treasure": 10,
    "wythers:chests/outpost/badlands_plateau_bandit_camp": 10,
    "awesomedungeonend:chests/awesome_dungeon": 10,
    "graveyard:chests/great_crypt_loot": 10,
    "graveyard:chests/large_graveyard_loot": 10,
    "endrem:chests/biblio": 5,
    "endrem:chests/treasure": 10,
    "endrem:chests/hided": 10,
    "illagers_plus:structure/ice_castle_rare": 10,
    "illagers_plus:structure/illager_archer_tower": 10,
    "illagers_plus:structure/illager_centre": 10,
    "illagers_plus:structure/fort_rare": 10,
    "illagers_plus:structure/illager_tower_enchanting": 10,
    "mostructures:pyramid_custom": 10,
    "mostructures:ice_tower": 7,
    "mostructures:jungle_temple_treasure": 15,
    "mostructures:pillager_treasure": 10,
    "mostructures:pirate_ship_cargo_misc": 25,
    "totw_additions:chests/nether_tower/nether_tower_chest": 10,
    "totw_additions:chests/end_tower/end_tower_chest": 10,
    "graveyard:chests/large_loot": 10,
    "graveyard:chests/totem_loot": 10,
    "graveyard:chests/crypt_loot": 10,
    "graveyard:chests/desert_graveyard_loot": 10,
    "graveyard:chests/medium_graveyard_loot": 10,
    "graveyard:chests/small_graveyard_loot": 10,
    "valhelsia_structures:chests/treasure": 10,
    "valhelsia_structures:chests/castle_ruin": 5,
    "valhelsia_structures:chests/spawner_dungeon": 10,
    "infernalexp:chests/desolate_bastion_outpost_chest": 15,
    "infernalexp:chests/glowstone_canyon_ruin_chest": 10,
    "infernalexp:chests/basalt_delta_ruin_chest": 7,
    "minecraft:chests/abandoned_mineshaft": 10,
    "betterdungeons:skeleton_dungeon/chests/common": 15,
    "betterdungeons:skeleton_dungeon/chests/middle": 7,
    "betterdungeons:spider_dungeon/chests/egg_room": 7,
    "betterdungeons:zombie_dungeon/chests/common": 25,
    "betterstrongholds:chests/crypt": 10,
    "betterstrongholds:chests/common": 35,
    "dungeoncrawl:chests/stage_3": 15,
    "dungeoncrawl:chests/stage_4": 10,
    "dungeoncrawl:chests/stage_5": 10,
    "dungeons_enhanced:desert_tomb": 5,
    "dungeons_enhanced:chests/ice_pit/hall": 4,
    "dungeons_enhanced:jungle_monument_treasure": 8,
    "dungeons_enhanced:large_dungeon_treasury": 10,
    "dungeons_enhanced:chests/monster_maze/treasure": 5,
    "dungeons_plus:chests/vanilla_dungeon": 10,
    "dungeons_plus:chests/bigger_dungeon/husk": 7,
    "dungeons_arise:chests/mining_system/mining_system_treasure": 15,
    "dungeons_arise:chests/mines_treasure_big": 10,
    "dungeons_arise:chests/mines_treasure_medium": 10,
    "dungeons_arise:chests/plague_asylum/plague_asylum_treasure": 10,
    "dungeons_arise:chests/scorched_mines/scorched_mines_treasure": 7,
    "illagers_plus:structure/illager_mine": 10,
    "stoneholm:crypt": 1,
    "minecraft:chests/buried_treasure": 5,
    "minecraft:chests/jungle_temple_dispenser": 10,
    "dungeons_arise:chests/aviary/aviary_barrels": 10
  }
}