{
  "entity": "minecraft:vindicator",
  "name": "Uzsahe the Endborn",
  "visualscale": 2.0,
  "experience": 300,
  "protect_treasure": true,
  "effects": {
    "minecraft:resistance": 1,
    "minecraft:slowness": 1
  },
  "attributes": {
    "generic.max_health": 90,
    "generic.follow_range": 50,
    "generic.knockback_resistance": 1,
    "generic.attack_damage": 7
  },
  "customattributes": {
    "dropgear": 6
  },
  "gear": {
    "mainhand": "{id: \"minecraft:golden_axe\", Count: 1b, tag: {Damage: 0}}",
    "offhand": "{id: \"minecraft:ender_pearl\", Count: 8b}"
  },
  "ai-goals": {
    "minecraft:target": {},
    "brutalbosses:aftercombatregen": {
      "amount": 1
    },
    "brutalbosses:whirlwind": {
      "knockback": 4,
      "cooldown": 200
    },
    "brutalbosses:itemshootgoal": {
      "item": "{id: \"minecraft:ender_pearl\", Count: 1b}",
      "projectile_count": 1,
      "teleport": true,
      "damage": 3,
      "projectile_interval": 100,
      "projectile_aoe": false,
      "projectile_distance": 40
    }
  },
  "spawnatchest": {
    "minecraft:chests/simple_dungeon": 1,
    "minecraft:chests/stronghold_crossing": 3,
    "minecraft:chests/stronghold_corridor": 2,
    "minecraft:chests/woodland_mansion": 5,
    "minecraft:chests/pillager_outpost": 5,
    "betterdungeons:skeleton_dungeon/chests/common": 1,
    "betterdungeons:skeleton_dungeon/chests/middle": 1,
    "goblinsanddungeons:chests/keep_loot_table": 1,
    "dungeons_arise:chests/illager_campsite/illager_campsite_map": 1,
    "dungeons_arise:chests/illager_fort/illager_fort_normal": 1,
    "dungeons_arise:chests/shiraz_palace/shiraz_palace_treasure": 1,
    "illagers_plus:structure/illager_centre": 1,
    "illagers_plus:structure/fort_rare": 1,
    "takesapillage:chests/bastille/center": 1,
    "takesapillage:chests/bastille/church": 1,
    "takesapillage:chests/bastille/gallows": 1,
    "takesapillage:chests/bastille/graveyard": 1,
    "tlc:chests/biblio": 1,
    "tlc:chests/dungeon": 1,
    "tlc:chests/house": 1,
    "tlc:chests/lab": 1,
    "tlc:chests/throne": 1,
    "tlc:chests/treasure": 1,
    "philipsruins:chests/badlands_dungeon_loot_high": 1,
    "philipsruins:chests/badlands_dungeon_loot_low": 1,
    "philipsruins:chests/bone_dungeon_loot": 1,
    "philipsruins:chests/level_three_ruins_loot": 1,
    "philipsruins:chests/ruin_loot_value": 1,
    "philipsruins:chests/sculk_dungeon_loot": 1,
    "mostructures:pillager_treasure": 1,
    "valhelsia_structures:chests/treasure": 1,
    "betterstrongholds:chests/common": 1,
    "dungeoncrawl:chests/stage_4": 1,
    "dungeons_enhanced:large_dungeon_treasury": 1,
    "dungeons_plus:chests/bigger_dungeon/husk": 1,
    "dungeons_arise:chests/mines_treasure_big": 1,
    "dungeons_arise:chests/plague_asylum/plague_asylum_treasure": 1,
    "illagers_plus:structure/illager_mine": 1
  }
}