{
  "entity": "minecraft:ghast",
  "name": "Gboom the Bloated",
  "visualscale": 1.2,
  "experience": 400,
  "effects": {
  },
  "attributes": {
    "generic.max_health": 80,
    "generic.follow_range": 90
  },
  "customattributes": {
    "dropgear": 1
  },
  "gear": {
  },
  "ai-goals": {
    "brutalbosses:aftercombatregen": {
      "amount": 1
    },
    "brutalbosses:shootbigfireballs": {
      "projectile_count": 15,
      "projectile_interval": 400,
      "projectile_aoe": true,
      "projectile_distance": 60
    }
  },
  "spawnatchest": {
    "minecraft:chests/bastion_other": 1,
    "minecraft:chests/bastion_bridge": 1,
    "minecraft:chests/bastion_hoglin_stable": 1,
    "minecraft:chests/nether_bridge": 1,
    "dungeons_plus:chests/soul_prison/common": 1,
    "dungeons_arise:chests/heavenly_conqueror/heavenly_conqueror_treasure": 1,
    "dungeons_arise:chests/small_blimp/small_blimp_treasure": 1,
    "infernalexp:chests/glowstone_canyon_ruin_chest": 1,
    "infernalexp:chests/basalt_delta_ruin_chest": 1
  }
}