{
  "entity": "minecraft:pillager",
  "name": "Pelgrim the Sharpshooter",
  "visualscale": 1.1,
  "experience": 300,
  "protect_treasure": true,
  "effects": {
  },
  "attributes": {
    "generic.max_health": 70,
    "generic.follow_range": 80,
    "generic.knockback_resistance": 1
  },
  "customattributes": {
    "dropgear": 2,
    "projectile_damage_bonus": 4
  },
  "gear": {
    "mainhand": "{id: \"minecraft:crossbow\", Count: 1b, tag: {ChargedProjectiles: [], RepairCost: 7, Damage: 0, Charged: 0b, Enchantments: [{lvl: 4s, id: \"minecraft:piercing\"}, {lvl: 3s, id: \"minecraft:quick_charge\"}, {lvl: 5s, id: \"minecraft:power\"}]}}",
    "offhand": "{id: \"minecraft:tipped_arrow\", Count: 64b, tag: {Potion: \"minecraft:strong_poison\"}}",
    "helmet": "{id: \"minecraft:netherite_helmet\", Count: 1b, tag: {Damage: 0}}",
    "chestplate": "{id: \"minecraft:netherite_chestplate\", Count: 1b, tag: {Damage: 0}}",
    "feet": "{id: \"minecraft:netherite_boots\", Count: 1b, tag: {Damage: 0}}"
  },
  "ai-goals": {
    "minecraft:crossbow": {}
  },
  "spawnatchest": {
    "minecraft:chests/stronghold_crossing": 2,
    "minecraft:chests/woodland_mansion": 5,
    "minecraft:chests/pillager_outpost": 5,
    "minecraft:chests/simple_dungeon": 1,
    "goblinsanddungeons:chests/camp_loot_table": 1,
    "dungeons_enhanced:pillager_camp_general": 1,
    "dungeons_arise:chests/bandit_towers/bandit_towers_normal": 1,
    "dungeons_arise:chests/illager_campsite/illager_campsite_map": 1,
    "dungeons_arise:chests/illager_fort/illager_fort_normal": 1,
    "illagers_plus:structure/ice_castle_rare": 1,
    "illagers_plus:structure/illager_archer_tower": 1,
    "illagers_plus:structure/illager_centre": 1,
    "illagers_plus:structure/fort_rare": 1,
    "mostructures:pillager_treasure": 1,
    "dungeoncrawl:chests/stage_4": 1,
    "takesapillage:chests/bastille/center": 1,
    "takesapillage:chests/bastille/church": 1,
    "takesapillage:chests/bastille/gallows": 1,
    "takesapillage:chests/bastille/graveyard": 1,
    "tlc:chests/biblio": 1,
    "tlc:chests/dungeon": 1,
    "tlc:chests/house": 1,
    "tlc:chests/lab": 1,
    "tlc:chests/throne": 1,
    "tlc:chests/treasure": 1,
    "kaisyn:outpost/common/armory": 1,
    "kaisyn:outpost/common/outpost_beach_barrel": 1,
    "kaisyn:outpost/common/outpost_mediterranean_barrel": 1,
    "kaisyn:outpost/common/outpost_rustic_barrel": 1,
    "unstructured:chests/middle_dungeon": 1,
    "unstructured:chests/simple_dungeon": 1,
    "unstructured:chests/portal_room": 1,
    "unstructured:chests/pillager_base": 5,
    "unstructured:chests/pillager_base_broken": 3,
    "wythers:chests/outpost/badlands_plateau_bandit_camp": 5,
    "dungeons_enhanced:large_dungeon_treasury": 1,
    "dungeons_plus:chests/vanilla_dungeon": 1,
    "dungeons_arise:chests/mines_treasure_big": 1,
    "illagers_plus:structure/illager_mine": 1
  }
}