{
  "entity": "minecraft:skeleton",
  "name": "Brog the Bulwark",
  "visualscale": 1.5,
  "experience": 300,
  "effects": {
    "minecraft:slowness": 2,
    "minecraft:resistance": 1
  },
  "attributes": {
    "generic.max_health": 150,
    "generic.follow_range": 50,
    "generic.attack_damage": 10,
    "generic.knockback_resistance": 10
  },
  "customattributes": {
    "attack_speed": 0.2
  },
  "gear": {
    "mainhand": "{id:\"minecraft:iron_sword\",Count:1b,tag:{Damage:0, Enchantments:[{lvl:1s,id:\"minecraft:knockback\"}]}}",
    "offhand": "{id:\"minecraft:shield\",Count:1b,tag:{Damage:0}}"
  },
  "ai-goals": {
    "brutalbosses:shieldmelee": {},
    "brutalbosses:aftercombatregen": {
      "amount": 3
    }
  },
  "spawnatchest": {
    "minecraft:chests/simple_dungeon": 5,
    "minecraft:chests/village/village_armorer": 1,
    "minecraft:chests/stronghold_crossing": 5,
    "minecraft:chests/stronghold_corridor": 1,
    "minecraft:chests/desert_pyramid": 1,
    "minecraft:chests/jungle_temple": 1,
    "minecraft:chests/jungle_temple_dispenser": 1,
    "minecraft:chests/igloo_chest": 1,
    "minecraft:chests/woodland_mansion": 1,
    "minecraft:chests/ruined_portal": 1,
    "betterdungeons:skeleton_dungeon/chests/common": 1,
    "betterdungeons:skeleton_dungeon/chests/middle": 1,
    "betterdungeons:zombie_dungeon/chests/common": 1,
    "betterdungeons:zombie_dungeon/chests/special": 5,
    "betterdungeons:zombie_dungeon/chests/tombstone": 1,
    "dungeons_enhanced:castle_cellar": 1,
    "dungeons_enhanced:castle_coffin": 1,
    "dungeons_enhanced:chests/tower_of_the_undead/treasure": 1,
    "dungeons_arise:chests/illager_corsair/illager_corsair_treasure": 1,
    "mostructures:pyramid_custom": 1,
    "graveyard:chests/large_loot": 1,
    "graveyard:chests/crypt_loot": 1,
    "graveyard:chests/desert_graveyard_loot": 1,
    "graveyard:chests/medium_graveyard_loot": 1,
    "graveyard:chests/small_graveyard_loot": 1,
    "philipsruins:chests/desert_pyramid_loot": 1,
    "philipsruins:chests/level_one_ruins_loot": 1,
    "unstructured:chests/graveyard": 1,
    "unstructured:chests/middle_dungeon": 1,
    "unstructured:chests/simple_dungeon": 1,
    "unstructured:chests/portal_room": 1,
    "graveyard:chests/great_crypt_loot": 1,
    "graveyard:chests/large_graveyard_loot": 1,
    "valhelsia_structures:chests/treasure": 1,
    "valhelsia_structures:chests/castle_ruin": 1,
    "valhelsia_structures:chests/spawner_dungeon": 1,
    "minecraft:chests/abandoned_mineshaft": 1,
    "betterstrongholds:chests/crypt": 1,
    "betterstrongholds:chests/common": 1,
    "dungeoncrawl:chests/stage_3": 1,
    "dungeons_enhanced:desert_tomb": 1,
    "dungeons_enhanced:chests/ice_pit/hall": 1,
    "dungeons_enhanced:large_dungeon_treasury": 1,
    "dungeons_plus:chests/vanilla_dungeon": 1,
    "dungeons_plus:chests/bigger_dungeon/husk": 1,
    "dungeons_arise:chests/mining_system/mining_system_treasure": 1,
    "dungeons_arise:chests/mines_treasure_medium": 1,
    "stoneholm:crypt": 1
  }
}