{
  "entity": "minecraft:vex",
  "name": "Kex the Mean",
  "visualscale": 1.3,
  "experience": 400,
  "effects": {
    "minecraft:resistance": 1,
    "minecraft:slowness": 1
  },
  "attributes": {
    "generic.max_health": 60,
    "generic.follow_range": 50,
    "generic.knockback_resistance": 10
  },
  "customattributes": {
  },
  "gear": {
    "mainhand": "{id:\"minecraft:iron_sword\",Count:1b,tag:{Damage:0, Enchantments:[{lvl:1s,id:\"minecraft:knockback\"}]}}"
  },
  "ai-goals": {
    "minecraft:target": {},
    "brutalbosses:aftercombatregen": {
      "amount": 1
    },
    "brutalbosses:whirlwind": {
      "potiononhit": "minecraft:blindness",
      "knockback": 8,
      "cooldown": 200
    }
  },
  "spawnatchest": {
    "minecraft:chests/simple_dungeon": 1,
    "minecraft:chests/stronghold_crossing": 1,
    "minecraft:chests/stronghold_corridor": 2,
    "minecraft:chests/pillager_outpost": 2,
    "minecraft:chests/woodland_mansion": 5,
    "betterdungeons:skeleton_dungeon/chests/common": 1,
    "betterdungeons:skeleton_dungeon/chests/middle": 1,
    "dungeons_enhanced:castle_bedroom": 1,
    "unstructured:chests/piglin_outpost": 1,
    "dungeons_plus:chests/tower/vex": 1,
    "dungeons_arise:chests/heavenly_conqueror/heavenly_conqueror_treasure": 1,
    "dungeons_arise:chests/heavenly_rider/heavenly_rider_treasure": 1,
    "graveyard:chests/totem_loot": 1,
    "dungeoncrawl:chests/stage_5": 1,
    "dungeons_enhanced:large_dungeon_treasury": 1
  }
}