{
  "feature": "gnumus:traders_rest_feature",
  "placement": [
    {
      "type": "minecraft:rarity_filter",
      "chance": 290
    },
    {
      "type": "minecraft:in_square"
    },
    {
      "type": "minecraft:heightmap",
      "heightmap": "OCEAN_FLOOR_WG"
    },
    {
      "type": "minecraft:block_predicate_filter",
      "predicate": {
        "type": "minecraft:matching_blocks",
        "blocks": "minecraft:grass_block",
        "offset": [
          0,
          -1,
          0
        ]
      }
    },
    {
      "type": "minecraft:biome"
    }
  ]
}