{
  "type": "forge:add_spawns",
  "biomes": [
    "birch_forest",
    "dark_forest",
    "flower_forest",
    "forest",
    "old_growth_birch_forest",
    "windswept_forest",
    "bamboo_jungle",
    "jungle",
    "sparse_jungle",
    "biomesoplenty:woodland",
    "biomesoplenty:aspen_forest",
    "biomesoplenty:jade_cliffs",
    "biomesoplenty:old_growth_woodland",
    "biomesoplenty:rainforest",
    "biomesoplenty:redwood_forest"
  ],
  "spawners": {
    "type": "threateningly_mobs:earth_loong",
    "weight": 4,
    "minCount": 1,
    "maxCount": 1
  }
}