{
  "type": "forge:add_spawns",
  "biomes": [
    "cold_ocean",
    "deep_cold_ocean",
    "deep_frozen_ocean",
    "deep_lukewarm_ocean",
    "deep_ocean",
    "frozen_ocean",
    "lukewarm_ocean",
    "ocean",
    "warm_ocean",
    "frozen_river",
    "swamp",
    "biomesoplenty:bayou",
    "biomesoplenty:floodplain",
    "biomesoplenty:wetland",
    "biomesoplenty:marsh"
  ],
  "spawners": {
    "type": "threateningly_mobs:hydra",
    "weight": 4,
    "minCount": 1,
    "maxCount": 1
  }
}