{
  "type": "forge:add_spawns",
  "biomes": [
    "badlands",
    "bamboo_jungle",
    "beach",
    "birch_forest",
    "cherry_grove",
    "cold_ocean",
    "dark_forest",
    "deep_cold_ocean",
    "deep_frozen_ocean",
    "deep_lukewarm_ocean",
    "deep_ocean",
    "desert",
    "dripstone_caves",
    "eroded_badlands",
    "flower_forest",
    "forest",
    "frozen_ocean",
    "frozen_peaks",
    "frozen_river",
    "grove",
    "ice_spikes",
    "jagged_peaks",
    "jungle",
    "lukewarm_ocean",
    "lush_caves",
    "mangrove_swamp",
    "meadow",
    "ocean",
    "old_growth_birch_forest",
    "old_growth_pine_taiga",
    "old_growth_spruce_taiga",
    "plains",
    "river",
    "savanna",
    "savanna_plateau",
    "snowy_slopes",
    "snowy_beach",
    "snowy_plains",
    "snowy_taiga",
    "sparse_jungle",
    "stony_peaks",
    "stony_shore",
    "sunflower_plains",
    "swamp",
    "taiga",
    "warm_ocean",
    "windswept_forest",
    "windswept_gravelly_hills",
    "windswept_hills",
    "windswept_savanna",
    "wooded_badlands",
    "biomesoplenty:woodland",
    "biomesoplenty:old_growth_woodland",
    "biomesoplenty:woodland",
    "biomesoplenty:wetland",
    "biomesoplenty:rainforest",
    "biomesoplenty:shrubland",
    "biomesoplenty:lush_desert",
    "biomesoplenty:lush_savanna",
    "biomesoplenty:scrubland",
    "biomesoplenty:rocky_shrubland",
    "biomesoplenty:redwood_forest",
    "biomesoplenty:pumpkin_patch",
    "biomesoplenty:prairie",
    "biomesoplenty:pasture",
    "biomesoplenty:orchard",
    "biomesoplenty:muskeg",
    "biomesoplenty:mediterranean_forest",
    "biomesoplenty:marsh",
    "biomesoplenty:maple_woods",
    "biomesoplenty:lavender_field",
    "biomesoplenty:jade_cliffs",
    "biomesoplenty:grassland",
    "biomesoplenty:fungal_jungle",
    "biomesoplenty:woodland",
    "biomesoplenty:field",
    "biomesoplenty:dead_forest",
    "biomesoplenty:crag",
    "biomesoplenty:bog",
    "biomesoplenty:aspen_forest"
  ],
  "spawners": {
    "type": "threateningly_mobs:lich",
    "weight": 25,
    "minCount": 1,
    "maxCount": 1
  }
}