{
  "type": "forge:add_spawns",
  "biomes": [
    "meadow",
    "birch_forest",
    "dark_forest",
    "flower_forest",
    "forest",
    "old_growth_birch_forest",
    "windswept_forest",
    "old_growth_pine_taiga",
    "old_growth_spruce_taiga",
    "snowy_taiga",
    "taiga",
    "biomesoplenty:old_growth_woodland",
    "biomesoplenty:woodland",
    "biomesoplenty:snowy_fir_clearing",
    "biomesoplenty:snowy_maple_woods",
    "biomesoplenty:muskeg",
    "biomesoplenty:bog",
    "biomesoplenty:field",
    "biomesoplenty:fir_clearing",
    "biomesoplenty:grassland",
    "biomesoplenty:maple_woods",
    "biomesoplenty:orchard"
  ],
  "spawners": {
    "type": "threateningly_mobs:regalhart",
    "weight": 30,
    "minCount": 1,
    "maxCount": 1
  }
}