{
  "type": "forge:add_spawns",
  "biomes": [
    "desert",
    "eroded_badlands",
    "wooded_badlands",
    "badlands",
    "savanna",
    "savanna_plateau",
    "windswept_savanna",
    "biomesoplenty:wasteland",
    "biomesoplenty:lush_desert",
    "biomesoplenty:lush_savanna",
    "biomesoplenty:dryland",
    "biomesoplenty:volcano",
    "biomesoplenty:volcanic_plains"
  ],
  "spawners": {
    "type": "threateningly_mobs:solscarab_maximus",
    "weight": 4,
    "minCount": 1,
    "maxCount": 1
  }
}