{
  "parent": "jcraft:obtain_meteorite_iron_ore",
  "criteria": {
    "has_mask": {
      "conditions": {
        "items": [
          {
            "items": [
              "jcraft:stone_mask"
            ]
          }
        ]
      },
      "trigger": "minecraft:inventory_changed"
    }
  },
  "display": {
    "announce_to_chat": false,
    "description": {
      "text": "Find a Stone Mask"
    },
    "frame": "task",
    "hidden": false,
    "icon": {
      "item": "jcraft:stone_mask",
      "nbt": "{Damage:0}"
    },
    "show_toast": true,
    "title": {
      "text": "This is gonna hurt…"
    }
  },
  "requirements": [
    [
      "has_mask"
    ]
  ],
  "sends_telemetry_event": true
}