{
  "parent": "jcraft:obtain_meteorite_iron_ore",
  "criteria": {
    "has_arrow": {
      "conditions": {
        "items": [
          {
            "items": [
              "jcraft:stand_arrow"
            ]
          }
        ]
      },
      "trigger": "minecraft:inventory_changed"
    }
  },
  "display": {
    "announce_to_chat": false,
    "description": {
      "text": "Obtain a Stand Arrow"
    },
    "frame": "task",
    "hidden": false,
    "icon": {
      "item": "jcraft:stand_arrow"
    },
    "show_toast": true,
    "title": {
      "text": "Stand Proud"
    }
  },
  "requirements": [
    [
      "has_arrow"
    ]
  ],
  "sends_telemetry_event": true
}