{
  "parent": "jcraft:obtain_stand_arrow",
  "criteria": {
    "has_disc": {
      "conditions": {
        "items": [
          {
            "items": [
              "jcraft:stand_disc"
            ]
          }
        ]
      },
      "trigger": "minecraft:inventory_changed"
    }
  },
  "display": {
    "announce_to_chat": false,
    "description": {
      "text": "Obtain a Stand Disc"
    },
    "frame": "task",
    "hidden": false,
    "icon": {
      "item": "jcraft:stand_disc"
    },
    "show_toast": true,
    "title": {
      "text": "Spin Me Right Round"
    }
  },
  "requirements": [
    [
      "has_disc"
    ]
  ],
  "sends_telemetry_event": true
}