{
  "parent": "jcraft:find_stone_mask",
  "criteria": {
    "has_bottle": {
      "conditions": {
        "items": [
          {
            "items": [
              "jcraft:blood_bottle"
            ]
          }
        ]
      },
      "trigger": "minecraft:inventory_changed"
    }
  },
  "display": {
    "announce_to_chat": false,
    "description": {
      "text": "Obtain a blood bottle"
    },
    "frame": "task",
    "hidden": false,
    "icon": {
      "item": "jcraft:blood_bottle"
    },
    "show_toast": true,
    "title": {
      "text": "Not Kool-Aid"
    }
  },
  "requirements": [
    [
      "has_bottle"
    ]
  ],
  "sends_telemetry_event": true
}