{
  "parent": "jcraft:obtain_meteorite_iron_ore",
  "criteria": {
    "has_dio_boots": {
      "conditions": {
        "items": [
          {
            "items": [
              "jcraft:dio_boots"
            ]
          }
        ]
      },
      "trigger": "minecraft:inventory_changed"
    },
    "has_dio_cape": {
      "conditions": {
        "items": [
          {
            "items": [
              "jcraft:dio_cape"
            ]
          }
        ]
      },
      "trigger": "minecraft:inventory_changed"
    },
    "has_dio_headband": {
      "conditions": {
        "items": [
          {
            "items": [
              "jcraft:dio_headband"
            ]
          }
        ]
      },
      "trigger": "minecraft:inventory_changed"
    },
    "has_dio_jacket": {
      "conditions": {
        "items": [
          {
            "items": [
              "jcraft:dio_jacket"
            ]
          }
        ]
      },
      "trigger": "minecraft:inventory_changed"
    },
    "has_dio_pants": {
      "conditions": {
        "items": [
          {
            "items": [
              "jcraft:dio_pants"
            ]
          }
        ]
      },
      "trigger": "minecraft:inventory_changed"
    }
  },
  "display": {
    "announce_to_chat": false,
    "description": {
      "text": "Obtain all of Dio's clothes"
    },
    "frame": "challenge",
    "hidden": false,
    "icon": {
      "item": "jcraft:dio_headband",
      "nbt": "{Damage:0}"
    },
    "show_toast": true,
    "title": {
      "text": "MUDA MUDA"
    }
  },
  "requirements": [
    [
      "has_dio_headband"
    ],
    [
      "has_dio_jacket"
    ],
    [
      "has_dio_cape"
    ],
    [
      "has_dio_pants"
    ],
    [
      "has_dio_boots"
    ]
  ],
  "rewards": {
    "recipes": [
      "jcraft:dios_diary"
    ]
  },
  "sends_telemetry_event": true
}