{
  "parent": "jcraft:obtain_meteorite_iron_ore",
  "criteria": {
    "has_jotaro_boots": {
      "conditions": {
        "items": [
          {
            "items": [
              "jcraft:jotaro_boots"
            ]
          }
        ]
      },
      "trigger": "minecraft:inventory_changed"
    },
    "has_jotaro_cap": {
      "conditions": {
        "items": [
          {
            "items": [
              "jcraft:jotaro_cap"
            ]
          }
        ]
      },
      "trigger": "minecraft:inventory_changed"
    },
    "has_jotaro_jacket": {
      "conditions": {
        "items": [
          {
            "items": [
              "jcraft:jotaro_jacket"
            ]
          }
        ]
      },
      "trigger": "minecraft:inventory_changed"
    },
    "has_jotaro_pants": {
      "conditions": {
        "items": [
          {
            "items": [
              "jcraft:jotaro_pants"
            ]
          }
        ]
      },
      "trigger": "minecraft:inventory_changed"
    }
  },
  "display": {
    "announce_to_chat": false,
    "description": {
      "text": "Obtain all of Jotaro's clothes"
    },
    "frame": "challenge",
    "hidden": false,
    "icon": {
      "item": "jcraft:jotaro_cap",
      "nbt": "{Damage:0}"
    },
    "show_toast": true,
    "title": {
      "text": "ORA ORA"
    }
  },
  "requirements": [
    [
      "has_jotaro_cap"
    ],
    [
      "has_jotaro_jacket"
    ],
    [
      "has_jotaro_pants"
    ],
    [
      "has_jotaro_boots"
    ]
  ],
  "rewards": {
    "experience": 200
  },
  "sends_telemetry_event": true
}