{
  "criteria": {
    "has_ore": {
      "conditions": {
        "items": [
          {
            "items": [
              "jcraft:meteorite_iron_ore_block"
            ]
          }
        ]
      },
      "trigger": "minecraft:inventory_changed"
    }
  },
  "display": {
    "announce_to_chat": false,
    "background": "jcraft:textures/block/foolish_sand_block.png",
    "description": {
      "text": "Obtain Meteorite Iron Ore"
    },
    "frame": "task",
    "hidden": false,
    "icon": {
      "item": "jcraft:meteorite_iron_ore_block"
    },
    "show_toast": true,
    "title": {
      "text": "On the Precipice of Greatness"
    }
  },
  "requirements": [
    [
      "has_ore"
    ]
  ],
  "sends_telemetry_event": true
}