{
  "aerial_variant": {
    "anim_state": "LIGHT_AIR",
    "class": "LIGHT",
    "cooldown_type": "STAND_LIGHT",
    "move": {
      "type": "jcraft:shared_simple_attack",
      "attack_extras": {
        "backstab": true,
        "block_stun": 9,
        "hit_animation": "MID",
        "hit_spark": "HIT_SPARK_1"
      },
      "cooldown": 20,
      "damage": 5.0,
      "duration": 11,
      "extras": {
        "actions": [
          {
            "type": "jcraft:play_sound",
            "on_impact": true,
            "sound": "jcraft:impact3"
          }
        ],
        "description": {
          "text": "quick combo starter, meant for air-to-ground"
        },
        "name": {
          "text": "Downward Claw"
        }
      },
      "hitbox_size": 1.5,
      "knockback": 0.25,
      "move_distance": 0.75,
      "offset": 0.5,
      "stun": 12,
      "windup": 6
    }
  },
  "anim_state": "LIGHT",
  "class": "LIGHT",
  "cooldown_type": "STAND_LIGHT",
  "crouching_variant": {
    "anim_state": "LIGHT_LOW",
    "class": "LIGHT",
    "cooldown_type": "STAND_LIGHT",
    "move": {
      "type": "jcraft:shared_simple_attack",
      "attack_extras": {
        "backstab": true,
        "block_stun": 8,
        "hit_animation": "LOW",
        "hit_spark": "HIT_SPARK_1"
      },
      "cooldown": 20,
      "damage": 4.0,
      "duration": 9,
      "extras": {
        "actions": [
          {
            "type": "jcraft:play_sound",
            "on_impact": true,
            "sound": "jcraft:impact9"
          }
        ],
        "description": {
          "text": "faster and further hitting than standing, but doesn't combo into anything"
        },
        "name": {
          "text": "Low Claw"
        }
      },
      "hitbox_size": 1.25,
      "knockback": 0.25,
      "move_distance": 0.95,
      "offset": 0.5,
      "stun": 8,
      "windup": 5
    }
  },
  "followup": {
    "anim_state": "LIGHT_FOLLOWUP",
    "class": "LIGHT",
    "cooldown_type": "STAND_LIGHT",
    "crouching_variant": {
      "anim_state": "IMPALE",
      "class": "LIGHT",
      "cooldown_type": "STAND_LIGHT",
      "move": {
        "type": "jcraft:shared_simple_attack",
        "attack_extras": {
          "backstab": true,
          "block_stun": 25,
          "hit_animation": "CRUSH",
          "hit_spark": "HIT_SPARK_2"
        },
        "cooldown": 0,
        "damage": 7.0,
        "duration": 25,
        "extras": {
          "actions": [
            {
              "type": "jcraft:play_sound",
              "on_impact": true,
              "sound": "jcraft:impact9"
            }
          ],
          "description": {
            "text": "slow reset tool, high stun and blockstun"
          },
          "name": {
            "text": "Impale"
          }
        },
        "hitbox_size": 1.85,
        "knockback": 1.5,
        "move_distance": 0.75,
        "offset": 0.2,
        "stun": 25,
        "windup": 15
      }
    },
    "move": {
      "type": "jcraft:shared_simple_attack",
      "attack_extras": {
        "backstab": true,
        "block_stun": 4,
        "hit_animation": "LAUNCH",
        "hit_spark": "HIT_SPARK_2",
        "override_stun": true,
        "shockwaves": true,
        "stun_type": "LAUNCH"
      },
      "cooldown": 0,
      "damage": 6.0,
      "duration": 13,
      "extras": {
        "actions": [
          {
            "type": "jcraft:play_sound",
            "on_impact": true,
            "sound": "jcraft:impact3"
          }
        ],
        "description": {
          "text": "quick combo finisher"
        },
        "name": {
          "text": "Finisher"
        }
      },
      "hitbox_size": 1.5,
      "knockback": 1.0,
      "move_distance": 0.75,
      "offset": 0.2,
      "stun": 10,
      "windup": 9
    }
  },
  "move": {
    "type": "jcraft:shared_simple_attack",
    "attack_extras": {
      "backstab": true,
      "block_stun": 9,
      "hit_animation": "MID",
      "hit_spark": "HIT_SPARK_1"
    },
    "cooldown": 20,
    "damage": 5.0,
    "duration": 11,
    "extras": {
      "actions": [
        {
          "type": "jcraft:play_sound",
          "on_impact": true,
          "sound": "jcraft:impact3"
        }
      ],
      "description": {
        "text": "quick combo starter, has a standing and crouching followup"
      },
      "name": {
        "text": "Slash"
      }
    },
    "hitbox_size": 1.5,
    "knockback": 0.2,
    "move_distance": 0.75,
    "offset": 0.0,
    "stun": 12,
    "windup": 6
  }
}