{
  "anim_state": "LIGHT",
  "class": "LIGHT",
  "cooldown_type": "STAND_LIGHT",
  "crouching_variant": {
    "anim_state": "CROUCHING_LIGHT",
    "class": "LIGHT",
    "cooldown_type": "STAND_LIGHT",
    "followup": {
      "anim_state": "CROUCHING_LIGHT_FOLLOWUP",
      "class": "LIGHT",
      "cooldown_type": "STAND_LIGHT",
      "move": {
        "type": "jcraft:thehand_stomp2",
        "attack_extras": {
          "backstab": true,
          "block_stun": 10,
          "extra_hit_boxes": [
            {
              "size": 1.0
            }
          ],
          "hit_animation": "CRUSH",
          "hit_spark": "HIT_SPARK_2"
        },
        "cooldown": 0,
        "damage": 6.0,
        "duration": 20,
        "extras": {
          "actions": [
            {
              "type": "jcraft:play_sound",
              "on_impact": true,
              "sound": "jcraft:impact1"
            },
            {
              "type": "jcraft:play_sound",
              "on_impact": true,
              "sound": "jcraft:impact2"
            }
          ],
          "description": {
            "text": "Lifts knocked down enemies off the ground."
          },
          "name": {
            "text": "Stomp (Second Hit)"
          }
        },
        "hitbox_size": 1.75,
        "knockback": 0.3,
        "move_distance": 0.6,
        "offset": 0.4,
        "strength": -0.3,
        "stun": 15,
        "windup": 13
      }
    },
    "move": {
      "type": "jcraft:shared_simple_attack",
      "attack_extras": {
        "backstab": true,
        "block_stun": 12,
        "hit_animation": "LOW",
        "hit_spark": "HIT_SPARK_1"
      },
      "cooldown": 40,
      "damage": 5.0,
      "duration": 14,
      "extras": {
        "actions": [
          {
            "type": "jcraft:play_sound",
            "on_impact": true,
            "sound": "jcraft:impact1"
          }
        ],
        "description": {
          "text": "Relatively quick combo starter.\nShorter range.\nHigh blockstun."
        },
        "name": {
          "text": "Stomp"
        }
      },
      "hitbox_size": 1.5,
      "knockback": 0.25,
      "move_distance": 0.5,
      "offset": 0.4,
      "stun": 15,
      "windup": 9
    }
  },
  "followup": {
    "anim_state": "LIGHT_FOLLOWUP",
    "class": "LIGHT",
    "cooldown_type": "STAND_LIGHT",
    "move": {
      "type": "jcraft:shared_simple_uppercut_attack",
      "attack_extras": {
        "backstab": true,
        "block_stun": 4,
        "extra_hit_boxes": [
          {
            "size": 1.0
          }
        ],
        "hit_animation": "MID",
        "hit_spark": "HIT_SPARK_2"
      },
      "cooldown": 0,
      "damage": 6.0,
      "duration": 14,
      "extras": {
        "actions": [
          {
            "type": "jcraft:play_sound",
            "on_impact": true,
            "sound": "jcraft:impact1"
          }
        ],
        "name": {
          "text": "Gut Punch"
        }
      },
      "hitbox_size": 1.6,
      "knockback": 0.3,
      "move_distance": 0.75,
      "offset": -0.1,
      "strength": 0.3,
      "stun": 8,
      "windup": 9
    }
  },
  "move": {
    "type": "jcraft:shared_simple_attack",
    "attack_extras": {
      "backstab": true,
      "block_stun": 8,
      "hit_animation": "HIGH",
      "hit_spark": "HIT_SPARK_1"
    },
    "cooldown": 20,
    "damage": 4.0,
    "duration": 10,
    "extras": {
      "actions": [
        {
          "type": "jcraft:play_sound",
          "on_impact": true,
          "sound": "jcraft:impact6"
        }
      ],
      "description": {
        "text": "Relatively quick combo starter."
      },
      "name": {
        "text": "Punch"
      }
    },
    "hitbox_size": 1.5,
    "knockback": 0.25,
    "move_distance": 0.75,
    "offset": -0.1,
    "stun": 12,
    "windup": 5
  }
}