{
  "anim_state": "DONUT",
  "class": "HEAVY",
  "cooldown_type": "STAND_HEAVY",
  "move": {
    "type": "jcraft:theworld_donut_attack",
    "attack_extras": {
      "backstab": true,
      "block_stun": 13,
      "extra_hit_boxes": [
        {
          "size": 1.5
        }
      ],
      "hit_animation": "LAUNCH",
      "hit_spark": "HIT_SPARK_3",
      "override_stun": true,
      "shockwaves": true,
      "stun_type": "LAUNCH"
    },
    "cooldown": 220,
    "damage": 9.0,
    "duration": 42,
    "extras": {
      "actions": [
        {
          "type": "jcraft:play_sound",
          "on_impact": true,
          "sound": "jcraft:twdonuthit"
        }
      ],
      "armor": 2147483647,
      "description": {
        "text": "slow, uninterruptible combo starter/extender, 1.5s stun on whiff"
      },
      "init_actions": [
        {
          "type": "jcraft:play_sound",
          "sound": "jcraft:twdonut"
        }
      ],
      "name": {
        "text": "Donut"
      }
    },
    "hitbox_size": 2.0,
    "knockback": 1.0,
    "move_distance": 1.0,
    "offset": 0.0,
    "stun": 52,
    "windup": 20
  }
}