{
  "anim_state": "DESTROY",
  "class": "SPECIAL3",
  "cooldown_type": "STAND_SP3",
  "crouching_variant": {
    "anim_state": "CHARGE",
    "class": "SPECIAL3",
    "cooldown_type": "STAND_SP3",
    "move": {
      "type": "jcraft:shared_charge_barrage_attack",
      "attack_extras": {
        "backstab": true,
        "block_stun": 3,
        "blockable_type": "NON_BLOCKABLE",
        "hit_animation": "LAUNCH",
        "override_stun": true,
        "stun_type": "LAUNCH"
      },
      "cooldown": 200,
      "damage": 2.0,
      "duration": 30,
      "extras": {
        "actions": [
          {
            "type": "jcraft:effect",
            "effects": [
              {
                "ambient": true,
                "amplifier": 0,
                "duration": 25,
                "effect": "jcraft:knockdown",
                "show_icon": false,
                "visible": false
              }
            ]
          },
          {
            "type": "jcraft:play_sound",
            "on_impact": true,
            "sound": "jcraft:impact5"
          }
        ],
        "description": {
          "text": "4 block range, unblockable knockdown"
        },
        "name": {
          "text": "Charge"
        },
        "ranged": true
      },
      "hitbox_size": 1.5,
      "interval": 3,
      "knockback": 0.5,
      "move_distance": 4.0,
      "offset": 0.0,
      "quadratic_movement": false,
      "stun": 10,
      "windup": 15
    }
  },
  "move": {
    "type": "jcraft:cream_destroy_attack",
    "attack_extras": {
      "backstab": true,
      "block_stun": 12,
      "blockable_type": "NON_BLOCKABLE",
      "hit_animation": "LAUNCH",
      "hit_spark": "HIT_SPARK_3",
      "override_stun": true,
      "shockwaves": true,
      "stun_type": "LAUNCH"
    },
    "cooldown": 320,
    "damage": 8.0,
    "duration": 30,
    "extras": {
      "actions": [
        {
          "type": "jcraft:play_sound",
          "on_impact": true,
          "sound": "jcraft:impact5"
        }
      ],
      "armor": 2147483647,
      "description": {
        "text": "slow, uninterruptible, unblockable knockdown"
      },
      "init_actions": [
        {
          "type": "jcraft:play_sound",
          "sound": "jcraft:creamoverhead"
        }
      ],
      "name": {
        "text": "Destroy"
      }
    },
    "hitbox_size": 2.0,
    "knockback": 1.25,
    "knockdown_duration": 35,
    "move_distance": 1.0,
    "offset": 0.0,
    "stun": 5,
    "windup": 21
  }
}