{
  "anim_state": "SENDOFF",
  "class": "HEAVY",
  "cooldown_type": "STAND_HEAVY",
  "move": {
    "type": "jcraft:shared_simple_attack",
    "attack_extras": {
      "backstab": true,
      "block_stun": 12,
      "hit_animation": "CRUSH",
      "hit_spark": "HIT_SPARK_3",
      "override_stun": true,
      "shockwaves": true,
      "stun_type": "LAUNCH"
    },
    "cooldown": 180,
    "damage": 8.0,
    "duration": 20,
    "extras": {
      "actions": [
        {
          "type": "jcraft:play_sound",
          "on_impact": true,
          "sound": "jcraft:impact1"
        }
      ],
      "armor": 2147483647,
      "description": {
        "text": "uninterruptible launcher"
      },
      "init_actions": [
        {
          "type": "jcraft:play_sound",
          "sound": "jcraft:wsdonut"
        }
      ],
      "name": {
        "text": "Sendoff"
      }
    },
    "hitbox_size": 2.0,
    "knockback": 1.5,
    "move_distance": 1.0,
    "offset": 0.0,
    "stun": 16,
    "windup": 11
  }
}