{
  "anim_state": "PREDICT",
  "class": "SPECIAL3",
  "cooldown_type": "STAND_SP3",
  "crouching_variant": {
    "anim_state": "EPITAPH",
    "class": "SPECIAL3",
    "cooldown_type": "STAND_SP3",
    "move": {
      "type": "jcraft:kingcrimson_epitaph_attack",
      "cooldown": 480,
      "duration": 34,
      "extras": {
        "description": {
          "text": "0.2s windup, 1.5s counter, combo starter. Cannot be buffered."
        },
        "name": {
          "text": "Epitaph"
        }
      },
      "move_distance": -1.0,
      "windup": 4
    }
  },
  "move": {
    "type": "jcraft:kingcrimson_prediction_move",
    "cooldown": 600,
    "duration": 104,
    "extras": {
      "description": {
        "text": "This move cannot be buffered.\nShows the projected future location of nearby entities, using Time Erase will force them to the projected locations. (20s TE cooldown)\nWhile predicting, you are slowed down.\nMove Cancel - Using Special 3 during any move cancels it and puts Time Erase on a 7s cooldown. (But does not require TE to be usable)"
      },
      "init_actions": [
        {
          "type": "jcraft:play_sound",
          "sound": "jcraft:kcepitaph"
        }
      ],
      "name": {
        "text": "Prediction/Move Cancel"
      }
    },
    "move_distance": -1.0,
    "windup": 4
  }
}