{
  "anim_state": "P_CHARGE",
  "class": "SPECIAL2",
  "cooldown_type": "STAND_SP2",
  "move": {
    "type": "jcraft:silverchariot_sc_charge_attack",
    "attack_extras": {
      "block_stun": 9,
      "hit_animation": "MID",
      "hit_spark": "HIT_SPARK_1"
    },
    "cooldown": 280,
    "damage": 5.0,
    "duration": 19,
    "extras": {
      "description": {
        "text": "Silver Chariot detaches from the user and charges in the looked direction, combo starter/extender"
      },
      "init_actions": [
        {
          "type": "jcraft:play_sound",
          "sound": "jcraft:scsummon"
        }
      ],
      "name": {
        "text": "Shooting Star"
      },
      "ranged": true
    },
    "hitbox_size": 1.5,
    "knockback": 0.25,
    "move_distance": 8.0,
    "offset": 0.0,
    "stun": 17,
    "windup": 5
  }
}