{
  "anim_state": "DONUT",
  "class": "HEAVY",
  "cooldown_type": "STAND_HEAVY",
  "move": {
    "type": "jcraft:shared_simple_attack",
    "attack_extras": {
      "backstab": true,
      "block_stun": 4,
      "hit_animation": "CRUSH",
      "hit_spark": "HIT_SPARK_3"
    },
    "cooldown": 200,
    "damage": 8.5,
    "duration": 32,
    "extras": {
      "actions": [
        {
          "type": "jcraft:play_sound",
          "on_impact": true,
          "sound": "jcraft:impact7"
        }
      ],
      "armor": 2147483647,
      "description": {
        "text": "feigns stand desummon, uninterruptible combo starter"
      },
      "init_actions": [
        {
          "type": "jcraft:play_sound",
          "sound": "jcraft:desummon"
        }
      ],
      "name": {
        "text": "Roundabout Donut"
      }
    },
    "hitbox_size": 2.0,
    "knockback": -0.2,
    "move_distance": 0.75,
    "offset": 0.2,
    "stun": 40,
    "windup": 26
  }
}