{
  "display": {
    "flash": {
      "size": 0.8,
      "yOffset": 2.9,
      "zOffset": -8.41
    }
  },
  "general": {
    "alwaysSpread": true,
    "fireMode": "jeg:automatic",
    "gripType": "jeg:two_handed",
    "rate": 4,
    "recoilAngle": 3.0,
    "recoilKick": 0.25,
    "spread": 3.0
  },
  "modules": {
    "attachments": {
      "magazine": {
        "scale": 0.0
      },
      "scope": {
        "scale": 1.5,
        "yOffset": 4.3,
        "zOffset": 4.0
      }
    },
    "zoom": {
      "fovModifier": 0.6,
      "yOffset": 4.9,
      "zOffset": 2.75
    }
  },
  "projectile": {
    "advantage": "jeg:very_heavy",
    "damage": 9.5,
    "ejectsCasing": true,
    "headshotMultiplier": 1.5,
    "item": "jeg:rifle_ammo",
    "life": 80,
    "size": 0.05,
    "speed": 26.0,
    "trailLengthMultiplier": 2.0
  },
  "reloads": {
    "emptyMagTimer": 10,
    "maxAmmo": 40,
    "reloadTimer": 30,
    "reloadType": "jeg:mag_fed"
  },
  "sounds": {
    "cock": "mteg:item.akm.cock",
    "fire": "mteg:item.akm.fire",
    "reload": "jeg:item.pistol.reload"
  }
}