{
  "display": {
    "flash": {
      "size": 0.8,
      "yOffset": 3.5,
      "zOffset": -6.0
    }
  },
  "general": {
    "alwaysSpread": true,
    "burstAmount": 3,
    "fireMode": "jeg:burst",
    "gripType": "jeg:two_handed",
    "rate": 2,
    "recoilAngle": 2.0,
    "recoilKick": 0.15,
    "spread": 2.0
  },
  "modules": {
    "attachments": {
      "magazine": {
        "scale": 0.0
      },
      "scope": {
        "scale": 1.5,
        "yOffset": 5.4,
        "zOffset": 4.0
      },
      "underBarrel": {
        "scale": 1.5,
        "yOffset": 1.6,
        "zOffset": 1.2
      }
    },
    "zoom": {
      "fovModifier": 0.6,
      "yOffset": 5.8,
      "zOffset": 2.75
    }
  },
  "projectile": {
    "advantage": "jeg:heavy",
    "damage": 8.0,
    "ejectsCasing": true,
    "headshotMultiplier": 1.5,
    "item": "jeg:rifle_ammo",
    "life": 80,
    "size": 0.05,
    "speed": 16.0,
    "trailLengthMultiplier": 2.0
  },
  "reloads": {
    "emptyMagTimer": 10,
    "maxAmmo": 25,
    "reloadTimer": 30,
    "reloadType": "jeg:mag_fed"
  },
  "sounds": {
    "cock": "mteg:item.famas.cock",
    "fire": "mteg:item.famas.fire",
    "reload": "jeg:item.pistol.reload"
  }
}