{
  "display": {
    "flash": {
      "size": 1.0,
      "yOffset": 2.9,
      "zOffset": -8.41
    }
  },
  "general": {
    "alwaysSpread": true,
    "fireMode": "jeg:automatic",
    "gripType": "jeg:two_handed",
    "rate": 2,
    "recoilAngle": 4.0,
    "recoilKick": 0.25,
    "spread": 6.0
  },
  "modules": {
    "attachments": {
      "stock": {
        "scale": 0.0
      },
      "underBarrel": {
        "scale": 0.0,
        "yOffset": 1.0,
        "zOffset": -1.0
      }
    },
    "zoom": {
      "fovModifier": 0.6,
      "yOffset": 5.8,
      "zOffset": 2.75
    }
  },
  "projectile": {
    "advantage": "jeg:none",
    "damage": 3.0,
    "headshotMultiplier": 1.5,
    "item": "mteg:taki",
    "life": 100,
    "size": 0.05,
    "speed": 7.0,
    "trailLengthMultiplier": 2.0,
    "trailColor": -256
  },
  "reloads": {
    "emptyMagTimer": 20,
    "maxAmmo": 18,
    "reloadTimer": 30,
    "reloadType": "jeg:mag_fed"
  },
  "sounds": {
    "cock": "mteg:item.m16a1.cock",
    "fire": "mteg:item.hellfire.fire",
    "reload": "jeg:item.pistol.reload"
  }
}