{
  "display": {
    "flash": {
      "size": 0.8,
      "yOffset": 2.9,
      "zOffset": -11.41
    }
  },
  "general": {
    "fireMode": "jeg:semi_automatic",
    "gripType": "jeg:two_handed",
    "rate": 8,
    "recoilAngle": 4.0,
    "recoilKick": 0.35,
    "spread": 1.8
  },
  "modules": {
    "attachments": {
      "magazine": {
        "scale": 0.0
      }
    },
    "zoom": {
      "fovModifier": 0.6,
      "yOffset": 3.85,
      "zOffset": 2.75
    }
  },
  "projectile": {
    "advantage": "jeg:very_heavy",
    "damage": 15.0,
    "headshotMultiplier": 1.5,
    "item": "jeg:rifle_ammo",
    "life": 80,
    "size": 0.05,
    "speed": 20.0,
    "trailLengthMultiplier": 2.0
  },
  "reloads": {
    "emptyMagTimer": 10,
    "maxAmmo": 20,
    "reloadTimer": 30,
    "reloadType": "jeg:mag_fed"
  },
  "sounds": {
    "cock": "mteg:item.m1_garand.cock",
    "fire": "mteg:item.m1_garand.fire",
    "reload": "jeg:item.pistol.reload"
  }
}