{
  "display": {
    "flash": {
      "size": 1.0,
      "yOffset": 3.0,
      "zOffset": 0.5
    }
  },
  "general": {
    "alwaysSpread": true,
    "fireMode": "jeg:automatic",
    "gripType": "jeg:one_handed",
    "rate": 1,
    "recoilAngle": 7.0,
    "recoilKick": 0.3,
    "spread": 5.0
  },
  "modules": {
    "zoom": {
      "fovModifier": 0.7,
      "yOffset": 4.2,
      "zOffset": 1.75
    }
  },
  "projectile": {
    "advantage": "jeg:none",
    "damage": 3.0,
    "headshotMultiplier": 1.5,
    "item": "jeg:pistol_ammo",
    "life": 30,
    "size": 0.2,
    "speed": 5.0,
    "trailColor": 16765577,
    "trailLengthMultiplier": 2.0
  },
  "reloads": {
    "emptyMagTimer": 10,
    "maxAmmo": 20,
    "reloadTimer": 30,
    "reloadType": "jeg:mag_fed"
  },
  "sounds": {
    "cock": "mteg:item.mp5.cock",
    "fire": "mteg:item.uzi.fire",
    "reload": "jeg:item.pistol.reload"
  }
}