{
  "display": {
    "flash": {
      "size": 0.8,
      "yOffset": 4.0,
      "zOffset": -13.0
    }
  },
  "general": {
    "alwaysSpread": true,
    "fireMode": "jeg:semi_automatic",
    "gripType": "jeg:two_handed",
    "projectileAmount": 8,
    "rate": 17,
    "recoilAngle": 12.0,
    "recoilKick": 0.25,
    "spread": 8.0
  },
  "modules": {
    "attachments": {
      "scope": {
        "scale": 1.5,
        "yOffset": 4.0,
        "zOffset": 4.0
      }
    },
    "zoom": {
      "fovModifier": 0.6,
      "yOffset": 4.4,
      "zOffset": 2.75
    }
  },
  "projectile": {
    "advantage": "jeg:none",
    "damage": 22.0,
    "ejectsCasing": true,
    "headshotMultiplier": 1.5,
    "item": "jeg:shotgun_shell",
    "life": 8,
    "size": 0.05,
    "speed": 20.0,
    "trailLengthMultiplier": 2.0,
    "trailColor": -256
  },
  "reloads": {
    "emptyMagTimer": 5,
    "maxAmmo": 8,
    "reloadTimer": 20,
    "reloadType": "jeg:manual"
  },
  "sounds": {
    "cock": "mteg:item.mossberg_590.cock",
    "fire": "mteg:item.mossberg_590.fire",
    "reload": "jeg:item.pistol.reload"
  }
}