{
  "display": {
    "flash": {
      "size": 0.8,
      "yOffset": 3.6,
      "zOffset": -6.41
    }
  },
  "general": {
    "alwaysSpread": true,
    "fireMode": "jeg:automatic",
    "gripType": "jeg:two_handed",
    "rate": 2,
    "recoilAngle": 3.0,
    "recoilKick": 0.15,
    "spread": 3.0
  },
  "modules": {
    "attachments": {
      "underBarrel": {
        "scale": 0.0
      }
    },
    "zoom": {
      "fovModifier": 0.6,
      "yOffset": 4.65,
      "zOffset": 2.75
    }
  },
  "projectile": {
    "advantage": "jeg:none",
    "damage": 6.0,
    "ejectsCasing": true,
    "headshotMultiplier": 1.5,
    "item": "jeg:pistol_ammo",
    "life": 80,
    "size": 0.05,
    "speed": 16.0,
    "trailLengthMultiplier": 2.0,
    "trailColor": -256
  },
  "reloads": {
    "emptyMagTimer": 10,
    "maxAmmo": 20,
    "reloadTimer": 30,
    "reloadType": "jeg:mag_fed"
  },
  "sounds": {
    "cock": "mteg:item.thompson.cock",
    "fire": "mteg:item.thompson.fire",
    "reload": "jeg:item.pistol.reload"
  }
}