{
  "anim_state": "HAMMER",
  "class": "HEAVY",
  "cooldown_type": "STAND_HEAVY",
  "crouching_variant": {
    "anim_state": "HEAVY",
    "class": "HEAVY",
    "cooldown_type": "STAND_HEAVY",
    "move": {
      "type": "jcraft:shared_knockdown_attack",
      "attack_extras": {
        "backstab": true,
        "block_stun": 11,
        "hit_animation": "MID",
        "hit_spark": "HIT_SPARK_1"
      },
      "cooldown": 100,
      "damage": 7.0,
      "duration": 22,
      "extras": {
        "actions": [
          {
            "type": "jcraft:play_sound",
            "on_impact": true,
            "sound": "jcraft:twkickhit"
          }
        ],
        "description": {
          "text": "medium windup knockdown"
        },
        "init_actions": [
          {
            "type": "jcraft:play_sound",
            "sound": "jcraft:mrheavy"
          }
        ],
        "name": {
          "text": "Low Kick"
        }
      },
      "hitbox_size": 1.75,
      "knockback": 0.5,
      "knockdown_duration": 40,
      "move_distance": 1.0,
      "offset": 0.6,
      "stun": 10,
      "windup": 12
    }
  },
  "move": {
    "type": "jcraft:shared_simple_attack",
    "attack_extras": {
      "backstab": true,
      "block_stun": 7,
      "hit_animation": "CRUSH",
      "hit_spark": "HIT_SPARK_1"
    },
    "cooldown": 100,
    "damage": 3.0,
    "duration": 20,
    "extras": {
      "actions": [
        {
          "type": "jcraft:play_sound",
          "on_impact": true,
          "sound": "jcraft:impact1"
        }
      ],
      "description": {
        "text": "two-hit launcher"
      },
      "finisher": {
        "move": {
          "type": "jcraft:shared_simple_attack",
          "attack_extras": {
            "backstab": true,
            "block_stun": 10,
            "hit_animation": "LAUNCH",
            "hit_spark": "HIT_SPARK_3",
            "override_stun": true,
            "shockwaves": true,
            "stun_type": "LAUNCH"
          },
          "cooldown": 0,
          "damage": 6.0,
          "duration": 5,
          "extras": {
            "actions": [
              {
                "type": "jcraft:play_sound",
                "sound": "minecraft:item.firecharge.use"
              }
            ],
            "description": {
              "text": "launcher"
            },
            "name": {
              "text": "Hammerfist Flare"
            }
          },
          "hitbox_size": 1.75,
          "knockback": 1.5,
          "move_distance": 1.0,
          "offset": -0.2,
          "stun": 10,
          "windup": 1
        },
        "tick": 15
      },
      "init_actions": [
        {
          "type": "jcraft:play_sound",
          "sound": "jcraft:mrcrossfire"
        }
      ],
      "name": {
        "text": "Hammerfist"
      }
    },
    "hitbox_size": 1.75,
    "knockback": 0.2,
    "move_distance": 1.0,
    "offset": 0.0,
    "stun": 13,
    "windup": 10
  }
}