{
	"entity": "endermanoverhaul:end_islands_enderman",
	"weight": 25,
	"quality": 1,
	"size": {
		"width": 0.4,
		"height": 0.3
	},
	"valid_gear_sets": [
		"#the_end"
	],
	"dimensions": [
		"minecraft:the_end"
	],
	"min_rarity": "epic",
	"max_rarity": "mythic",
	"stats": {
		"mythic": {
			"enchant_chance": 0.85,
			"enchantment_levels": [32, 25, 60, 50],
			"effects": [{
				"effect": "minecraft:fire_resistance",
				"chance": 1.0
			}],
			"attribute_modifiers": [{
					"attribute": "minecraft:generic.max_health",
					"operation": "ADDITION",
					"value": {
						"min": 80,
						"steps": 60,
						"step": 2
					}
				},
				{
					"attribute": "minecraft:generic.movement_speed",
					"operation": "MULTIPLY_BASE",
					"value": {
						"min": 0.50,
						"steps": 35,
						"step": 0.01
					}
				},
				{
					"attribute": "minecraft:generic.attack_damage",
					"operation": "MULTIPLY_BASE",
					"value": {
						"min": 0.9,
						"steps": 35,
						"step": 0.01
					}
				},
				{
					"attribute": "minecraft:generic.knockback_resistance",
					"operation": "ADDITION",
					"value": 0.35
				}
			]
		},
		"epic": {
			"enchant_chance": 0.85,
			"enchantment_levels": [32, 25, 60, 50],
			"effects": [{
				"effect": "minecraft:fire_resistance",
				"chance": 1.0
			}],
			"attribute_modifiers": [{
					"attribute": "minecraft:generic.max_health",
					"operation": "ADDITION",
					"value": {
						"min": 80,
						"steps": 60,
						"step": 2
					}
				},
				{
					"attribute": "minecraft:generic.movement_speed",
					"operation": "MULTIPLY_BASE",
					"value": {
						"min": 0.50,
						"steps": 35,
						"step": 0.01
					}
				},
				{
					"attribute": "minecraft:generic.attack_damage",
					"operation": "MULTIPLY_BASE",
					"value": {
						"min": 0.9,
						"steps": 35,
						"step": 0.01
					}
				},
				{
					"attribute": "minecraft:generic.knockback_resistance",
					"operation": "ADDITION",
					"value": 0.35
				}
			]
		}
	}
}