{
  "feature": "born_in_chaos_v1:dark_metal_deposit",
  "placement": [
    {
      "type": "minecraft:count",
      "count": 3
    },
    {
      "type": "minecraft:in_square"
    },
    {
      "type": "minecraft:height_range",
      "height": {
        "type": "minecraft:uniform",
        "min_inclusive": {
          "absolute": -30
        },
        "max_inclusive": {
          "absolute": 10
        }
      }
    },
    {
      "type": "minecraft:biome"
    }
  ]
}