{
  "anim_state": "CROSSFIRE",
  "class": "SPECIAL1",
  "cooldown_type": "STAND_SP1",
  "move": {
    "type": "jcraft:magiciansred_crossfire_attack",
    "cooldown": 100,
    "duration": 10,
    "extras": {
      "description": {
        "text": "fires 3 stunning ankhs"
      },
      "init_actions": [
        {
          "type": "jcraft:play_sound",
          "sound": "jcraft:mrcrossfire"
        }
      ],
      "name": {
        "text": "Crossfire"
      },
      "ranged": true
    },
    "move_distance": 0.75,
    "windup": 8
  }
}