{
  "anim_state": "SPACE_RIPPER_CHARGE",
  "class": "SPECIAL1",
  "cooldown_type": "SPECIAL1",
  "followup": {
    "anim_state": "SPACE_RIPPERS",
    "class": "SPECIAL1",
    "cooldown_type": "SPECIAL1",
    "move": {
      "type": "jcraft:vampire_space_ripper_attack",
      "cooldown": 300,
      "duration": 10,
      "extras": {
        "name": {
          "text": "Space Ripper Stingy Eyes (Fire)"
        },
        "ranged": true
      },
      "move_distance": 1.0,
      "windup": 1
    }
  },
  "move": {
    "type": "jcraft:shared_simple_holdable_move",
    "cooldown": 300,
    "duration": 32,
    "extras": {
      "description": {
        "text": "Chargeable laser beam attack.\nLaser velocity depends on charge time.\nAfter charging for 1.2s, becomes unblockable.\n"
      },
      "init_actions": [
        {
          "type": "jcraft:play_sound",
          "sound": "jcraft:vampirelaser"
        }
      ],
      "is_holdable": true,
      "name": {
        "text": "Space Ripper Stingy Eyes"
      }
    },
    "minimum_charge": 14,
    "move_distance": 1.0,
    "windup": 0
  }
}