{
	"entity": "born_in_chaos_v1:zombie_bruiser",
	"weight": 15,
	"quality": 2,
	"size": {
		"width": 0.6,
		"height": 1.95
	},
	"valid_gear_sets": [
		"#overworld"
	],
	"dimensions": [
		"minecraft:overworld"
	],
	"min_rarity": "uncommon",
	"max_rarity": "rare",
	"stats": {
		"uncommon": {
			"enchant_chance": 0.25,
			"enchantment_levels": [12, 8, 20, 14],
			"effects": [{
				"effect": "minecraft:fire_resistance",
				"chance": 1.0
			}],
			"attribute_modifiers": [{
					"attribute": "minecraft:generic.max_health",
					"operation": "ADDITION",
					"value": {
						"min": 40,
						"steps": 4,
						"step": 10
					}
				},
				{
					"attribute": "minecraft:generic.movement_speed",
					"operation": "MULTIPLY_BASE",
					"value": {
						"min": 0.15,
						"steps": 5,
						"step": 0.01
					}
				},
				{
					"attribute": "minecraft:generic.attack_damage",
					"operation": "MULTIPLY_BASE",
					"value": {
						"min": 0.2,
						"steps": 20,
						"step": 0.01
					}
				},
				{
					"attribute": "minecraft:generic.knockback_resistance",
					"operation": "ADDITION",
					"value": 0.3
				}
			]
		},
		"rare": {
			"enchant_chance": 0.35,
			"enchantment_levels": [15, 10, 23, 17],
			"effects": [{
				"effect": "minecraft:fire_resistance",
				"chance": 1.0
			}],
			"attribute_modifiers": [{
					"attribute": "minecraft:generic.max_health",
					"operation": "ADDITION",
					"value": {
						"min": 60,
						"steps": 5,
						"step": 10
					}
				},
				{
					"attribute": "minecraft:generic.movement_speed",
					"operation": "MULTIPLY_BASE",
					"value": {
						"min": 0.15,
						"steps": 10,
						"step": 0.01
					}
				},
				{
					"attribute": "minecraft:generic.attack_damage",
					"operation": "MULTIPLY_BASE",
					"value": {
						"min": 0.25,
						"steps": 25,
						"step": 0.01
					}
				},
				{
					"attribute": "minecraft:generic.knockback_resistance",
					"operation": "ADDITION",
					"value": 0.4
				}
			]
		}
	}
}