{
	"entity": "mutantmonsters:mutant_zombie",
	"weight": 20,
	"quality": 2,
	"size": {
		"width": 0.6,
		"height": 1.99
	},
	"dimensions": [
		"minecraft:overworld"
	],
	"valid_gear_sets": [
		"#overworld"
	],
	"min_rarity": "rare",
	"max_rarity": "rare",
	"stats": {
		"rare": {
			"enchant_chance": 0.35,
			"enchantment_levels": [17, 12, 25, 18],
			"effects": [{
				"effect": "minecraft:fire_resistance",
				"chance": 1.0
			}],
			"attribute_modifiers": [{
					"attribute": "minecraft:generic.max_health",
					"operation": "ADDITION",
					"value": {
						"min": 45,
						"steps": 30,
						"step": 2
					}
				},
				{
					"attribute": "minecraft:generic.movement_speed",
					"operation": "MULTIPLY_BASE",
					"value": {
						"min": 0.10,
						"steps": 10,
						"step": 0.01
					}
				},
				{
					"attribute": "attributeslib:arrow_damage",
					"operation": "MULTIPLY_BASE",
					"value": {
						"min": 0.3,
						"steps": 25,
						"step": 0.01
					}
				},
				{
					"attribute": "minecraft:generic.knockback_resistance",
					"operation": "ADDITION",
					"value": 0.35
				}
			]
		}
	}
}