{
  "anim_state": "SPEED_SLICE",
  "class": "UTILITY",
  "cooldown_type": "UTILITY",
  "move": {
    "type": "jcraft:madeinheaven_speed_slice_attack",
    "cooldown": 300,
    "damage": 6.0,
    "duration": 11,
    "extras": {
      "description": {
        "text": "short windup, harming teleport with hitstun and light knockback"
      },
      "init_actions": [
        {
          "type": "jcraft:play_sound",
          "sound": "jcraft:mihspeedslice"
        }
      ],
      "mobility_type": "TELEPORT",
      "name": {
        "text": "Speed Slice"
      },
      "ranged": true
    },
    "hitbox_size": 1.5,
    "knockback": 1.0,
    "move_distance": 1.25,
    "windup": 10
  }
}