{
  "anim_state": "DONUT",
  "class": "SPECIAL2",
  "cooldown_type": "STAND_SP2",
  "move": {
    "type": "jcraft:kingcrimson_kc_donut_attack",
    "attack_extras": {
      "backstab": true,
      "block_stun": 18,
      "hit_animation": "LAUNCH",
      "hit_spark": "HIT_SPARK_3",
      "override_stun": true,
      "shockwaves": true,
      "stun_type": "LAUNCH"
    },
    "cooldown": 260,
    "damage": 14.0,
    "duration": 48,
    "extras": {
      "actions": [
        {
          "type": "jcraft:play_sound",
          "on_impact": true,
          "sound": "jcraft:impact7"
        }
      ],
      "armor": 2147483647,
      "description": {
        "text": "slow, uninterruptable, extremely damaging launcher"
      },
      "init_actions": [
        {
          "type": "jcraft:play_sound",
          "sound": "jcraft:kcdonut"
        }
      ],
      "name": {
        "text": "Donut"
      }
    },
    "hitbox_size": 1.75,
    "knockback": 1.5,
    "move_distance": 1.0,
    "offset": 0.1,
    "stun": 10,
    "windup": 30
  }
}