{
  "anim_state": "EXTEND_UP",
  "class": "SPECIAL2",
  "cooldown_type": "STAND_SP2",
  "crouching_variant": {
    "anim_state": "EXTEND_FORWARD",
    "class": "SPECIAL2",
    "cooldown_type": "STAND_SP2",
    "move": {
      "type": "jcraft:shared_simple_attack",
      "attack_extras": {
        "backstab": true,
        "block_stun": 9,
        "extra_hit_boxes": [
          {
            "forward_offset": 2.0,
            "size": 1.5,
            "vertical_offset": -0.1
          }
        ],
        "hit_animation": "CRUSH",
        "hit_spark": "HIT_SPARK_1"
      },
      "cooldown": 100,
      "damage": 5.0,
      "duration": 21,
      "extras": {
        "description": {
          "text": "Hierophant extends its arm forward in a far-reaching attack"
        },
        "finisher": {
          "move": {
            "type": "jcraft:shared_simple_attack",
            "attack_extras": {
              "backstab": true,
              "block_stun": 9,
              "extra_hit_boxes": [
                {
                  "forward_offset": 3.5,
                  "size": 1.5,
                  "vertical_offset": -0.6
                },
                {
                  "forward_offset": 2.5,
                  "size": 1.5,
                  "vertical_offset": -0.5
                }
              ],
              "hit_animation": "LOW",
              "hit_spark": "HIT_SPARK_1"
            },
            "cooldown": 0,
            "damage": 5.0,
            "duration": 21,
            "extras": {
              "name": {
                "text": "Extend (Forward, Second Hit)"
              }
            },
            "hitbox_size": 0.0,
            "knockback": 0.4,
            "move_distance": 1.0,
            "offset": 0.0,
            "stun": 16,
            "windup": 13
          },
          "tick": 12
        },
        "init_actions": [
          {
            "type": "jcraft:play_sound",
            "sound": "jcraft:hgextend"
          }
        ],
        "name": {
          "text": "Extend (Forward)"
        }
      },
      "hitbox_size": 1.5,
      "knockback": 0.7,
      "move_distance": 1.0,
      "offset": 0.2,
      "stun": 15,
      "windup": 10
    }
  },
  "move": {
    "type": "jcraft:shared_simple_attack",
    "attack_extras": {
      "backstab": true,
      "block_stun": 9,
      "extra_hit_boxes": [
        {
          "forward_offset": 2.0,
          "size": 1.5,
          "vertical_offset": 0.1
        }
      ],
      "hit_animation": "CRUSH",
      "hit_spark": "HIT_SPARK_1"
    },
    "cooldown": 100,
    "damage": 5.0,
    "duration": 21,
    "extras": {
      "description": {
        "text": "Hierophant extends its arm upward in a far-reaching attack"
      },
      "finisher": {
        "move": {
          "type": "jcraft:shared_simple_attack",
          "attack_extras": {
            "backstab": true,
            "block_stun": 9,
            "extra_hit_boxes": [
              {
                "forward_offset": 2.0,
                "size": 1.5,
                "vertical_offset": 0.5
              },
              {
                "forward_offset": 3.0,
                "size": 1.5,
                "vertical_offset": 0.75
              }
            ],
            "hit_animation": "HIGH",
            "hit_spark": "HIT_SPARK_1"
          },
          "cooldown": 0,
          "damage": 5.0,
          "duration": 21,
          "extras": {
            "name": {
              "text": "Extend (Upward, Second Hit)"
            }
          },
          "hitbox_size": 0.0,
          "knockback": 0.4,
          "move_distance": 1.0,
          "offset": 0.0,
          "stun": 16,
          "windup": 13
        },
        "tick": 12
      },
      "init_actions": [
        {
          "type": "jcraft:play_sound",
          "sound": "jcraft:hgextend"
        }
      ],
      "name": {
        "text": "Extend (Upward)"
      }
    },
    "hitbox_size": 1.5,
    "knockback": 0.7,
    "move_distance": 1.0,
    "offset": -0.2,
    "stun": 15,
    "windup": 10
  }
}