{
  "type": "minecraft:chest",
  "pools": [
    {
      "rolls": 18,
      "entries": [
        {
          "type": "minecraft:item",
          "name": "minecraft:cobweb",
          "weight": 50
        },
        {
          "type": "minecraft:item",
          "name": "minecraft:iron_ingot",
          "weight": 10
        },
        {
          "type": "minecraft:item",
          "name": "minecraft:emerald",
          "weight": 50
        },
        {
          "type": "minecraft:item",
          "name": "minecraft:gunpowder",
          "weight": 25
        },
        {
          "type": "minecraft:item",
          "name": "minecraft:bread",
          "weight": 15
        },
        {
          "type": "minecraft:item",
          "name": "minecraft:name_tag",
          "weight": 3
        },
        {
          "type": "minecraft:item",
          "name": "minecraft:golden_apple",
          "weight": 5
        },
        {
          "type": "minecraft:item",
          "name": "minecraft:enchanted_golden_apple",
          "weight": 1
        },
        {
          "type": "minecraft:item",
          "name": "minecraft:diamond_hoe",
          "weight": 1
        },
        {
          "type": "minecraft:item",
          "name": "minecraft:book",
          "weight": 2,
          "functions": [
            {
              "function": "minecraft:enchant_randomly"
            }
          ]
        },
        {
          "type": "minecraft:item",
          "name": "minecraft:diamond",
          "weight": 1
        }
      ]
    }
  ]
}
