{
  "type": "minecraft:chest",
  "pools": [
    {
      "rolls": 18,
      "entries": [
        {
          "type": "minecraft:item",
          "name": "minecraft:iron_ingot",
          "weight": 25
        },
        {
          "type": "minecraft:item",
          "name": "minecraft:emerald",
          "weight": 50
        },
        {
          "type": "minecraft:item",
          "name": "minecraft:name_tag",
          "weight": 10
        },
        {
          "type": "minecraft:item",
          "name": "minecraft:golden_apple",
          "weight": 5
        },
        {
          "type": "minecraft:item",
          "name": "minecraft:enchanted_golden_apple",
          "weight": 3
        },
        {
          "type": "minecraft:item",
          "name": "minecraft:book",
          "weight": 5,
          "functions": [
            {
              "function": "minecraft:enchant_randomly"
            }
          ]
        },
        {
          "type": "minecraft:item",
          "name": "minecraft:diamond",
          "weight": 5
        },
        {
          "type": "minecraft:item",
          "name": "minecraft:emerald_block",
          "weight": 2
        },
        {
          "type": "minecraft:item",
          "name": "minecraft:gold_block",
          "weight": 10
        },
        {
          "type": "minecraft:item",
          "name": "minecraft:totem_of_undying",
          "weight": 5
        }
      ]
    },
    {
      "rolls": 1,
      "entries": [
        {
          "type": "minecraft:item",
          "name": "minecraft:vex_armor_trim_smithing_template"
        }
      ]
    }
  ]
}
