{
  "type": "minecraft:chest",
  "pools": [
    {
      "rolls": 15,
      "entries": [
        {
          "type": "minecraft:item",
          "name": "minecraft:emerald",
          "weight": 5
          
        },
        {
          "type": "minecraft:item",
          "name": "minecraft:emerald_block",
          "weight": 3
          
        },
        {
          "type": "minecraft:item",
          "name": "minecraft:name_tag",
          "weight": 2
          
        },
        {
          "type": "minecraft:item",
          "name": "minecraft:experience_bottle",
          "weight": 7
          
        },
       
        {
          "type": "minecraft:item",
          "name": "minecraft:iron_ingot",
          "weight": 7
          
        },
        {
          "type": "minecraft:item",
          "name": "minecraft:sentry_armor_trim_smithing_template",
          "weight": 1
          
        },
      
        {
          "type": "minecraft:item",
          "name": "minecraft:iron_helmet",
          "weight": 1
          
        },
        {
          "type": "minecraft:item",
          "name": "minecraft:diamond",
          "weight": 2
          
        },
        {
          "type": "minecraft:item",
          "name": "minecraft:target",
          "weight": 2
          
        },
        {
          "type": "minecraft:item",
          "name": "minecraft:cobweb",
          "weight": 10
          
        },
        
        {
          "type": "minecraft:item",
          "name": "minecraft:diamond_axe",
          "weight": 1,
          "functions": [
            {
              "function": "minecraft:enchant_randomly"
            }
          ]
        },
        {
          "type": "minecraft:item",
          "name": "minecraft:book",
          "weight": 5,
          "functions": [
            {
              "function": "minecraft:enchant_randomly"
            }
          ]
        }
      ]
    }
  ]
}
