{
  "type": "minecraft:chest",
  "pools": [
    {
      "rolls": 15,
      "entries": [
        {
          "type": "minecraft:item",
          "name": "minecraft:cobweb",
          "weight": 3
        },
        {
          "type": "minecraft:item",
          "name": "minecraft:emerald",
          "weight": 6
        },
        {
          "type": "minecraft:item",
          "name": "minecraft:emerald_block",
          "weight": 1
        },
        {
          "type": "minecraft:item",
          "name": "minecraft:iron_ingot",
          "weight": 3
        },
        {
          "type": "minecraft:item",
          "name": "minecraft:gold_ingot",
          "weight": 3
        },
        {
          "type": "minecraft:item",
          "name": "minecraft:lapis_lazuli",
          "weight": 3
        },
        {
          "type": "minecraft:item",
          "name": "minecraft:iron_sword",
          "functions": [
            {
              "function": "minecraft:set_damage",
              "damage": {
                "min": 50,
                "max": 100
              }
            },
            {
              "function": "minecraft:enchant_randomly"
            }
          ]
        }
      ]
    }
  ]
}
