{
  "anim_state": "DIM_HOP",
  "class": "ULTIMATE",
  "cooldown_type": "STAND_ULTIMATE",
  "move": {
    "type": "jcraft:dirtydeedsdonedirtcheap_dimensional_hop_move",
    "attack_extras": {
      "backstab": true,
      "block_stun": 4,
      "hit_animation": "MID",
      "hit_spark": "HIT_SPARK_1"
    },
    "cooldown": 1200,
    "damage": 0.0,
    "duration": 60,
    "extras": {
      "description": {
        "text": "travels to a random dimension at exact coordinates, if user was hit in the last 30s, he is forced back, certified death button"
      },
      "init_actions": [
        {
          "type": "jcraft:play_sound",
          "sound": "jcraft:d4cdimhop"
        }
      ],
      "name": {
        "text": "Dimensional Hop"
      }
    },
    "hitbox_size": 1.75,
    "knockback": 0.0,
    "move_distance": 1.0,
    "offset": 0.0,
    "stun": 0,
    "windup": 40
  }
}