{
  "aerial_variant": {
    "anim_state": "KNEE_UP",
    "class": "SPECIAL2",
    "cooldown_type": "STAND_SP2",
    "move": {
      "type": "jcraft:shared_simple_uppercut_attack",
      "attack_extras": {
        "backstab": true,
        "block_stun": 8,
        "hit_animation": "HIGH",
        "hit_spark": "HIT_SPARK_1"
      },
      "cooldown": 30,
      "damage": 4.0,
      "duration": 14,
      "extras": {
        "actions": [
          {
            "type": "jcraft:play_sound",
            "on_impact": true,
            "sound": "jcraft:impact6"
          }
        ],
        "description": {
          "text": "Launches upward, larger and higher hitbox, higher stun, less damage."
        },
        "init_actions": [
          {
            "type": "jcraft:play_sound",
            "sound": "jcraft:spknee"
          }
        ],
        "name": {
          "translate": "jcraft.starplatinum.airsp2"
        }
      },
      "hitbox_size": 1.6,
      "knockback": 0.2,
      "move_distance": 0.75,
      "offset": -0.4,
      "strength": 0.5,
      "stun": 13,
      "windup": 8
    }
  },
  "anim_state": "KNEE",
  "class": "SPECIAL2",
  "cooldown_type": "STAND_SP2",
  "move": {
    "type": "jcraft:shared_simple_attack",
    "attack_extras": {
      "backstab": true,
      "block_stun": 10,
      "hit_animation": "CRUSH",
      "hit_spark": "HIT_SPARK_1"
    },
    "cooldown": 20,
    "damage": 6.0,
    "duration": 12,
    "extras": {
      "actions": [
        {
          "type": "jcraft:play_sound",
          "on_impact": true,
          "sound": "jcraft:impact6"
        }
      ],
      "description": {
        "text": "Fast poke, low stun."
      },
      "init_actions": [
        {
          "type": "jcraft:play_sound",
          "sound": "jcraft:spknee"
        }
      ],
      "name": {
        "translate": "jcraft.starplatinum.sp2"
      }
    },
    "hitbox_size": 1.5,
    "knockback": 0.3,
    "move_distance": 0.9,
    "offset": 0.0,
    "stun": 9,
    "windup": 7
  }
}