{
  "feature": "eco:smooth_basalt_blob",
  "placement": [
    {
      "type": "minecraft:count",
      "count": 38
    },
    {
      "type": "minecraft:in_square"
    },
    {
      "type": "minecraft:height_range",
      "height": {
        "type": "minecraft:uniform",
        "min_inclusive": {
          "absolute": -48
        },
        "max_inclusive": {
          "absolute": 30
        }
      }
    },
    {
      "type": "minecraft:environment_scan",
      "direction_of_search": "up",
      "max_steps": 32,
      "target_condition": {
        "type": "minecraft:solid"
      },
      "allowed_search_condition": {
        "type": "minecraft:true"
      }
    },
    {
      "type": "minecraft:random_offset",
      "xz_spread": 2,
      "y_spread": 1
    },
    {
      "type": "minecraft:biome"
    }
  ]
}
