{
  "anim_state": "SHA",
  "class": "ULTIMATE",
  "cooldown_type": "STAND_ULTIMATE",
  "move": {
    "type": "jcraft:killerqueen_sheer_heart_attack_attack",
    "cooldown": 1000,
    "duration": 20,
    "extras": {
      "description": {
        "text": "creates an automatic, heat-seeking sub-stand that explodes on contact, reflects 25% damage back to owner"
      },
      "name": {
        "text": "Sheer Heart Attack"
      },
      "ranged": true
    },
    "move_distance": 1.0,
    "windup": 16
  }
}