{
    "client_settings": {
      "color_settings": {
        "moon_texture_color": "2b3f8f",
        "sky_light_color": "2b3f8f"
      },
      "moon_size": 30.0,
      "moon_texture_location": "enhancedcelestials:textures/environment/wolf_moon.png",
      "sound_track": {
        "sound_id": "enhancedcelestials:wolf_moon"
      }
    },
    "dimension_chances": {
      "minecraft:overworld": {
        "chance": 0.1,
        "min_number_of_nights_between": 4,
        "valid_moon_phases": [
          0
        ]
      }
    },
    "drops": {
      "drop_enhancer": {}
    },
    "mob_settings": {
      "blocks_sleeping": {
        "type": "corgilib:any"
      },
      "lunar_spawn_settings": {
        "force_surface_spawning": true,
        "mob_spawn_settings": {
          "spawn_costs": {},
          "spawners": {
            "ambient": [],
            "axolotls": [],
            "creature": [],
            "misc": [],
            "monster": [
                {
                    "type": "born_in_chaos_v1:dread_hound",
                          "weight": 1000,
                          "minCount": 1,
                     "maxCount": 1
                 },
                 {
                    "type": "born_in_chaos_v1:dire_hound_leader",
                          "weight": 100,
                          "minCount": 1,
                     "maxCount": 1
                 },
                 {
                    "type": "enemy_expansion:direwolf",
                          "weight": 1000,
                          "minCount": 1,
                     "maxCount": 1
                 }
            ]
          }
        },
        "slimes_spawn_everywhere": false,
        "use_biome_spawn_settings": true
      },
      "mob_effects": [],
      "spawn_category_multiplier": {
        "monster": 1.5
      }
    },
    "text_components": {
      "end_notification": {
        "type": "CHAT",
        "component": {
          "key": "enhancedcelestials.notification.wolf_moon.set"
        }
      },
      "name": {
        "key": "enhancedcelestials.name.wolf_moon",
        "style": {
          "color": "2b3f8f"
        }
      },
      "start_notification": {
        "type": "CHAT",
        "component": {
          "key": "enhancedcelestials.notification.wolf_moon.rise",
          "style": {
            "color": "2b3f8f"
          }
        }
      }
    }
  }