{
    "type": "minecraft:tree",
    "config": {
      "ignore_vines": true,
      "force_dirt": false,
      "minimum_size": {
        "type": "minecraft:two_layers_feature_size",
        "min_clipped_height": 4,
        "limit": 0,
        "lower_size": 0,
        "upper_size": 0
      },
      "dirt_provider": {
        "type": "minecraft:simple_state_provider",
        "state": {
          "Name": "minecraft:dirt"
        }
      },
      "trunk_provider": {
        "type": "minecraft:simple_state_provider",
        "state": {
          "Name": "minecraft:oak_log",
          "Properties": {
            "axis": "y"
          }
        }
      },
      "foliage_provider": {
        "type": "minecraft:simple_state_provider",
        "state": {
          "Name": "minecraft:birch_leaves",
          "Properties": {
            "persistent": "false",
            "distance": "7"
          }
        }
      },
      "trunk_placer": {
        "type": "minecraft:bending_trunk_placer",
        "base_height": 5,
        "height_rand_a": 3,
        "height_rand_b": 2,
        "bend_length": {
          "type": "minecraft:uniform",
          "value": {
            "min_inclusive": 1,
            "max_inclusive": 2
          }
        },
        "min_height_for_leaves": 3
      },
      "foliage_placer": {
        "type": "minecraft:dark_oak_foliage_placer",
        "radius": 0,
        "offset": 4
      },
      "decorators": []
    }
  }
  