{
  "type": "minecraft:crafting_shapeless",
  "category": "misc",
  "ingredients": [
    {
      "item": "terramity:dimlite_nugget"
    },
    {
      "item": "terramity:dimlite_nugget"
    },
    {
      "item": "terramity:dimlite_nugget"
    },
    {
      "item": "terramity:dimlite_nugget"
    },
    {
      "item": "terramity:dimlite_nugget"
    },
    {
      "item": "terramity:dimlite_nugget"
    },
    {
      "item": "terramity:dimlite_nugget"
    },
    {
      "item": "terramity:dimlite_nugget"
    },
    {
      "item": "terramity:dimlite_nugget"
    }
  ],
  "result": {
    "item": "terramity:dimlite_ingot",
    "count": 1
  }
}