{
  "type": "scguns:gun_bench",
  "result": {
    "item": "scguns:big_bore",
    "count": 1
  },
  "ingredients": {
    "gun_internal_1": {
      "item": "scguns:heavy_gun_parts"
    },
    "gun_internal_2": {
      "item": "scguns:heavy_gun_barrel"
    },
    "gun_top_internal_1": {
      "item": "scguns:firing_unit"
    },
    "gun_top_internal_2": {
      "item": "scguns:heavy_gun_barrel"
    },
    "gun_barrel_2": {
      "item": "scguns:heavy_gun_barrel"
    },
    "gun_top_barrel_2": {
      "item": "scguns:heavy_gun_barrel"
    },
    "gun_grip": {
      "item": "scguns:gun_grip"
    },
    "gun_barrel_1": {
      "item": "scguns:heavy_gun_barrel"
    },
    "gun_top_barrel_1": {
      "item":"scguns:heavy_gun_barrel"
    },
    "gun_magazine": {
      "tag": "minecraft:planks"
    }
  }
}
