{
  "type": "scguns:gun_bench",
  "result": {
    "item": "scguns:bruiser",
    "count": 1
  },
  "ingredients": {
    "blueprint": {
      "item": "scguns:copper_blueprint"
    },
    "gun_internal_1": {
      "item": "scguns:firing_unit"
    },
    "gun_internal_2": {
      "item": "scguns:heavy_gun_parts"
    },
    "gun_top_internal_2": {
      "item": "minecraft:copper_ingot"
    },
    "gun_top_internal_1": {
      "item": "minecraft:copper_ingot"
    },
    "gun_barrel_1": {
      "item": "scguns:gun_barrel"
    },
    "gun_grip": {
      "item": "scguns:gun_grip"
    },
    "gun_magazine": {
      "tag": "minecraft:planks"
    }
  }
}
