{
  "type": "scguns:gun_bench",
  "result": {
    "item": "scguns:cr4k_mining_laser",
    "count": 1
  },
  "ingredients": {
    "blueprint": {
      "item": "scguns:treated_brass_blueprint"
    },
    "gun_internal_1": {
      "item": "scguns:energy_core"
    },
    "gun_internal_2": {
      "item": "scguns:heavy_gun_parts"
    },
    "gun_top_internal_1": {
      "item": "scguns:gun_grip"
    },
    "gun_top_internal_2": {
      "item": "scguns:treated_brass_gun_frame"
    },
    "gun_barrel_2": {
      "item": "scguns:gun_barrel"
    },
    "gun_barrel_1": {
      "item": "scguns:heavy_gun_barrel"
    },
    "gun_top_barrel_1": {
      "item": "scguns:anthralite_ingot"
    },
    "gun_grip": {
      "item": "scguns:treated_brass_gun_frame"
    }
  }
}
