{
  "type": "scguns:gun_bench",
  "result": {
    "item": "scguns:floundergat",
    "count": 1
  },
  "ingredients": {
    "blueprint": {
      "item": "scguns:ocean_blueprint"
    },
    "gun_internal_1": {
      "item": "minecraft:heart_of_the_sea"
    },
    "gun_internal_2": {
      "item": "scguns:gun_parts"
    },
    "gun_top_internal_2": {
      "item": "scguns:anthralite_ingot"
    },
    "gun_top_barrel_1": {
      "item": "scguns:heavy_gun_barrel"
    },
    "gun_barrel_1": {
      "item": "scguns:heavy_gun_barrel"
    },
    "gun_top_barrel_2": {
      "item": "scguns:heavy_gun_barrel"
    },
    "gun_barrel_2": {
      "item": "scguns:heavy_gun_barrel"
    },
    "gun_grip": {
      "item": "scguns:gun_grip"
    },
    "gun_magazine": {
      "tag": "minecraft:planks"
    }
  }
}
