{
  "type": "scguns:gun_bench",
  "result": {
    "item": "scguns:gauss_rifle",
    "count": 1
  },
  "ingredients": {
    "blueprint": {
      "item": "scguns:treated_brass_blueprint"
    },
    "gun_internal_1": {
      "item": "scguns:plasma_core"
    },
    "gun_internal_2": {
      "item": "scguns:heavy_gun_parts"
    },
    "gun_top_internal_1": {
      "item": "scguns:treated_brass_ingot"
    },
    "gun_top_internal_2": {
      "item": "scguns:treated_brass_gun_frame"
    },
    "gun_barrel_2": {
      "item": "scguns:gun_barrel"
    },
    "gun_grip": {
      "item": "scguns:gun_grip"
    },
    "gun_barrel_1": {
      "tag": "minecraft:planks"
    },
    "gun_magazine": {
      "item": "scguns:gun_magazine"
    }
  }
}
