{
  "type": "scguns:gun_bench",
  "result": {
    "item": "scguns:laser_musket",
    "count": 1
  },
  "ingredients": {

    "gun_internal_1": {
      "item": "scguns:energy_core"
    },
    "gun_internal_2": {
      "item": "minecraft:smooth_stone"
    },
    "gun_barrel_2": {
      "item": "scguns:stone_gun_barrel"
    },
    "gun_barrel_1": {
      "item": "scguns:stone_gun_barrel"
    },
    "gun_grip": {
      "item": "scguns:gun_grip"
    },
    "gun_magazine": {
      "tag": "minecraft:planks"
    }
  }
}
