{
  "type": "scguns:gun_bench",
  "result": {
    "item": "scguns:marlin",
    "count": 1
  },
  "ingredients": {
    "blueprint": {
      "item": "scguns:ocean_blueprint"
    },
    "gun_internal_1": {
      "item": "scguns:firing_unit"
    },
    "gun_internal_2": {
      "item": "minecraft:heart_of_the_sea"
    },
    "gun_top_internal_1": {
      "item": "scguns:treated_brass_ingot"
    },
    "gun_top_internal_2": {
      "item": "scguns:iron_gun_frame"
    },
    "gun_barrel_2": {
      "item": "scguns:gun_barrel"
    },
    "gun_grip": {
      "item": "scguns:gun_grip"
    },
    "gun_barrel_1": {
      "item": "scguns:gun_barrel"
    },
    "gun_top_barrel_1": {
      "tag": "minecraft:planks"
    },
    "gun_magazine": {
      "item": "minecraft:prismarine_shard"
    }
  }
}
