{
  "type": "scguns:gun_bench",
  "result": {
    "item": "scguns:pyroclastic_flow",
    "count": 1
  },
  "ingredients": {
    "blueprint": {
      "item": "scguns:piglin_blueprint"
    },
    "gun_internal_1": {
      "item": "scguns:vehement_coal"
    },
    "gun_internal_2": {
      "item": "scguns:heavy_gun_parts"
    },
    "gun_top_internal_2": {
      "item": "scguns:anthralite_ingot"
    },
    "gun_barrel_1": {
      "item": "scguns:gun_barrel"
    },
    "gun_top_barrel_1": {
      "item": "minecraft:crimson_planks"
    },
    "gun_grip": {
      "item": "scguns:gun_grip"
    },
    "gun_magazine": {
      "item": "scguns:gun_magazine"
    }
  }
}
