{
  "type": "scguns:gun_bench",
  "result": {
    "item": "scguns:raygun",
    "count": 1
  },
  "ingredients": {
    "blueprint": {
      "item": "scguns:end_blueprint"
    },
    "gun_internal_1": {
      "item": "scguns:plasma_core"
    },
    "gun_internal_2": {
      "item": "scguns:heavy_gun_parts"
    },
    "gun_top_internal_2": {
      "item": "scguns:anthralite_ingot"
    },
    "gun_barrel_1": {
      "item": "scguns:gun_barrel"
    },
    "gun_grip": {
      "item": "scguns:gun_grip"
    }
  }
}
