{
    "potion_effects": [
        {
            "id": "minecraft:speed",
            "hide_particles": true,
            "amplifier": 1
        },
        {
            "id": "minecraft:strength",
            "hide_particles": "true",
            "amplifier": 2
        },
        {
            "id": "minecraft:invisibility",
            "hide_particles": "true",
            "amplifier": 1
        }
    ],
    "custom_name": {
        "overrides": [ "Ghost Maggot" ]
    },
    "scale_pehkui": [
        {
            "scale": 2.0,
            "scale_types": [
                "pehkui:hitbox_width",
                "pehkui:hitbox_height",
                "pehkui:eye_height"
            ],
            "operation": "set"
        },
        {
            "scale": 2.0,
            "scale_types": [
                "pehkui:model_width",
                "pehkui:model_height"
            ],
            "operation": "set"
        }
    ],
    "boss_bar": {
        "color": "blue",
        "type": "notched_20"
    }
}