{
    "potion_effects": [
        {
            "id": "minecraft:resistance",
            "hide_particles": true,
            "amplifier": 5
        },
        {
            "id": "minecraft:speed",
            "hide_particles": true,
            "amplifier": 2
        },
        {
            "id": "minecraft:invisibility",
            "hide_particles": true,
            "amplifier": 2
        },
        {
            "id": "minecraft:glowing",
            "hide_particles": true,
            "amplifier": 2
        }
    ],
    "attributes": [
        {
            "id": "minecraft:generic.max_health",
            "modifier_name": "rabid_angler health",
            "amount": {
                "min": 200,
                "max": 350
            },
            "operation": "addition"
        }
    ],
    "loot_table": "nick_server:pig",
    "custom_name": {
        "overrides": [ "Ghost Pig" ]
    }
}