{
    "potion_effects": [
        {
            "id": "minecraft:resistance",
            "hide_particles": true,
            "amplifier": 2
        },
        {
            "id": "minecraft:speed",
            "hide_particles": true,
            "amplifier": 3
        },
        {
            "id": "minecraft:strength",
            "hide_particles": "true",
            "amplifier": 2
        }
    ],
    "attributes": [
        {
            "id": "minecraft:generic.max_health",
            "modifier_name": "terror_peaks health",
            "amount": {
                "min": 1000,
                "max": 1200
            },
            "operation": "addition"
        }
    ],
    "custom_name": {
        "overrides": [ "Terror of the Peaks" ]
    },
    "scale_pehkui": [
        {
            "scale": 7.0,
            "scale_types": [
                "pehkui:hitbox_width",
                "pehkui:hitbox_height",
                "pehkui:eye_height"
            ],
            "operation": "multiply"
        },
        {
            "scale": 2.0,
            "scale_types": [
                "pehkui:model_width",
                "pehkui:model_height"
            ],
            "operation": "set"
        }
    ],
    "boss_bar": {
        "color": "red",
        "type": "notched_20"
    }
}