{
    "type": "minecraft:chest",
    "pools": [
        {
            "rolls": 1,
            "entries": [
                {
                    "type": "minecraft:item",
                    "name": "confluence:hermes_boots",
                    "conditions": [
                        {
                            "condition": "minecraft:random_chance",
                            "chance": 0.4
                        }
                    ]
                },
                {
                    "type": "minecraft:item",
                    "name": "confluence:shiny_red_balloon",
                    "conditions": [
                        {
                            "condition": "minecraft:random_chance",
                            "chance": 0.2
                        }
                    ]
                }
            ]
        }
    ]
}
