{
  "anim_state": "ENTER",
  "class": "UTILITY",
  "cooldown_type": "UTILITY",
  "move": {
    "type": "jcraft:cream_ball_mode_enter_move",
    "cooldown": 40,
    "duration": 15,
    "extras": {
      "description": {
        "text": "Cream consumes itself and the user halfway, increasing mobility and decreasing defense"
      },
      "init_actions": [
        {
          "type": "jcraft:play_sound",
          "sound": "jcraft:creamenter"
        }
      ],
      "mobility_type": "FLIGHT",
      "name": {
        "text": "Enter Cream"
      }
    },
    "move_distance": 0.0,
    "windup": 10
  }
}