{
  "anim_state": "CHARGE_OVERWRITE",
  "class": "SPECIAL3",
  "cooldown_type": "STAND_SP3",
  "followup": {
    "anim_state": "OVERWRITE",
    "class": "SPECIAL3",
    "cooldown_type": "STAND_SP3",
    "move": {
      "type": "jcraft:theworld_overheaven_overwrite_attack",
      "attack_extras": {
        "backstab": true,
        "block_stun": 4,
        "blockable_type": "NON_BLOCKABLE",
        "hit_animation": "LAUNCH",
        "hit_spark": "HIT_SPARK_3",
        "override_stun": true,
        "shockwaves": true,
        "stun_type": "LAUNCH"
      },
      "cooldown": 0,
      "damage": 0.0,
      "duration": 23,
      "extras": {
        "actions": [
          {
            "type": "jcraft:play_sound",
            "on_impact": true,
            "sound": "jcraft:impact5"
          }
        ],
        "armor": 2147483647,
        "init_actions": [
          {
            "type": "jcraft:play_sound",
            "sound": "jcraft:twohoverwrite"
          }
        ],
        "name": {
          "text": "Overwrite (Hit)"
        }
      },
      "hitbox_size": 2.0,
      "knockback": 1.0,
      "move_distance": 1.0,
      "offset": 0.0,
      "stun": 40,
      "windup": 7
    }
  },
  "move": {
    "type": "jcraft:theworld_overheaven_charge_overwrite_move",
    "cooldown": 360,
    "duration": 70,
    "extras": {
      "description": {
        "text": "charges (for a minimum of 1s) an unblockable punch that changes the reality of the hit victims\nWhile charging, (de)activate overwrite by pressing:\nSPECIAL 1 - makes victims unable to look at you (stops if TW:OH is desummoned)\nSPECIAL 2 - applies every damage over time effect to victims\nSPECIAL 3 - heals and enslaves mobs"
      },
      "init_actions": [
        {
          "type": "jcraft:play_sound",
          "sound": "jcraft:twohchargeoverwrite"
        }
      ],
      "name": {
        "text": "Reality Overwrite"
      }
    },
    "min_charge_time": 20,
    "move_distance": 1.0,
    "windup": 71
  }
}