{
  "anim_state": "LEG_CRUSHER",
  "class": "SPECIAL2",
  "cooldown_type": "STAND_SP2",
  "move": {
    "type": "jcraft:shared_simple_attack",
    "attack_extras": {
      "backstab": true,
      "block_stun": 11,
      "hit_animation": "LOW",
      "hit_spark": "HIT_SPARK_3"
    },
    "cooldown": 240,
    "damage": 7.0,
    "duration": 22,
    "extras": {
      "actions": [
        {
          "type": "jcraft:play_sound",
          "on_impact": true,
          "sound": "jcraft:twkickhit"
        }
      ],
      "description": {
        "text": "high stun, medium windup"
      },
      "init_actions": [
        {
          "type": "jcraft:play_sound",
          "sound": "jcraft:wslegcrush"
        }
      ],
      "name": {
        "text": "Leg Crusher"
      }
    },
    "hitbox_size": 1.75,
    "knockback": 0.35,
    "move_distance": 0.75,
    "offset": 0.4,
    "stun": 32,
    "windup": 16
  }
}