{
  "anim_state": "JUMP",
  "class": "UTILITY",
  "cooldown_type": "UTILITY",
  "move": {
    "type": "jcraft:shared_jump_move",
    "cooldown": 300,
    "duration": 14,
    "extras": {
      "description": {
        "text": "Jumps in looked direction with slight upward bias, you must stay on the ground until Star Platinum jumps."
      },
      "mobility_type": "DASH",
      "name": {
        "text": "jcraft.starplatinum.util"
      }
    },
    "move_distance": 1.0,
    "strength": 1.5,
    "windup": 5
  }
}