{
  "anim_state": "CHARGE",
  "class": "SPECIAL2",
  "cooldown_type": "STAND_SP2",
  "move": {
    "type": "jcraft:shadowtheworld_charge_attack",
    "attack_extras": {
      "block_stun": 11,
      "hit_animation": "CRUSH",
      "hit_spark": "HIT_SPARK_2"
    },
    "cooldown": 280,
    "damage": 5.0,
    "duration": 19,
    "extras": {
      "actions": [
        {
          "type": "jcraft:play_sound",
          "on_impact": true,
          "sound": "jcraft:twchargehit"
        }
      ],
      "description": {
        "text": "The World detaches from the user and lunges forward, combo starter"
      },
      "init_actions": [
        {
          "type": "jcraft:play_sound",
          "sound": "jcraft:twcharge"
        },
        {
          "type": "jcraft:play_sound",
          "sound": "jcraft:stwwarble"
        }
      ],
      "name": {
        "text": "Forward Charge"
      },
      "ranged": true
    },
    "hitbox_size": 1.5,
    "knockback": 0.25,
    "move_distance": 5.0,
    "offset": 0.0,
    "stun": 20,
    "windup": 5
  }
}