{
  "type": "minecraft:block",
  "pools": [
    {
      "bonus_rolls": 0.0,
      "conditions": [
        {
          "condition": "minecraft:match_tool",
          "predicate": {
            "enchantments": [
              {
                "enchantment": "minecraft:silk_touch",
                "levels": {
                  "min": 1
                }
              }
            ]
          }
        }
      ],
      "entries": [
        {
          "type": "minecraft:item",
          "functions": [
            {
              "function": "minecraft:copy_nbt",
              "ops": [
                {
                  "op": "replace",
                  "source": "BeeList",
                  "target": "BlockEntityTag.BeeList"
                }
              ],
              "source": "block_entity"
            },
            {
              "block": "jeg:boo_nest",
              "function": "minecraft:copy_state",
              "properties": [
                "honey_level"
              ]
            }
          ],
          "name": "jeg:boo_nest"
        }
      ],
      "rolls": 1.0
    }
  ],
  "random_sequence": "minecraft:blocks/bee_nest"
}