{
  "type": "minecraft:block",
  "pools": [
    {
      "bonus_rolls": 0.0,
      "entries": [
        {
          "type": "minecraft:alternatives",
          "children": [
            {
              "type": "minecraft:item",
              "conditions": [
                {
                  "condition": "minecraft:match_tool",
                  "predicate": {
                    "enchantments": [
                      {
                        "enchantment": "minecraft:silk_touch",
                        "levels": {
                          "min": 1
                        }
                      }
                    ]
                  }
                }
              ],
              "functions": [
                {
                  "function": "minecraft:copy_nbt",
                  "ops": [
                    {
                      "op": "replace",
                      "source": "BeeList",
                      "target": "BlockEntityTag.BeeList"
                    }
                  ],
                  "source": "block_entity"
                },
                {
                  "block": "jeg:boohive",
                  "function": "minecraft:copy_state",
                  "properties": [
                    "honey_level"
                  ]
                }
              ],
              "name": "jeg:boohive"
            },
            {
              "type": "minecraft:item",
              "name": "jeg:boohive"
            }
          ]
        }
      ],
      "rolls": 1.0
    }
  ],
  "random_sequence": "minecraft:blocks/beehive"
}