{
  "type": "minecraft:block",
  "pools": [
    {
      "rolls": 1,
      "bonus_rolls": 0,
      "entries": [
        {
          "type": "minecraft:alternatives",
          "children": [
            {
              "type": "minecraft:item",
              "name": "jeg:deepslate_scrap_ore",
              "conditions": [
                {
                  "condition": "minecraft:match_tool",
                  "predicate": {
                    "enchantments": [
                      {
                        "enchantment": "minecraft:silk_touch",
                        "levels": {
                          "min": 1
                        }
                      }
                    ]
                  }
                }
              ]
            },
            {
              "type": "minecraft:alternatives",
              "children": [
                {
                  "type": "minecraft:item",
                  "name": "jeg:tech_trash",
                  "conditions": [
                    {
                      "condition": "minecraft:table_bonus",
                      "enchantment": "minecraft:fortune",
                      "chances": [
                        0.2,
                        0.25,
                        0.3,
                        0.5,
                        0.7
                      ]
                    }
                  ]
                },
                {
                  "type": "minecraft:item",
                  "name": "jeg:scrap",
                  "functions": [
                    {
                      "function": "minecraft:set_count",
                      "count": {
                        "min": 1,
                        "max": 2
                      },
                      "add": true
                    },
                    {
                      "function": "minecraft:apply_bonus",
                      "enchantment": "minecraft:fortune",
                      "formula": "minecraft:ore_drops"
                    }
                  ]
                }
              ],
              "conditions": [
                {
                  "condition": "minecraft:survives_explosion"
                }
              ]
            }
          ]
        }
      ]
    }
  ],
  "random_sequence": "minecraft:block/gravel"
}