{
  "pools": [
    {
      "rolls": 1,
      "entries": [
        {
          "type": "minecraft:item",
          "name": "scguns:iron_blueprint"
        },
        {
          "type": "minecraft:item",
          "name": "scguns:copper_blueprint"
        },
        {
          "type": "minecraft:item",
          "functions": [
            {
              "function": "minecraft:set_damage",
              "damage": {
                "min": 0.15,
                "max": 0.8
              }
            }
          ],
          "name": "scguns:flintlock_pistol"
        },
        {
          "type": "minecraft:empty",
          "weight": 6
        }
      ]
    },
    {
      "rolls": {
        "min": 1.0,
        "max": 4.0,
        "type": "minecraft:uniform"
      },
      "entries": [
        {
          "type": "minecraft:item",
          "functions": [
            {
              "function": "minecraft:set_count",
              "count": {
                "min": 2.0,
                "max": 4.0,
                "type": "minecraft:uniform"
              }
            }
          ],
          "name": "minecraft:gunpowder"
        },
        {
          "type": "minecraft:item",
          "functions": [
            {
              "function": "minecraft:set_count",
              "count": {
                "min": 2.0,
                "max": 4.0,
                "type": "minecraft:uniform"
              }
            }
          ],
          "name": "scguns:grapeshot"
        },
        {
          "type": "minecraft:empty",
          "weight": 2
        }
      ]
    },
    {
      "rolls": 3,
      "entries": [
        {
          "type": "minecraft:item",
          "functions": [
            {
              "function": "minecraft:set_count",
              "count": {
                "min": 2.0,
                "max": 12.0,
                "type": "minecraft:uniform"
              }
            }
          ],
          "name": "scguns:powder_and_ball"
        },
        {
          "type": "minecraft:empty",
          "weight": 2
        }
      ]
    }
  ]
}
