{
  "anim_state": "STOMP_BARRAGE",
  "class": "SPECIAL2",
  "cooldown_type": "STAND_SP2",
  "move": {
    "type": "jcraft:shared_simple_multi_hit_attack",
    "attack_extras": {
      "backstab": true,
      "block_stun": 5,
      "hit_animation": "MID",
      "hit_spark": "HIT_SPARK_1"
    },
    "cooldown": 180,
    "damage": 1.0,
    "duration": 33,
    "extras": {
      "actions": [
        {
          "type": "jcraft:play_sound",
          "on_impact": true,
          "sound": "jcraft:impact1"
        }
      ],
      "description": {
        "text": "Fast startup, and good advantage on block.\nLast hit knocks down, and cannot be comboed out of with cr.M1"
      },
      "finisher": {
        "move": {
          "type": "jcraft:shared_knockdown_attack",
          "attack_extras": {
            "backstab": true,
            "block_stun": 10,
            "extra_hit_boxes": [
              {
                "size": 1.0
              }
            ],
            "hit_animation": "MID",
            "hit_spark": "HIT_SPARK_2"
          },
          "cooldown": 0,
          "damage": 6.0,
          "duration": 10,
          "extras": {
            "actions": [
              {
                "type": "jcraft:play_sound",
                "on_impact": true,
                "sound": "jcraft:impact1"
              },
              {
                "type": "jcraft:play_sound",
                "on_impact": true,
                "sound": "jcraft:impact2"
              }
            ],
            "description": {
              "text": "Lifts knocked down enemies off the ground."
            },
            "name": {
              "text": "Stomp Barrage (Last Hit)"
            }
          },
          "hitbox_size": 1.75,
          "knockback": 0.5,
          "knockdown_duration": 35,
          "move_distance": 1.0,
          "offset": 0.3,
          "stun": 6,
          "windup": 6
        },
        "tick": 23
      },
      "init_actions": [
        {
          "type": "jcraft:play_sound",
          "sound": "jcraft:thkickbarrage"
        }
      ],
      "name": {
        "text": "Stomp Barrage"
      }
    },
    "hit_moments": [
      6,
      9,
      13,
      16,
      19,
      22
    ],
    "hitbox_size": 1.5,
    "knockback": 0.3,
    "move_distance": 1.0,
    "offset": 0.2,
    "stun": 10
  }
}