{
  "type": "minecraft:add",
  "argument1": {
    "type": "minecraft:add",
    "argument1": -1,
    "argument2": {
      "type": "minecraft:mul",
      "argument1": 2,
      "argument2": {
        "type": "minecraft:add",
        "argument1": {
          "type": "minecraft:y_clamped_gradient",
          "from_y": 69,
          "to_y": 284,
          "from_value": 0.76,
          "to_value": 0
        },
        "argument2": 0.1
      }
    }
  },
  "argument2": {
    "type": "minecraft:noise",
    "noise": "minecraft:gravel",
    "xz_scale": 0.08,
    "y_scale": 0.16
  }
}
