{
  "aerial_variant": {
    "anim_state": "AERIAL_CLEAVE",
    "class": "SPECIAL1",
    "cooldown_type": "SPECIAL1",
    "move": {
      "type": "jcraft:anubis_simple_anubis_attack",
      "attack_extras": {
        "backstab": true,
        "block_stun": 9,
        "hit_animation": "MID",
        "hit_spark": "SWEEP_ATTACK"
      },
      "check_holding_anubis": true,
      "cooldown": 100,
      "damage": 5.0,
      "duration": 15,
      "extras": {
        "actions": [
          {
            "type": "jcraft:play_sound",
            "on_impact": true,
            "sound": "minecraft:entity.player.attack.sweep"
          }
        ],
        "description": {
          "text": "interruptible faster recovery"
        },
        "init_actions": [
          {
            "type": "jcraft:play_sound",
            "sound": "jcraft:anubisslash"
          }
        ],
        "name": {
          "text": "Aerial Cleave"
        }
      },
      "hitbox_size": 1.75,
      "increment_bloodlust": true,
      "knockback": 0.4,
      "move_distance": 1.0,
      "offset": 0.3,
      "stun": 15,
      "windup": 9
    }
  },
  "anim_state": "SLASH",
  "class": "SPECIAL1",
  "cooldown_type": "SPECIAL1",
  "move": {
    "type": "jcraft:anubis_simple_anubis_attack",
    "attack_extras": {
      "backstab": true,
      "block_stun": 10,
      "hit_animation": "MID",
      "hit_spark": "SWEEP_ATTACK"
    },
    "check_holding_anubis": true,
    "cooldown": 220,
    "damage": 6.0,
    "duration": 20,
    "extras": {
      "actions": [
        {
          "type": "jcraft:play_sound",
          "on_impact": true,
          "sound": "minecraft:entity.player.attack.sweep"
        }
      ],
      "armor": 2147483647,
      "description": {
        "text": "uninterruptible get-off-me tool"
      },
      "init_actions": [
        {
          "type": "jcraft:play_sound",
          "sound": "jcraft:anubisslash"
        }
      ],
      "name": {
        "text": "Slash"
      }
    },
    "hitbox_size": 1.75,
    "increment_bloodlust": true,
    "knockback": 0.9,
    "move_distance": 1.0,
    "offset": 0.0,
    "stun": 15,
    "windup": 9
  }
}