{
  "type": "minecraft:entity",
  "pools": [
    {
      "bonus_rolls": 0.0,
      "conditions": [
        {
          "condition": "minecraft:killed_by_player"
        }
      ],
      "entries": [
        {
          "type": "minecraft:item",
          "name": "irons_spellbooks:cinder_essence"
        }
      ],
      "rolls": 1.0
    },
    {
      "bonus_rolls": 0.0,
      "entries": [
        {
          "type": "minecraft:item",
          "name": "minecraft:netherite_scrap",
          "conditions": [
            {
              "condition": "minecraft:random_chance_with_looting",
              "chance": 0.25,
              "looting_multiplier": 0.05
            },
            {
              "condition": "minecraft:killed_by_player"
            }
          ]
        }
      ],
      "rolls": 1
    }
  ]
}