{
  "anim_state": "JUDGEMENT",
  "class": "SPECIAL3",
  "cooldown_type": "STAND_SP3",
  "crouching_variant": {
    "anim_state": "CIRCLE_STARTUP",
    "class": "SPECIAL3",
    "cooldown_type": "STAND_SP3",
    "move": {
      "type": "jcraft:madeinheaven_circle_attack",
      "cooldown": 400,
      "duration": 14,
      "extras": {
        "description": {
          "text": "rapidly circles a looked-at target within 4m at a radius of 7m"
        },
        "init_actions": [
          {
            "type": "jcraft:play_sound",
            "sound": "jcraft:mihcircle"
          }
        ],
        "mobility_type": "DASH",
        "name": {
          "text": "Heaven's Judgement"
        },
        "ranged": true
      },
      "move_distance": 1.25,
      "windup": 13
    }
  },
  "move": {
    "type": "jcraft:madeinheaven_judgement_attack",
    "attack_extras": {
      "backstab": true,
      "block_stun": 3,
      "hit_animation": "MID",
      "stun_type": "WINDED"
    },
    "cooldown": 300,
    "duration": 60,
    "extras": {
      "description": {
        "text": "Made in Heaven rapidly speed slices an area, then finishes with a large, launching slice"
      },
      "init_actions": [
        {
          "type": "jcraft:play_sound",
          "sound": "jcraft:mihjudgement"
        }
      ],
      "name": {
        "text": "Divine Severance"
      }
    },
    "interval": 2,
    "move_distance": 1.25,
    "windup": 20
  }
}