{
  "type": "minecraft:crafting_shapeless",
  "category": "misc",
  "ingredients": [
    {
      "item": "minecraft:gunpowder"
    },
    {
      "item": "minecraft:gunpowder"
    },
    {
      "item": "minecraft:gunpowder"
    },
    {
      "item": "minecraft:gunpowder"
    },
    {
      "item": "minecraft:barrel"
    },
    {
      "item": "minecraft:gunpowder"
    },
    {
      "item": "minecraft:gunpowder"
    },
    {
      "item": "minecraft:gunpowder"
    },
    {
      "item": "minecraft:gunpowder"
    }
  ],
  "result": {
    "item": "warriorsofpastepoch:gunpowder_barrel",
    "count": 1
  }
}