{
  "anim_state": "MELT_YOUR_HEART",
  "class": "ULTIMATE",
  "cooldown_type": "STAND_ULTIMATE",
  "move": {
    "type": "jcraft:whitesnake_melt_your_heart_attack",
    "attack_extras": {
      "backstab": true,
      "block_stun": 7,
      "blockable_type": "NON_BLOCKABLE_EFFECTS_ONLY",
      "hit_animation": "LAUNCH",
      "hit_spark": "HIT_SPARK_1",
      "override_stun": true,
      "shockwaves": true,
      "stun_type": "LAUNCH"
    },
    "cooldown": 800,
    "damage": 3.0,
    "duration": 50,
    "extras": {
      "actions": [
        {
          "type": "jcraft:play_sound",
          "on_impact": true,
          "sound": "jcraft:impact2"
        }
      ],
      "armor": 2147483647,
      "description": {
        "text": "remote-only and armored, expels a sphere of poison"
      },
      "init_actions": [
        {
          "type": "jcraft:play_sound",
          "sound": "jcraft:wsmeltyourheart"
        }
      ],
      "name": {
        "text": "Melt your Heart"
      }
    },
    "hitbox_size": 2.0,
    "knockback": 1.0,
    "move_distance": 1.0,
    "offset": 0.0,
    "stun": 20,
    "windup": 40
  }
}