{
  "display": {
    "flash": {
      "size": 1.3,
      "yOffset": 5.6,
      "zOffset": -9.255
    }
  },
  "general": {
    "alwaysSpread": true,
    "fireMode": "jeg:semi_automatic",
    "gripType": "jeg:two_handed",
    "projectileAmount": 22,
    "rate": 8,
    "recoilAngle": 10.0,
    "recoilKick": 0.5,
    "spread": 25.0
  },
  "modules": {
    "attachments": {
      "stock": {
        "scale": 0.0
      }
    },
    "zoom": {
      "fovModifier": 0.7,
      "yOffset": 5.05,
      "zOffset": 0.75
    }
  },
  "projectile": {
    "advantage": "jeg:none",
    "damage": 24.0,
    "headshotMultiplier": 1.5,
    "item": "jeg:handmade_shell",
    "life": 6,
    "size": 0.05,
    "speed": 6.0,
    "trailColor": -256,
    "trailLengthMultiplier": 2.0
  },
  "reloads": {
    "emptyMagTimer": 0,
    "maxAmmo": 2,
    "reloadTimer": 60,
    "reloadType": "jeg:manual"
  },
  "sounds": {
    "cock": "jeg:item.pistol.cock",
    "enchantedFire": "jeg:item.double_barrel_shotgun.enchanted_fire",
    "fire": "jeg:item.double_barrel_shotgun.fire",
    "reload": "jeg:item.pistol.reload"
  }
}