{
  "display": {
    "flash": {
      "size": 0.8,
      "yOffset": 4.495,
      "zOffset": -9.655
    }
  },
  "general": {
    "fireMode": "jeg:semi_automatic",
    "gripType": "jeg:two_handed",
    "rate": 3,
    "recoilAngle": 3.0,
    "recoilKick": 0.15,
    "spread": 3.0
  },
  "modules": {
    "attachments": {
      "barrel": {
        "yOffset": 4.5,
        "zOffset": -9.6
      },
      "magazine": {
        "scale": 0.0
      },
      "scope": {
        "yOffset": 4.97,
        "zOffset": -0.715
      },
      "special": {
        "xOffset": -1.0,
        "yOffset": 4.3,
        "zOffset": -6.0
      }
    },
    "zoom": {
      "fovModifier": 0.6,
      "yOffset": 3.8,
      "zOffset": 1.75
    }
  },
  "projectile": {
    "advantage": "jeg:very_heavy",
    "damage": 10.5,
    "ejectsCasing": true,
    "gravity": true,
    "headshotMultiplier": 1.5,
    "item": "jeg:rifle_ammo",
    "life": 60,
    "size": 0.05,
    "speed": 12.0,
    "trailColor": -256,
    "trailLengthMultiplier": 5.0
  },
  "reloads": {
    "emptyMagTimer": 10,
    "maxAmmo": 8,
    "reloadTimer": 50,
    "reloadType": "jeg:mag_fed"
  },
  "sounds": {
    "cock": "jeg:item.pistol.cock",
    "enchantedFire": "jeg:item.infantry_rifle.enchanted_fire",
    "fire": "jeg:item.infantry_rifle.fire",
    "reload": "jeg:item.pistol.reload",
    "silencedFire": "jeg:item.infantry_rifle.silenced_fire"
  }
}