{
  "display": {
    "flash": {
      "size": 0.8,
      "yOffset": 4.695,
      "zOffset": -2.785
    }
  },
  "general": {
    "fireMode": "jeg:semi_automatic",
    "gripType": "jeg:one_handed",
    "rate": 3,
    "recoilAngle": 4.0,
    "recoilKick": 0.33,
    "spread": 3.0
  },
  "modules": {
    "attachments": {
      "barrel": {
        "yOffset": 4.69,
        "zOffset": -3.2
      },
      "stock": {
        "scale": 0.0
      }
    },
    "zoom": {
      "fovModifier": 0.6,
      "yOffset": 3.85,
      "zOffset": -1.75
    }
  },
  "projectile": {
    "advantage": "jeg:none",
    "damage": 5.0,
    "gravity": true,
    "headshotMultiplier": 1.5,
    "item": "jeg:pistol_ammo",
    "life": 40,
    "size": 0.05,
    "speed": 10.0,
    "trailColor": -256,
    "trailLengthMultiplier": 2.0
  },
  "reloads": {
    "emptyMagTimer": 10,
    "maxAmmo": 8,
    "reloadTimer": 160,
    "reloadType": "jeg:manual"
  },
  "sounds": {
    "cock": "jeg:item.pistol.cock",
    "enchantedFire": "jeg:item.revolver.enchanted_fire",
    "fire": "jeg:item.revolver.fire",
    "reload": "jeg:item.pistol.reload",
    "silencedFire": "jeg:item.revolver.silenced_fire"
  }
}