{
  "general": {
    "canBeBlueprinted": false,
    "canFireUnderwater": true,
    "fireMode": "jeg:automatic",
    "gripType": "jeg:two_handed",
    "rate": 3,
    "recoilAngle": 1.3,
    "recoilKick": 0.09,
    "silenced": true,
    "spread": 4.0
  },
  "modules": {
    "attachments": {
      "barrel": {
        "yOffset": 4.515,
        "zOffset": -8.25
      },
      "magazine": {
        "scale": 0.0
      },
      "scope": {
        "yOffset": 4.9,
        "zOffset": 5.0
      },
      "underBarrel": {
        "yOffset": 3.15,
        "zOffset": -1.0
      }
    },
    "zoom": {
      "fovModifier": 0.6,
      "yOffset": 3.95,
      "zOffset": -0.75
    }
  },
  "projectile": {
    "advantage": "jeg:very_heavy",
    "damage": 6.0,
    "ejectsCasing": true,
    "headshotMultiplier": 1.5,
    "hideTrail": true,
    "hitsRubberFruit": true,
    "ignoresBlocks": true,
    "item": "minecraft:echo_shard",
    "life": 50,
    "size": 0.5,
    "speed": 5.0,
    "trailLengthMultiplier": 2.0
  },
  "reloads": {
    "emptyMagTimer": 10,
    "maxAmmo": 20,
    "reloadTimer": 60,
    "reloadType": "jeg:mag_fed"
  },
  "sounds": {
    "cock": "jeg:item.pistol.cock",
    "enchantedFire": "jeg:item.subsonic_rifle.enchanted_fire",
    "fire": "jeg:item.subsonic_rifle.fire",
    "reload": "jeg:item.pistol.reload",
    "silencedFire": "jeg:item.subsonic_rifle.fire"
  }
}