{
  "display": {
    "flash": {
      "size": 0.8,
      "yOffset": 2.5,
      "zOffset": -3.03
    }
  },
  "general": {
    "canFireUnderwater": true,
    "customFiring": true,
    "fireMode": "jeg:pulse",
    "fireTimer": 15,
    "gripType": "jeg:two_handed",
    "rate": 32,
    "recoilAngle": 8.0,
    "recoilKick": 0.5
  },
  "modules": {
    "zoom": {
      "fovModifier": 0.6,
      "yOffset": 4.45,
      "zOffset": -1.25
    }
  },
  "projectile": {
    "advantage": "jeg:fire",
    "damage": 10.0,
    "damageReduceOverLife": true,
    "headshotMultiplier": 1.5,
    "hideTrail": true,
    "hitsRubberFruit": true,
    "item": "jeg:pocket_bubble",
    "life": 3,
    "noProjectile": true,
    "size": 0.05,
    "speed": 10.0,
    "trailColor": 56575,
    "trailLengthMultiplier": 0.0
  },
  "reloads": {
    "emptyMagTimer": 20,
    "maxAmmo": 8,
    "reloadItem": "minecraft:water_bucket",
    "reloadTimer": 60,
    "reloadType": "jeg:single_item"
  },
  "sounds": {
    "cock": "jeg:item.pistol.cock",
    "enchantedFire": "jeg:item.typhoonee.fire",
    "fire": "jeg:item.typhoonee.fire",
    "preFire": "jeg:item.typhoonee.prefire",
    "reload": "jeg:item.pistol.reload"
  }
}