{
  "display": {
    "flash": {
      "size": 0.8,
      "yOffset": 3.89,
      "zOffset": -7.89
    }
  },
  "general": {
    "alwaysSpread": true,
    "fireMode": "jeg:semi_automatic",
    "gripType": "jeg:two_handed",
    "projectileAmount": 18,
    "rate": 8,
    "recoilAngle": 10.0,
    "recoilKick": 0.5,
    "shooterPushback": -0.4,
    "spread": 15.0
  },
  "modules": {
    "attachments": {
      "special": {
        "yOffset": 3.0,
        "zOffset": -5.0
      }
    },
    "zoom": {
      "fovModifier": 0.7,
      "yOffset": 3.65,
      "zOffset": 0.75
    }
  },
  "projectile": {
    "advantage": "jeg:none",
    "damage": 20.0,
    "headshotMultiplier": 1.5,
    "item": "jeg:handmade_shell",
    "life": 10,
    "size": 0.05,
    "speed": 6.0,
    "trailColor": -256,
    "trailLengthMultiplier": 5.0
  },
  "reloads": {
    "emptyMagTimer": 0,
    "maxAmmo": 1,
    "reloadTimer": 60,
    "reloadType": "jeg:mag_fed"
  },
  "sounds": {
    "cock": "jeg:item.pistol.cock",
    "enchantedFire": "jeg:item.waterpipe_shotgun.enchanted_fire",
    "fire": "jeg:item.waterpipe_shotgun.fire",
    "reload": "jeg:item.pistol.reload"
  }
}