{
  "type": "minecraft:chest",
  "pools": [
    {
      "rolls": 1,
      "entries": [
        {
          "type": "minecraft:item",
          "name": "jeg:creeper_birthday_party_badge",
          "weight": 1,
          "functions": [],
          "conditions": []
        },
        {
          "type": "minecraft:item",
          "name": "jeg:headpoppper_badge",
          "weight": 1,
          "functions": [],
          "conditions": []
        },
        {
          "type": "minecraft:item",
          "name": "jeg:trickshot_badge",
          "weight": 1,
          "functions": [],
          "conditions": []
        }
      ]
    }
  ]
}