{
  "type": "minecraft:chest",
  "pools": [
    {
      "rolls": 1,
      "entries": [
        {
          "type": "minecraft:item",
          "name": "jeg:classic_spray_can",
          "weight": 1,
          "functions": [],
          "conditions": []
        },
        {
          "type": "minecraft:item",
          "name": "jeg:toy_spray_can",
          "weight": 1,
          "functions": [],
          "conditions": []
        },
        {
          "type": "minecraft:item",
          "name": "jeg:whiteout_spray_can",
          "weight": 1,
          "functions": [],
          "conditions": []
        },
        {
          "type": "minecraft:item",
          "name": "jeg:golden_spray_can",
          "weight": 1,
          "functions": [],
          "conditions": []
        }
      ]
    }
  ]
}