{
  "anim_state": "BARRAGE",
  "class": "SPECIAL3",
  "cooldown_type": "STAND_SP3",
  "crouching_variant": {
    "anim_state": "BARRAGE",
    "class": "SPECIAL3",
    "cooldown_type": "STAND_SP3",
    "move": {
      "type": "jcraft:shared_charge_barrage_attack",
      "attack_extras": {
        "block_stun": 3,
        "hit_animation": "MID",
        "shockwaves": true
      },
      "cooldown": 280,
      "damage": 0.6,
      "duration": 25,
      "extras": {
        "description": {
          "text": "Lasts shorter. Less punishable on whiff."
        },
        "init_actions": [
          {
            "type": "jcraft:play_sound",
            "sound": "jcraft:spadvbarrageshort"
          }
        ],
        "name": {
          "translate": "jcraft.starplatinum.crsp3"
        },
        "ranged": true
      },
      "hitbox_size": 1.5,
      "interval": 3,
      "knockback": 0.1,
      "move_distance": 6.0,
      "offset": 0.0,
      "quadratic_movement": true,
      "stun": 15,
      "windup": 5
    }
  },
  "move": {
    "type": "jcraft:shared_charge_barrage_attack",
    "attack_extras": {
      "block_stun": 3,
      "hit_animation": "MID",
      "shockwaves": true
    },
    "cooldown": 280,
    "damage": 0.6,
    "duration": 55,
    "extras": {
      "description": {
        "text": "Fast combo starter/extender, medium stun, extremely punishable on whiff."
      },
      "init_actions": [
        {
          "type": "jcraft:play_sound",
          "sound": "jcraft:spadvbarrage"
        }
      ],
      "name": {
        "translate": "jcraft.starplatinum.sp3"
      },
      "ranged": true
    },
    "hitbox_size": 1.5,
    "interval": 3,
    "knockback": 0.1,
    "move_distance": 7.0,
    "offset": 0.0,
    "quadratic_movement": false,
    "stun": 15,
    "windup": 5
  }
}