{
  "name": "mowziesmobs:monastery/center_back_pool",
  "fallback": "minecraft:empty",
  "elements": [

    {
      "weight": 1,
      "element": {
        "location": "mowziesmobs:monastery/monastery_center_back",
        "processors": "mowziesmobs:monastery",
        "projection": "rigid",
        "element_type": "mowziesmobs:mowzie_element",
        "bounds": {
          "bounds_min_offset": [ 0, 5, 0],
          "special_bounds": "wall",
          "check_bounds_min_offset": [ 0, -80, 0 ]
        },
        "min_required_paths": 2,
        "num_paths_override": 0
      }
    },

    {
      "weight": 1,
      "element": {
        "location": "mowziesmobs:monastery/monastery_center_back_3way",
        "processors": "mowziesmobs:monastery",
        "projection": "rigid",
        "element_type": "mowziesmobs:mowzie_element",
        "bounds": {
          "bounds_min_offset": [ 0, 5, 0],
          "check_bounds_min_offset": [ 0, -80, 0 ],
          "special_bounds": "wall"
        },
        "max_allowed_paths": 4,
        "num_paths_override": 1
      }
    }

  ]
}