{
  "name": "mowziesmobs:monastery/crown",
  "fallback": "minecraft:empty",
  "elements": [

    {
      "weight": 1,
      "element": {
        "location": "mowziesmobs:monastery/monastery_crown",
        "processors": "mowziesmobs:monastery",
        "projection": "rigid",
        "element_type": "mowziesmobs:mowzie_element",
        "bounds": {
          "bounds_min_offset": [ 2, 2, 2 ],
          "bounds_max_offset": [ -2, 0, -2 ]
        },
        "min_depth": 5
      }
    },

    {
      "weight": 10,
      "element": {
        "location": "minecraft:empty",
        "processors": "minecraft:empty",
        "projection": "rigid",
        "element_type": "minecraft:single_pool_element"
      }
    }

  ]
}