{
  "name": "mowziesmobs:monastery/path_connector_pool",
  "fallback": "mowziesmobs:monastery/fallback/path_connector_fallback_pool",
  "elements": [

    {
      "weight": 20,
      "element": {
        "location": "mowziesmobs:monastery/monastery_wall_connector",
        "processors": "mowziesmobs:monastery",
        "projection": "rigid",
        "element_type": "mowziesmobs:mowzie_element",
        "two_way": true,
        "bounds": {
          "bounds_min_offset": [ 0, 5, 1 ],
          "bounds_max_offset": [ 0, 0, -1 ],
          "check_bounds_min_offset": [ 0, -80, 0 ],
          "check_bounds_max_offset": [ 0, 80, 0 ]
        }
      }
    },

    {
      "weight": 1,
      "element": {
        "location": "mowziesmobs:monastery/monastery_doorway",
        "processors": "mowziesmobs:monastery",
        "projection": "rigid",
        "element_type": "mowziesmobs:mowzie_element",
        "bounds": {
          "bounds_min_offset": [ 1, 0, 0 ],
          "bounds_max_offset": [ -1, 0, 0 ],
          "check_bounds_min_offset": [ 0, -80, 0 ],
          "check_bounds_max_offset": [ 0, 80, 0 ]
        },
        "conditions": {
          "min_height": -4,
          "max_height": 8,
          "max_depth": 11
        }
      }
    },

    // ****************************************************************************************************************
    // Gap elements
    // ****************************************************************************************************************
    {
      "weight": 1,
      "element": {
        "location": "mowziesmobs:monastery/monastery_wall_gap",
        "processors": "mowziesmobs:monastery",
        "projection": "rigid",
        "element_type": "mowziesmobs:mowzie_element",
        "bounds": {
          "ignore_bounds": true,
          "needs_overlap_bounds": "wall",
          "bounds_min_offset": [ 0, 0, 1 ],
          "bounds_max_offset": [ 0, 0, -1 ]
        },
        "conditions": {
          "forbidden_parents": [
            "mowziesmobs:monastery/monastery_center"
          ],
          "forbidden_parents_depth": 3
        }
      }
    },

    {
      "weight": 1,
      "element": {
        "location": "mowziesmobs:monastery/monastery_tower_gap",
        "processors": "mowziesmobs:monastery",
        "projection": "rigid",
        "element_type": "mowziesmobs:mowzie_element",
        "bounds": {
          "ignore_bounds": true,
          "needs_overlap_bounds": "tower",
          "bounds_min_offset": [ 0, 2, 0 ],
          "bounds_max_offset": [ 0, -2, 0 ]
        },
        "gen_order": 3
      }
    },

    // ****************************************************************************************************************
    // Tower elements
    // ****************************************************************************************************************

    {
      "weight": 1,
      "element": {
        "location": "mowziesmobs:monastery/monastery_tower",
        "processors": "mowziesmobs:monastery",
        "projection": "rigid",
        "element_type": "mowziesmobs:mowzie_element",
        "bounds": {
          "special_bounds": "tower",
          "bounds_min_offset": [ 1, 0, 1 ],
          "bounds_max_offset": [ -1, 0, -1 ],
          "check_bounds_min_offset": [ 0, -80, 0 ],
          "check_bounds_max_offset": [ 0, 80, 0 ],
          "interior_bounds_min_offset": [ 1, 0, 1 ],
          "interior_bounds_max_offset": [ -1, 0, -1 ]
        },
        "conditions": {
          "min_height": -4,
          "max_height": 8
        },
        "tags": {
          "possible_tags": [
            {"tag": "storage", "weight": 1},
            {"tag": "library", "weight": 1}
          ]
        }
      }
    },

    {
      "weight": 1,
      "element": {
        "location": "mowziesmobs:monastery/monastery_tower_base",
        "processors": "mowziesmobs:monastery",
        "projection": "rigid",
        "element_type": "mowziesmobs:mowzie_element",
        "bounds": {
          "special_bounds": "tower",
          "bounds_min_offset": [ 1, 0, 1 ],
          "bounds_max_offset": [ -1, 0, -1 ],
          "check_bounds_min_offset": [ 0, -80, 0 ],
          "check_bounds_max_offset": [ 0, 80, 0 ],
          "interior_bounds_min_offset": [ 1, 0, 1 ],
          "interior_bounds_max_offset": [ -1, 0, -1 ]
        },
        "conditions": {
          "max_height": -4
        },
        "tags": {
          "possible_tags": [
            {"tag": "storage", "weight": 1},
            {"tag": "library", "weight": 1}
          ]
        },
        "priority": -1
      }
    },

    {
      "weight": 1,
      "element": {
        "location": "mowziesmobs:monastery/monastery_tower_top",
        "processors": "mowziesmobs:monastery",
        "projection": "rigid",
        "element_type": "mowziesmobs:mowzie_element",
        "bounds": {
          "special_bounds": "tower",
          "check_bounds_min_offset": [ 0, -80, 0 ],
          "check_bounds_max_offset": [ 0, 80, 0 ],
          "interior_bounds_min_offset": [ 1, 0, 1 ],
          "interior_bounds_max_offset": [ -1, 0, -1 ]
        },
        "conditions": {
          "min_height": 8
        },
        "tags": {
          "possible_tags": [
            {"tag": "storage", "weight": 1},
            {"tag": "library", "weight": 1}
          ]
        },
        "priority": -1
      }
    }

  ]
}