{
  "name": "mowziesmobs:monastery/path_pool",
  "fallback": "mowziesmobs:monastery/fallback/path_fallback_pool",

  "elements": [

    {
      "weight": 15,
      "element": {
        "location": "mowziesmobs:monastery/monastery_wall_straight",
        "processors": "mowziesmobs:monastery",
        "projection": "rigid",
        "element_type": "mowziesmobs:mowzie_element",
        "bounds": {
          "bounds_min_offset": [ 0, 5, 1 ],
          "bounds_max_offset": [ 0, 0, -1 ],
          "special_bounds": "wall",
          "check_bounds_min_offset": [ 0, -80, 0 ],
          "check_bounds_max_offset": [ 0, 80, 0 ]
        }
      }
    },

    {
      "weight": 5,
      "element": {
        "location": "mowziesmobs:monastery/monastery_wall_corner",
        "processors": "mowziesmobs:monastery",
        "projection": "rigid",
        "element_type": "mowziesmobs:mowzie_element",
        "bounds": {
          "special_bounds": "corner",
          "bounds_min_offset": [ 1, 5, 1 ],
          "check_bounds_min_offset": [ 0, -80, 0 ],
          "check_bounds_max_offset": [ 0, 80, 0 ]
        },
        "conditions": {
          "min_depth": 4,
          "forbidden_parents": [
            "mowziesmobs:monastery/monastery_wall_4way",
            "mowziesmobs:monastery/monastery_wall_3way",
            "mowziesmobs:monastery/monastery_wall_corner",
            "mowziesmobs:monastery/monastery_center_back_3way"
          ],
          "forbidden_parents_depth": 2
        }
      }
    },

    {
      "weight": 2,
      "element": {
        "location": "mowziesmobs:monastery/monastery_wall_3way",
        "processors": "mowziesmobs:monastery",
        "projection": "rigid",
        "element_type": "mowziesmobs:mowzie_element",
        "bounds": {
          "bounds_min_offset": [ 0, 5, 0 ],
          "bounds_max_offset": [ 0, 0, -1 ],
          "special_bounds": "wall",
          "check_bounds_min_offset": [ 0, -80, 0 ],
          "check_bounds_max_offset": [ 0, 80, 0 ]
        },
        "conditions": {
          "min_depth": 4,
          "max_allowed_paths": 4,
          "forbidden_parents": [
            "mowziesmobs:monastery/monastery_wall_4way",
            "mowziesmobs:monastery/monastery_wall_3way",
            "mowziesmobs:monastery/monastery_wall_corner",
            "mowziesmobs:monastery/monastery_center_back_3way"
          ],
          "forbidden_parents_depth": 2
        }
      }
    },

    {
      "weight": 1,
      "element": {
        "location": "mowziesmobs:monastery/monastery_wall_4way",
        "processors": "mowziesmobs:monastery",
        "projection": "rigid",
        "element_type": "mowziesmobs:mowzie_element",
        "bounds": {
          "bounds_min_offset": [ 0, 5, 0 ],
          "special_bounds": "wall",
          "check_bounds_min_offset": [ 0, -80, 0 ],
          "check_bounds_max_offset": [ 0, 80, 0 ]
        },
        "conditions": {
          "min_depth": 4,
          "max_allowed_paths": 3,
          "forbidden_parents": [
            "mowziesmobs:monastery/monastery_wall_4way",
            "mowziesmobs:monastery/monastery_wall_3way",
            "mowziesmobs:monastery/monastery_wall_corner",
            "mowziesmobs:monastery/monastery_center_back_3way"
          ],
          "forbidden_parents_depth": 2
        }
      }
    },

    // ****************************************************************************************************************
    // Gap elements
    // ****************************************************************************************************************
    {
      "weight": 1,
      "element": {
        "location": "mowziesmobs:monastery/monastery_wall_connector_gap",
        "processors": "mowziesmobs:monastery",
        "projection": "rigid",
        "element_type": "mowziesmobs:mowzie_element",
        "bounds": {
          "ignore_bounds": true,
          "needs_overlap_bounds": "wall",
          "bounds_min_offset": [ 0, 5, 1 ],
          "bounds_max_offset": [ 0, 0, -1 ]
        },
        "conditions": {
          "forbidden_parents": [
            "mowziesmobs:monastery/monastery_center"
          ],
          "forbidden_parents_depth": 3
        }
      }
    },

    {
      "weight": 1,
      "element": {
        "location": "mowziesmobs:monastery/monastery_tower_gap",
        "processors": "mowziesmobs:monastery",
        "projection": "rigid",
        "element_type": "mowziesmobs:mowzie_element",
        "bounds": {
          "ignore_bounds": true,
          "needs_overlap_bounds": "tower",
          "bounds_min_offset": [ 0, 2, 0 ],
          "bounds_max_offset": [ 0, -2, 0 ]
        },
        "gen_order": 3
      }
    },

    {
      "weight": 1,
      "element": {
        "location": "mowziesmobs:monastery/monastery_corner_gap",
        "processors": "mowziesmobs:monastery",
        "projection": "rigid",
        "element_type": "mowziesmobs:mowzie_element",
        "bounds": {
          "ignore_bounds": true,
          "needs_overlap_bounds": "corner",
          "bounds_min_offset": [ 0, 5, 1 ],
          "bounds_max_offset": [ 0, 0, -1 ]
        },
        "conditions": {
          "forbidden_parents": [
            "mowziesmobs:monastery/monastery_center"
          ],
          "forbidden_parents_depth": 3
        },
        "gen_order": 3
      }
    },

    // ****************************************************************************************************************
    // Room elements
    // ****************************************************************************************************************

    {
      "weight": 1,
      "element": {
        "location": "mowziesmobs:monastery/monastery_room",
        "processors": "mowziesmobs:monastery",
        "projection": "rigid",
        "element_type": "mowziesmobs:mowzie_element",
        "bounds": {
          "special_bounds": "tower",
          "bounds_min_offset": [ 1, 0, 1 ],
          "bounds_max_offset": [ -1, 0, -1 ],
          "check_bounds_min_offset": [ 0, -80, 0 ],
          "check_bounds_max_offset": [ 0, 80, 0 ],
          "interior_bounds_min_offset": [ 1, 0, 1 ],
          "interior_bounds_max_offset": [ -1, 0, -1 ]
        },
        "conditions": {
          "min_height": -4,
          "max_height": 8
        },
        "tags": {
          "possible_tags": [
            {"tag": "dojo", "weight": 1},
            {"tag": "storage", "weight": 1},
            {"tag": "library", "weight": 1}
          ]
        }
      }
    },

    {
      "weight": 5,
      "element": {
        "location": "mowziesmobs:monastery/monastery_room_base",
        "processors": "mowziesmobs:monastery",
        "projection": "rigid",
        "element_type": "mowziesmobs:mowzie_element",
        "bounds": {
          "special_bounds": "tower",
          "bounds_min_offset": [ 1, 0, 1 ],
          "bounds_max_offset": [ -1, 0, -1 ],
          "check_bounds_min_offset": [ 0, -80, 0 ],
          "check_bounds_max_offset": [ 0, 80, 0 ],
          "interior_bounds_min_offset": [ 1, 0, 1 ],
          "interior_bounds_max_offset": [ -1, 0, -1 ]
        },
        "conditions": {
          "max_height": -4
        },
        "tags": {
          "possible_tags": [
            {"tag": "dojo", "weight": 1},
            {"tag": "storage", "weight": 1},
            {"tag": "library", "weight": 1}
          ]
        }
      }
    },

    {
      "weight": 5,
      "element": {
        "location": "mowziesmobs:monastery/monastery_room_top",
        "processors": "mowziesmobs:monastery",
        "projection": "rigid",
        "element_type": "mowziesmobs:mowzie_element",
        "bounds": {
          "special_bounds": "tower",
          "check_bounds_min_offset": [ 0, -80, 0 ],
          "check_bounds_max_offset": [ 0, 80, 0 ],
          "interior_bounds_min_offset": [ 1, 0, 1 ],
          "interior_bounds_max_offset": [ -1, 0, -1 ]
        },
        "conditions": {
          "min_height": 8
        },
        "tags": {
          "possible_tags": [
            {"tag": "dojo", "weight": 1},
            {"tag": "storage", "weight": 1},
            {"tag": "library", "weight": 1}
          ]
        }
      }
    }
  ]
}