{
  "name": "mowziesmobs:monastery/room_roof_pool",
  "fallback": "mowziesmobs:monastery/room_roof_pool",
  "elements": [
    {
      "weight": 1,
      "element": {
        "location": "mowziesmobs:monastery/monastery_room_roof",
        "processors": "mowziesmobs:monastery",
        "projection": "rigid",
        "element_type": "mowziesmobs:mowzie_element",
        "bounds": {
          "bounds_min_offset": [ 4, 3, 2 ],
          "bounds_max_offset": [ -4, 0, -2 ],
          "ignore_bounds": true
        },
        "gen_order": -5
      }
    }
  ]
}