{
  "pools": [
    {
      "name": "amphithere",
      "rolls": 1,
      "entries": [
        {
          "type": "item",
          "name": "iceandfire:amphithere_feather",
          "weight": 1,
          "functions": [
            {
              "function": "set_count",
              "count": {
                "min": 1,
                "max": 7
              }
            },
            {
              "function": "looting_enchant",
              "count": {
                "min": 0,
                "max": 1
              }
            }
          ]
        }
      ]
    },
    {
      "name": "amphithere",
      "conditions": [
        {
          "condition": "killed_by_player"
        },
        {
          "condition": "random_chance_with_looting",
          "chance": 0.025,
          "looting_multiplier": 0.01
        }
      ],
      "rolls": 1,
      "entries": [
        {
          "type": "item",
          "name": "iceandfire:amphithere_skull",
          "weight": 1
        }
      ]
    }
  ]
}