{
  "pools": [
    {
      "name": "cyclops",
      "rolls": 1,
      "entries": [
        {
          "type": "item",
          "name": "minecraft:leather",
          "weight": 1,
          "functions": [
            {
              "function": "set_count",
              "count": {
                "min": 1,
                "max": 10
              }
            },
            {
              "function": "looting_enchant",
              "count": {
                "min": 0,
                "max": 2
              }
            }
          ]
        }
      ]
    },
    {
      "name": "cyclops",
      "rolls": 1,
      "entries": [
        {
          "type": "item",
          "name": "minecraft:mutton",
          "weight": 1,
          "functions": [
            {
              "function": "set_count",
              "count": {
                "min": 0,
                "max": 10
              }
            },
            {
              "function": "looting_enchant",
              "count": {
                "min": 0,
                "max": 2
              }
            }
          ]
        }
      ]
    },
    {
      "name": "cyclops",
      "rolls": 1,
      "entries": [
        {
          "type": "item",
          "name": "minecraft:white_wool",
          "weight": 1,
          "functions": [
            {
              "function": "set_count",
              "count": {
                "min": 0,
                "max": 5
              }
            },
            {
              "function": "looting_enchant",
              "count": {
                "min": 0,
                "max": 2
              }
            }
          ]
        }
      ]
    },
    {
      "name": "cyclops",
      "conditions": [
        {
          "condition": "killed_by_player"
        },
        {
          "condition": "random_chance_with_looting",
          "chance": 0.005,
          "looting_multiplier": 0.001
        }
      ],
      "rolls": 1,
      "entries": [
        {
          "type": "item",
          "name": "iceandfire:cyclops_eye",
          "weight": 1
        }
      ]
    },
    {
      "name": "cyclops",
      "conditions": [
        {
          "condition": "killed_by_player"
        },
        {
          "condition": "random_chance_with_looting",
          "chance": 0.0025,
          "looting_multiplier": 0.001
        }
      ],
      "rolls": 1,
      "entries": [
        {
          "type": "item",
          "name": "iceandfire:cyclops_skull",
          "weight": 1
        }
      ]
    }
  ]
}