{
  "pools": [
    {
      "name": "deathworm_yellow_giant",
      "rolls": 3,
      "entries": [
        {
          "type": "item",
          "name": "iceandfire:deathworm_chitin_yellow",
          "weight": 30,
          "functions": [
            {
              "function": "set_count",
              "count": {
                "min": 5,
                "max": 12
              }
            },
            {
              "function": "looting_enchant",
              "count": {
                "min": 0,
                "max": 2
              }
            }
          ]
        },
        {
          "type": "item",
          "name": "minecraft:rotten_flesh",
          "weight": 30,
          "functions": [
            {
              "function": "set_count",
              "count": {
                "min": 3,
                "max": 10
              }
            },
            {
              "function": "looting_enchant",
              "count": {
                "min": 0,
                "max": 1
              }
            }
          ]
        },
        {
          "type": "item",
          "name": "iceandfire:deathworm_egg_giant",
          "weight": 30,
          "functions": [
            {
              "function": "set_count",
              "count": {
                "min": -2,
                "max": 1
              }
            },
            {
              "function": "looting_enchant",
              "count": {
                "min": 0,
                "max": 1
              }
            }
          ]
        }
      ]
    },
    {
      "name": "deathworm_yellow_giant",
      "conditions": [
        {
          "condition": "killed_by_player"
        },
        {
          "condition": "random_chance_with_looting",
          "chance": 0.025,
          "looting_multiplier": 0.0
        }
      ],
      "rolls": 1,
      "entries": [
        {
          "type": "item",
          "name": "iceandfire:deathworm_tounge",
          "weight": 1
        }
      ]
    }
  ]
}