{
  "pools": [
    {
      "name": "hydra",
      "rolls": 3,
      "entries": [
        {
          "type": "item",
          "name": "iceandfire:hydra_fang",
          "weight": 1,
          "functions": [
            {
              "function": "set_count",
              "count": {
                "min": 2,
                "max": 5
              }
            },
            {
              "function": "looting_enchant",
              "count": {
                "min": 0,
                "max": 0
              }
            }
          ]
        },
        {
          "type": "item",
          "name": "minecraft:rotten_flesh",
          "weight": 1,
          "functions": [
            {
              "function": "set_count",
              "count": {
                "min": 0,
                "max": 4
              }
            },
            {
              "function": "looting_enchant",
              "count": {
                "min": 0,
                "max": 0
              }
            }
          ]
        }
      ]
    },
    {
      "name": "hydra",
      "conditions": [
        {
          "condition": "killed_by_player"
        },
        {
          "condition": "random_chance_with_looting",
          "chance": 0.0,
          "looting_multiplier": 0.0
        }
      ],
      "rolls": 1,
      "entries": [
        {
          "type": "item",
          "name": "iceandfire:hydra_heart",
          "weight": 1
        }
      ]
    },
    {
      "name": "hydra",
      "conditions": [
        {
          "condition": "killed_by_player"
        },
        {
          "condition": "random_chance_with_looting",
          "chance": 0.0025,
          "looting_multiplier": 0.0
        }
      ],
      "rolls": 1,
      "entries": [
        {
          "type": "item",
          "name": "iceandfire:hydra_skull",
          "weight": 1
        }
      ]
    }
  ]
}