{
  "pools": [
    {
      "name": "myrmex_worker_desert",
      "rolls": 2,
      "entries": [
        {
          "type": "item",
          "name": "iceandfire:myrmex_desert_chitin",
          "weight": 1,
          "functions": [
            {
              "function": "set_count",
              "count": {
                "min": 0,
                "max": 2
              }
            },
            {
              "function": "looting_enchant",
              "count": {
                "min": 0,
                "max": 1
              }
            }
          ]
        },
        {
          "type": "item",
          "name": "iceandfire:myrmex_desert_resin",
          "weight": 1,
          "functions": [
            {
              "function": "set_count",
              "count": {
                "min": -1,
                "max": 1
              }
            },
            {
              "function": "looting_enchant",
              "count": {
                "min": 0,
                "max": 1
              }
            }
          ]
        },
        {
          "type": "item",
          "name": "iceandfire:myrmex_stinger",
          "weight": 1,
          "functions": [
            {
              "function": "set_count",
              "count": {
                "min": -2,
                "max": 1
              }
            },
            {
              "function": "looting_enchant",
              "count": {
                "min": 0,
                "max": 0
              }
            }
          ]
        }
      ]
    }
  ]
}