{
  "__comment": "The customize_to_sea_serpent tag changes items to appear like the sea serpent(ex. red sea serpent scales -> blue sea serpent scales), and scales the stack size to the sea serpent's as well.",
  "pools": [
    {
      "name": "sea_serpent",
      "rolls": 1,
      "entries": [
        {
          "type": "item",
          "name": "iceandfire:sea_serpent_scales_blue",
          "weight": 1,
          "functions": [
            {
              "function": "set_count",
              "count": {
                "min": 1,
                "max": 7
              }
            },
            {
              "function": "iceandfire:customize_to_sea_serpent"
            }
          ]
        }
      ]
    },
    {
      "name": "sea_serpent",
      "rolls": 1,
      "entries": [
        {
          "type": "item",
          "name": "iceandfire:sea_serpent_fang",
          "weight": 1,
          "functions": [
            {
              "function": "set_count",
              "count": {
                "min": 1,
                "max": 4
              }
            },
            {
              "function": "iceandfire:customize_to_sea_serpent"
            }
          ]
        }
      ]
    },
    {
      "name": "sea_serpent",
      "conditions": [
        {
          "condition": "killed_by_player"
        },
        {
          "condition": "random_chance_with_looting",
          "chance": 0.0025,
          "looting_multiplier": 0.001
        }
      ],
      "rolls": 1,
      "entries": [
        {
          "type": "item",
          "name": "iceandfire:seaserpent_skull",
          "weight": 1
        }
      ]
    }
  ]
}