{
  "Version": "0.69",
  "CanBeReplaced": true,
  "Properties": {
    "StepHeight": 0.8,
    "Tamable": true
  },
  "Attributes": {
    "MaxHealth": 16.0,
    "MaxHunger": 20.0,
    "MaxEnergy": 50.0,
    "MovementSpeed": 0.3,
    "SwimSpeed": 2.0,
    "KnockbackResistance": 0.2,
    "FollowRange": 48.0,
    "AttackDamage": 4.0
  },
  "TameMethod": {
    "ID": "dawnera:feed_from_ground",
    "Chance": 5
  },
  "RandomActions": {
    "attack_random": [
      {
        "Action": "attack1,50%"
      },
      {
        "Action": "attack2,40%",
        "Conditions": [
          "dawnera:is_grown_up"
        ]
      },
      {
        "Action": "attack3,30%",
        "Conditions": [
          "dawnera:is_grown_up"
        ]
      }
    ]
  },
  "SpawnData": {
    "SpawnCount": "2-3",
    "SpawnWeight": 1,
    "RandomChance": 0.2,
    "Biomes": [
      {
        "ID": "minecraft:taiga"
      },
      {
        "ID": "minecraft:old_growth_pine_taiga"
      },
      {
        "ID": "minecraft:old_growth_spruce_taiga"
      },
      {
        "ID": "minecraft:savanna"
      },
      {
        "ID": "biomesoplenty:lush_desert"
      },
      {
        "ID": "biomesoplenty:lush_savanna"
      },
      {
        "ID": "biomesoplenty:coniferous_forest"
      },
      {
        "ID": "biomesoplenty:forested_field"
      },
      {
        "ID": "biomesoplenty:jade_cliffs"
      },
      {
        "ID": "biomesoplenty:mediterranean_forest"
      },
      {
        "ID": "biomesoplenty:old_growth_dead_forest"
      },
      {
        "ID": "biomesoplenty:redwood_forest"
      }
    ]
  },
  "AI": {
    "TargetGoals": [
      {
        "Priority": 0,
        "ID": "dawnera:target_hit_by_owner"
      },
      {
        "Priority": 1,
        "ID": "dawnera:target_owner_hit_by"
      },
      {
        "Priority": 1,
        "ID": "dawnera:target_hit_by",
        "AlertOthers": true
      },
      {
        "Priority": 1,
        "ID": "dawnera:target_has_baby"
      },
      {
        "Priority": 2,
        "ID": "dawnera:target_hunt"
      }
    ],
    "Goals": [
      {
        "Priority": 0,
        "ID": "dawnera:float_on_water"
      },
      {
        "Priority": 0,
        "ID": "dawnera:love_timed",
        "Delay": 2000
      },
      {
        "Priority": 0,
        "ID": "dawnera:join_pack",
        "Interval": 20,
        "MaxPackSize": 20
      },
      {
        "Priority": 1,
        "ID": "dawnera:avoid_low_health",
        "WalkSpeed": 1.4,
        "SprintSpeed": 1.4,
        "MaxDistance": 20
      },
      {
        "Priority": 1,
        "ID": "dawnera:breed_pregnancy",
        "Speed": 0.7
      },
      {
        "Priority": 1,
        "ID": "dawnera:deinonychus.jump_on_target",
        "Interval": 80
      },
      {
        "Priority": 2,
        "ID": "dawnera:deinonychus.open_door"
      },
      {
        "Priority": 2,
        "ID": "dawnera:lay_egg",
        "Speed": 0.7,
        "EggBlock": "dawnera:deinonychus_egg",
        "PositionChooser": "LAND"
      },
      {
        "Priority": 3,
        "ID": "dawnera:pack_melee_attack",
        "Speed": 1.4,
        "MeleeRange": 2.0,
        "ShouldSeeTarget": false,
        "CanUse": [
          "dawnera:is_not_sleeping",
          "dawnera:is_grown_up"
        ],
        "StartAggression": {
          "Conditions": [
            "dawnera:is_not_in_water",
            "dawnera:random_chance,50"
          ],
          "Actions": [
            "dawnera:stop_action,StateController",
            "dawnera:play_action,ActionController,scream"
          ]
        },
        "PerformAttack": {
          "Conditions": [
            "dawnera:is_no_action"
          ],
          "Actions": [
            "dawnera:focus_on_target",
            "dawnera:play_random_action,ActionController,attack_random"
          ]
        }
      },
      {
        "Priority": 3,
        "ID": "dawnera:follow_owner",
        "Speed": 1.4,
        "StartFollowDistance": 4,
        "StopFollowDistance": 2,
        "TeleportDistance": 10,
        "CanFly": false
      },
      {
        "Priority": 4,
        "ID": "dawnera:eat_food",
        "Speed": 0.8,
        "HorizontalDistance": 10,
        "VerticalDistance": 3,
        "MaxItemCountCanEat": 1,
        "CanUse": [
          "dawnera:is_no_action",
          "dawnera:is_not_sleeping_or_resting",
          "dawnera:is_not_in_water"
        ],
        "ShouldCanBeUsedToContinue": true,
        "FoodEat": {
          "Actions": [
            "dawnera:play_action,ActionController,eat"
          ]
        }
      },
      {
        "Priority": 4,
        "ID": "dawnera:follow_parent",
        "Speed": 1.4,
        "VisibilityDistance": 20,
        "AcceptableDistance": 8
      },
      {
        "Priority": 4,
        "ID": "dawnera:follow_pack_leader",
        "Speed": 1.4,
        "AcceptableDistance": 10
      },
      {
        "Priority": 5,
        "ID": "dawnera:look_around"
      },
      {
        "Priority": 6,
        "ID": "dawnera:random_stroll",
        "Speed": 0.7,
        "PositionChooser": "LAND"
      }
    ]
  },
  "StateMachine": [
    {
      "ID": "ActionController",
      "Actions": [
        {
          "ID": "open",
          "Length": 0.56
        },
        {
          "ID": "scream",
          "Length": 2.6
        },
        {
          "ID": "call",
          "Length": 2.16
        },
        {
          "ID": "attack1",
          "Length": 0.48
        },
        {
          "ID": "attack2",
          "Length": 0.48
        },
        {
          "ID": "attack3",
          "Length": 0.48
        },
        {
          "ID": "jump",
          "Length": 1.0
        },
        {
          "ID": "land",
          "Length": 0.64
        },
        {
          "ID": "clean",
          "Length": 2.4
        },
        {
          "ID": "down",
          "Length": 0.76
        },
        {
          "ID": "fall_asleep",
          "Length": 1.4
        },
        {
          "ID": "wake_up",
          "Length": 1.52
        },
        {
          "ID": "up",
          "Length": 0.64
        },
        {
          "ID": "eat",
          "Length": 2.92
        }
      ]
    },
    {
      "ID": "StateController",
      "Actions": [
        {
          "ID": "rest"
        },
        {
          "ID": "sleep"
        }
      ]
    }
  ],
  "FoodRation": {
    "Items": [
      {
        "Tag": "dawnera:foods/raw_meat"
      }
    ],
    "Entities": [
      {
        "Tag": "dawnera:size/small"
      },
      {
        "Tag": "dawnera:size/medium",
        "Conditions": [
          "dawnera:is_pack_size,\u003e\u003d,3"
        ]
      },
      {
        "Tag": "dawnera:size/big",
        "Conditions": [
          "dawnera:is_pack_size,\u003e\u003d,6"
        ]
      }
    ]
  },
  "MobSchedule": {
    "Conditions": [
      "dawnera:is_alive",
      "dawnera:is_on_ground",
      "dawnera:has_no_target"
    ],
    "Tasks": [
      {
        "Start": "05:00",
        "End": "05:10",
        "Actions": [
          "dawnera:lie_down"
        ]
      },
      {
        "Start": "05:10",
        "End": "08:40",
        "Actions": [
          "dawnera:sleep"
        ]
      },
      {
        "Start": "08:40",
        "End": "08:45",
        "Actions": [
          "dawnera:wake_up"
        ]
      },
      {
        "Start": "08:45",
        "End": "05:00",
        "Actions": [
          "dawnera:stand_up"
        ]
      }
    ]
  }
}