{
  "anim_state": "CONSUME",
  "class": "ULTIMATE",
  "cooldown_type": "STAND_ULTIMATE",
  "move": {
    "type": "jcraft:cream_consume_attack",
    "attack_extras": {
      "backstab": true,
      "block_stun": 6,
      "hit_animation": "MID",
      "hit_spark": "HIT_SPARK_1"
    },
    "cooldown": 640,
    "damage": 2.0,
    "duration": 40,
    "extras": {
      "description": {
        "text": "high windup, 6 seconds"
      },
      "init_actions": [
        {
          "type": "jcraft:play_sound",
          "sound": "jcraft:creamconsume"
        }
      ],
      "name": {
        "text": "Void"
      },
      "ranged": true
    },
    "hitbox_size": 2.0,
    "knockback": 0.0,
    "move_distance": 1.0,
    "offset": 0.0,
    "stun": 0,
    "windup": 35
  }
}