{
  "anim_state": "LIGHT",
  "class": "LIGHT",
  "cooldown_type": "STAND_LIGHT",
  "followup": {
    "anim_state": "LIGHT_FOLLOWUP",
    "class": "LIGHT",
    "cooldown_type": "STAND_LIGHT",
    "followup": {
      "anim_state": "LIGHT_FINAL",
      "class": "LIGHT",
      "cooldown_type": "STAND_LIGHT",
      "move": {
        "type": "jcraft:shared_simple_attack",
        "attack_extras": {
          "backstab": true,
          "block_stun": 7,
          "hit_animation": "MID",
          "hit_spark": "HIT_SPARK_1"
        },
        "cooldown": 0,
        "damage": 3.0,
        "duration": 22,
        "extras": {
          "actions": [
            {
              "type": "jcraft:play_sound",
              "on_impact": true,
              "sound": "jcraft:impact9"
            }
          ],
          "description": {
            "text": "quick combo starter"
          },
          "finisher": {
            "move": {
              "type": "jcraft:shared_simple_attack",
              "attack_extras": {
                "backstab": true,
                "block_stun": 9,
                "hit_animation": "LAUNCH",
                "hit_spark": "HIT_SPARK_2",
                "override_stun": true,
                "shockwaves": true,
                "stun_type": "LAUNCH"
              },
              "cooldown": 0,
              "damage": 5.0,
              "duration": 22,
              "extras": {
                "name": {
                  "text": "Launch"
                }
              },
              "hitbox_size": 1.7,
              "knockback": 1.25,
              "move_distance": 0.75,
              "offset": 0.2,
              "stun": 6,
              "windup": 18
            },
            "tick": 16
          },
          "name": {
            "text": "Impale"
          }
        },
        "hitbox_size": 1.6,
        "knockback": 0.25,
        "move_distance": 0.75,
        "offset": 0.2,
        "stun": 10,
        "windup": 12
      }
    },
    "move": {
      "type": "jcraft:shared_simple_attack",
      "attack_extras": {
        "backstab": true,
        "block_stun": 8,
        "hit_animation": "MID",
        "hit_spark": "HIT_SPARK_1"
      },
      "cooldown": 20,
      "damage": 4.0,
      "duration": 15,
      "extras": {
        "actions": [
          {
            "type": "jcraft:play_sound",
            "on_impact": true,
            "sound": "minecraft:entity.player.attack.sweep"
          }
        ],
        "description": {
          "text": "quick combo starter"
        },
        "name": {
          "text": "Slice (2nd Hit)"
        }
      },
      "hitbox_size": 1.5,
      "knockback": 0.25,
      "move_distance": 0.75,
      "offset": 0.2,
      "stun": 14,
      "windup": 6
    }
  },
  "move": {
    "type": "jcraft:shared_simple_attack",
    "attack_extras": {
      "backstab": true,
      "block_stun": 8,
      "hit_animation": "MID",
      "hit_spark": "HIT_SPARK_1"
    },
    "cooldown": 20,
    "damage": 4.0,
    "duration": 10,
    "extras": {
      "actions": [
        {
          "type": "jcraft:play_sound",
          "on_impact": true,
          "sound": "minecraft:entity.player.attack.sweep"
        }
      ],
      "description": {
        "text": "quick combo starter"
      },
      "name": {
        "text": "Slice"
      }
    },
    "hitbox_size": 1.5,
    "knockback": 0.15,
    "move_distance": 0.75,
    "offset": 0.2,
    "stun": 11,
    "windup": 6
  }
}