{
  "anim_state": "REKKA2",
  "class": "SPECIAL2",
  "cooldown_type": "SPECIAL2",
  "move": {
    "type": "jcraft:anubis_simple_anubis_multi_hit_attack",
    "attack_extras": {
      "backstab": true,
      "block_stun": 8,
      "hit_animation": "MID",
      "hit_spark": "HIT_SPARK_1"
    },
    "cooldown": 180,
    "damage": 4.0,
    "duration": 26,
    "extras": {
      "actions": [
        {
          "type": "jcraft:play_sound",
          "on_impact": true,
          "sound": "jcraft:impact4"
        }
      ],
      "init_actions": [
        {
          "type": "jcraft:play_sound",
          "sound": "jcraft:anubisrekka2"
        }
      ],
      "name": {
        "text": "Cleaving Strikes (2 Hits)"
      }
    },
    "hit_moments": [
      8,
      20
    ],
    "hitbox_size": 1.75,
    "knockback": 0.2,
    "move_distance": 1.0,
    "offset": -0.1,
    "stun": 15,
    "unsheathe_sweep": false
  }
}