{
  "type": "minecraft:entity",
  "pools": [
    {
      "rolls": 1,
      "entries": [
        {
          "type": "minecraft:item",
          "name": "mythsandlegends:gargoyle_fragment",
          "weight": 1,
          "functions": [
            {
              "function": "minecraft:set_count",
              "count": {
                "min": 0,
                "max": 2
              }
            }
          ],
          "conditions": [
            {
              "condition": "minecraft:random_chance_with_looting",
              "chance": 0.15,
              "looting_multiplier": 0.3
            }
          ]
        }
      ]
    },
    {
      "rolls": 1,
      "entries": [
        {
          "type": "minecraft:item",
          "name": "mythsandlegends:gargoyle_shard",
          "weight": 1,
          "functions": [
            {
              "function": "minecraft:set_count",
              "count": {
                "min": 0,
                "max": 2
              },
              "conditions": [
                {
                  "condition": "minecraft:random_chance_with_looting",
                  "chance": 0.1,
                  "looting_multiplier": 0.3
                }
              ]
            }
          ]
        }
      ]
    }
  ],
  "random_sequence": "mythsandlegends:entities/gargoyle"
}
