{
  "type": "minecraft:entity",
  "pools": [
    {
      "rolls": 1,
      "entries": [
        {
          "type": "minecraft:item",
          "name": "mythsandlegends:cursed_core",
          "weight": 1,
          "functions": [
            {
              "function": "minecraft:set_count",
              "count": {
                "min": 0,
                "max": 1
              }
            }
          ],
          "conditions": [
            {
              "condition": "minecraft:random_chance_with_looting",
              "chance": 0.03,
              "looting_multiplier": 0.06
            }
          ]
        }
      ]
    },
    {
      "rolls": 1,
      "entries": [
        {
          "type": "minecraft:item",
          "name": "mythsandlegends:possessed_armor_fragment",
          "weight": 2,
          "functions": [
            {
              "function": "minecraft:set_count",
              "count": {
                "min": 0,
                "max": 2
              },
              "conditions": [
                {
                  "condition": "minecraft:random_chance_with_looting",
                  "chance": 0.08,
                  "looting_multiplier": 0.12
                }
              ]
            }
          ]
        }
      ]
    }
  ],
  "random_sequence": "mythsandlegends:entities/possessed_armor"
}
