{
  "anim_state": "FLAG",
  "class": "UTILITY",
  "cooldown_type": "UTILITY",
  "move": {
    "type": "jcraft:dirtydeedsdonedirtcheap_flag_move",
    "cooldown": 280,
    "duration": 60,
    "extras": {
      "description": {
        "text": "hides in a flag in an un-stunnable, floating state"
      },
      "init_actions": [
        {
          "type": "jcraft:play_sound",
          "sound": "jcraft:d4cutility"
        }
      ],
      "mobility_type": "HIGHJUMP",
      "name": {
        "text": "Dimensional Phase"
      }
    },
    "move_distance": 0.0,
    "windup": 10
  }
}