{
  "anim_state": "FULL_RELEASE",
  "class": "ULTIMATE",
  "cooldown_type": "STAND_ULTIMATE",
  "move": {
    "type": "jcraft:purplehaze_full_release_attack",
    "attack_extras": {
      "backstab": true,
      "block_stun": 7,
      "hit_animation": "LOW",
      "hit_spark": "HIT_SPARK_1"
    },
    "cooldown": 600,
    "damage": 3.0,
    "duration": 30,
    "extras": {
      "armor": 2147483647,
      "description": {
        "text": "launches 2 sets of 3 capsules in a hexagonal pattern, uninterruptable"
      },
      "init_actions": [
        {
          "type": "jcraft:play_sound",
          "sound": "jcraft:phultimate"
        }
      ],
      "name": {
        "text": "Full Release"
      }
    },
    "hit_moments": [
      14,
      24
    ],
    "hitbox_size": 1.75,
    "knockback": 0.45,
    "move_distance": 0.75,
    "offset": 0.2,
    "stun": 11
  }
}