{
  "type": "minecraft:crafting_shaped",
  "category": "misc",
  "pattern": [
    " ab",
    "ac ",
    " d "
  ],
  "key": {
    "a": {
      "item": "born_in_chaos_v1:nightmare_claw"
    },
    "b": {
      "item": "born_in_chaos_v1:dark_metal_nugget"
    },
    "c": {
      "item": "born_in_chaos_v1:dark_metal_ingot"
    },
    "d": {
      "item": "born_in_chaos_v1:bone_handle"
    }
  },
  "result": {
    "item": "born_in_chaos_v1:soul_cutlass",
    "count": 1
  }
}