{
  "type": "minecraft:crafting_shaped",
  "category": "misc",
  "pattern": [
    "aba",
    "cdc",
    " e "
  ],
  "key": {
    "a": {
      "item": "born_in_chaos_v1:dark_metal_nugget"
    },
    "b": {
      "item": "born_in_chaos_v1:orbofthe_summoner"
    },
    "c": {
      "item": "minecraft:bone"
    },
    "d": {
      "item": "born_in_chaos_v1:shattered_skull"
    },
    "e": {
      "item": "born_in_chaos_v1:bone_handle"
    }
  },
  "result": {
    "item": "born_in_chaos_v1:bonescaller_staff",
    "count": 1
  }
}