{
  "anim_state": "MEDIUM",
  "class": "HEAVY",
  "cooldown_type": "STAND_HEAVY",
  "move": {
    "type": "jcraft:shared_simple_attack",
    "attack_extras": {
      "backstab": true,
      "block_stun": 11,
      "hit_animation": "CRUSH",
      "hit_spark": "HIT_SPARK_2"
    },
    "cooldown": 60,
    "damage": 7.0,
    "duration": 13,
    "extras": {
      "actions": [
        {
          "type": "jcraft:play_sound",
          "on_impact": true,
          "sound": "jcraft:impact1"
        }
      ],
      "description": {
        "text": "combo starter/extender"
      },
      "init_actions": [
        {
          "type": "jcraft:play_sound",
          "sound": "jcraft:wsdonut"
        }
      ],
      "name": {
        "text": "Gut Punch"
      }
    },
    "hitbox_size": 1.75,
    "knockback": 0.4,
    "move_distance": 1.0,
    "offset": 0.0,
    "stun": 16,
    "windup": 8
  }
}