{
  "display": {
    "flash": {
      "size": 1.0,
      "yOffset": 3.75,
      "zOffset": -7.0
    }
  },
  "general": {
    "alwaysSpread": true,
    "fireMode": "jeg:semi_automatic",
    "gripType": "jeg:two_handed",
    "rate": 2,
    "recoilAngle": 3.8,
    "recoilKick": 0.2,
    "spread": 3.0
  },
  "modules": {
    "attachments": {
      "barrel": {
        "yOffset": 3.75,
        "zOffset": -8.5
      },
      "magazine": {
        "scale": 0.0
      },
      "scope": {
        "yOffset": 4.245,
        "zOffset": 4.0
      },
      "stock": {
        "xOffset": 0.225,
        "yOffset": 2.58,
        "zOffset": 8.05
      },
      "underBarrel": {
        "yOffset": 2.645,
        "zOffset": 1.0
      }
    },
    "zoom": {
      "fovModifier": 0.6,
      "yOffset": 5.3,
      "zOffset": -1.75
    }
  },
  "projectile": {
    "advantage": "jeg:none",
    "damage": 6.5,
    "ejectsCasing": true,
    "headshotMultiplier": 1.5,
    "item": "jeg:rifle_ammo",
    "life": 100,
    "size": 0.2,
    "speed": 30.0,
    "trailLengthMultiplier": 2.0,
    "trailColor": -256
  },
  "reloads": {
    "emptyMagTimer": 10,
    "maxAmmo": 30,
    "reloadTimer": 30,
    "reloadType": "jeg:mag_fed"
  },
  "sounds": {
    "fire": "aurorasarsenal:item.ar_15.fire",
    "reload": "jeg:item.pistol.reload",
    "silencedFire": "aurorasarsenal:item.ar_15.silenced_fire"
  }
}