{
  "display": {
    "flash": {
      "size": 1.0,
      "yOffset": 3.25,
      "zOffset": -10.5
    }
  },
  "general": {
    "alwaysSpread": true,
    "fireMode": "jeg:automatic",
    "gripType": "jeg:two_handed",
    "rate": 3,
    "recoilAngle": 2.0,
    "recoilKick": 0.2,
    "spread": 3.0
  },
  "modules": {
    "attachments": {
      "barrel": {
        "yOffset": 3.25,
        "zOffset": -10.5
      },
      "scope": {
        "yOffset": 3.65,
        "zOffset": 5.0
      }
    },
    "zoom": {
      "fovModifier": 0.6,
      "yOffset": 4.0,
      "zOffset": -1.75
    }
  },
  "projectile": {
    "advantage": "jeg:none",
    "damage": 10.5,
    "ejectsCasing": true,
    "headshotMultiplier": 1.5,
    "item": "jeg:rifle_ammo",
    "life": 100,
    "size": 0.2,
    "speed": 12,
    "trailLengthMultiplier": 5.0,
    "trailColor": -256
  },
  "reloads": {
    "emptyMagTimer": 10,
    "maxAmmo": 100,
    "reloadTimer": 30,
    "reloadType": "jeg:mag_fed"
  },
  "sounds": {
    "fire": "aurorasarsenal:item.rpd.fire",
    "reload": "jeg:item.pistol.reload",
    "silencedFire": "aurorasarsenal:item.ak_74m.silenced_fire"
  }
}