{
  "type": "minecraft:crafting_shaped",
  "category": "misc",
  "pattern": [
    "0 2",
    "345",
    "678"
  ],
  "key": {
    "0": {
      "item": "deep_dark_regrowth:sculk_remnants"
    },
    "2": {
      "item": "deep_dark_regrowth:sculk_remnants"
    },
    "3": {
      "item": "deep_dark_regrowth:soul_of_the_depths"
    },
    "4": {
      "item": "deep_dark_regrowth:sculk_heart"
    },
    "5": {
      "item": "deep_dark_regrowth:soul_of_the_depths"
    },
    "6": {
      "item": "deep_dark_regrowth:sculk_remnants"
    },
    "7": {
      "item": "minecraft:netherite_ingot"
    },
    "8": {
      "item": "deep_dark_regrowth:sculk_remnants"
    }
  },
  "result": {
    "item": "deep_dark_regrowth:ancient_chestplate",
    "count": 1
  }
}