{
  "anim_state": "GRAB",
  "class": "SPECIAL3",
  "cooldown_type": "STAND_SP3",
  "crouching_variant": {
    "anim_state": "GRAB",
    "class": "SPECIAL3",
    "cooldown_type": "STAND_SP3",
    "move": {
      "type": "jcraft:shared_grab_attack",
      "attack_extras": {
        "backstab": true,
        "block_stun": 6,
        "blockable_type": "NON_BLOCKABLE",
        "hit_spark": "HIT_SPARK_1",
        "override_stun": true,
        "stun_type": "UNBURSTABLE"
      },
      "cooldown": 280,
      "damage": 2.0,
      "duration": 20,
      "extras": {
        "actions": [
          {
            "type": "jcraft:play_sound",
            "on_impact": true,
            "sound": "jcraft:sptwgrabhit"
          }
        ],
        "description": {
          "text": "grab, high damage combo-finishing knockdown"
        },
        "init_actions": [
          {
            "type": "jcraft:play_sound",
            "sound": "jcraft:sptwgrab"
          }
        ],
        "name": {
          "translate": "jcraft.sptw.sp3"
        }
      },
      "grab_duration": 15,
      "hit_move": {
        "type": "jcraft:shared_knockdown_attack",
        "attack_extras": {
          "backstab": true,
          "block_stun": 13,
          "hit_animation": "CRUSH",
          "hit_spark": "HIT_SPARK_3"
        },
        "cooldown": 0,
        "damage": 9.0,
        "duration": 24,
        "extras": {
          "actions": [
            {
              "type": "jcraft:play_sound",
              "on_impact": true,
              "sound": "jcraft:impact1"
            }
          ],
          "armor": 2147483647,
          "init_actions": [
            {
              "type": "jcraft:play_sound",
              "sound": "jcraft:sptwuppercut"
            }
          ],
          "name": {
            "translate": "jcraft.sptw.crsp3hit"
          }
        },
        "hitbox_size": 1.75,
        "knockback": 0.4,
        "knockdown_duration": 25,
        "move_distance": 1.0,
        "offset": 0.0,
        "stun": 10,
        "windup": 16
      },
      "hit_state": "GRAB_HIT2",
      "hitbox_size": 1.5,
      "knockback": 0.1,
      "move_distance": 1.0,
      "offset": 0.0,
      "stun": 20,
      "windup": 8
    }
  },
  "move": {
    "type": "jcraft:shared_grab_attack",
    "attack_extras": {
      "backstab": true,
      "block_stun": 6,
      "blockable_type": "NON_BLOCKABLE",
      "hit_spark": "HIT_SPARK_1",
      "override_stun": true,
      "stun_type": "UNBURSTABLE"
    },
    "cooldown": 280,
    "damage": 2.0,
    "duration": 20,
    "extras": {
      "actions": [
        {
          "type": "jcraft:play_sound",
          "on_impact": true,
          "sound": "jcraft:sptwgrabhit"
        }
      ],
      "description": {
        "text": "grab, combo-starting uppercut"
      },
      "init_actions": [
        {
          "type": "jcraft:play_sound",
          "sound": "jcraft:sptwgrab"
        }
      ],
      "name": {
        "translate": "jcraft.sptw.sp3"
      }
    },
    "grab_duration": 15,
    "hit_move": {
      "type": "jcraft:shared_simple_attack",
      "attack_extras": {
        "backstab": true,
        "block_stun": 10,
        "hit_animation": "CRUSH",
        "hit_spark": "HIT_SPARK_2",
        "override_stun": true,
        "shockwaves": true,
        "stun_type": "LAUNCH"
      },
      "cooldown": 0,
      "damage": 6.0,
      "duration": 24,
      "extras": {
        "actions": [
          {
            "type": "jcraft:play_sound",
            "on_impact": true,
            "sound": "jcraft:impact6"
          },
          {
            "type": "jcraft:effect",
            "effects": [
              {
                "ambient": true,
                "amplifier": 10,
                "duration": 5,
                "effect": "minecraft:levitation",
                "show_icon": false,
                "visible": false
              }
            ]
          }
        ],
        "armor": 2147483647,
        "init_actions": [
          {
            "type": "jcraft:play_sound",
            "sound": "jcraft:sptwuppercut"
          }
        ],
        "name": {
          "translate": "jcraft.sptw.sp3hit"
        }
      },
      "hitbox_size": 1.75,
      "knockback": 0.4,
      "move_distance": 1.0,
      "offset": 0.0,
      "stun": 20,
      "windup": 16
    },
    "hit_state": "GRAB_HIT",
    "hitbox_size": 1.5,
    "knockback": 0.1,
    "move_distance": 1.0,
    "offset": 0.0,
    "stun": 20,
    "windup": 8
  }
}