{
  "anim_state": "BARRAGE",
  "class": "BARRAGE",
  "cooldown_type": "STAND_BARRAGE",
  "move": {
    "type": "jcraft:shared_main_barrage_attack",
    "attack_extras": {
      "backstab": true,
      "block_stun": 3,
      "hit_animation": "MID",
      "shockwaves": true,
      "stun_type": "WINDED"
    },
    "cooldown": 280,
    "damage": 1.0,
    "duration": 40,
    "extras": {
      "description": {
        "text": "fast reliable combo starter/extender/finisher, medium stun, knocks back"
      },
      "finisher": {
        "move": {
          "type": "jcraft:shared_barrage_attack",
          "attack_extras": {
            "backstab": true,
            "block_stun": 3,
            "hit_animation": "LAUNCH",
            "hit_spark": "HIT_SPARK_2",
            "override_stun": true,
            "shockwaves": true,
            "stun_type": "LAUNCH"
          },
          "cooldown": 0,
          "damage": 1.0,
          "duration": 50,
          "extras": {
            "actions": [
              {
                "type": "jcraft:play_sound",
                "on_impact": true,
                "sound": "jcraft:impact6"
              }
            ],
            "name": {
              "text": "Barrage (Final Hit)"
            }
          },
          "hitbox_size": 1.5,
          "interval": 3,
          "knockback": 1.1,
          "move_distance": 0.85,
          "offset": 0.0,
          "stun": 10,
          "windup": 0
        },
        "tick": 36
      },
      "init_actions": [
        {
          "type": "jcraft:play_sound",
          "sound": "jcraft:kcbarrage"
        }
      ],
      "is_holdable": true,
      "name": {
        "text": "Barrage"
      }
    },
    "hitbox_size": 1.5,
    "interval": 3,
    "knockback": 0.1,
    "mineable_hardness": 50.0,
    "move_distance": 0.85,
    "offset": 0.0,
    "stun": 20,
    "windup": 0
  }
}