{
  "type": "minecraft:crafting_shaped",
  "category": "misc",
  "pattern": [
    "412",
    "345",
    "674"
  ],
  "key": {
    "1": {
      "item": "born_in_chaos_v1:dark_metal_ingot"
    },
    "2": {
      "item": "born_in_chaos_v1:monster_skin"
    },
    "3": {
      "item": "born_in_chaos_v1:dark_metal_ingot"
    },
    "4": {
      "item": "minecraft:netherite_ingot"
    },
    "5": {
      "item": "born_in_chaos_v1:dark_metal_ingot"
    },
    "6": {
      "item": "born_in_chaos_v1:monster_skin"
    },
    "7": {
      "item": "born_in_chaos_v1:dark_metal_ingot"
    }
  },
  "result": {
    "item": "born_in_chaos_v1:armor_plate_from_dark_metal",
    "count": 1
  }
}