{
  "type": "minecraft:crafting_shaped",
  "category": "misc",
  "pattern": [
    "0 2",
    "3 5"
  ],
  "key": {
    "0": {
      "item": "born_in_chaos_v1:pieceofdarkmetal"
    },
    "2": {
      "item": "born_in_chaos_v1:pieceofdarkmetal"
    },
    "3": {
      "item": "born_in_chaos_v1:monster_skin"
    },
    "5": {
      "item": "born_in_chaos_v1:monster_skin"
    }
  },
  "result": {
    "item": "born_in_chaos_v1:nightmare_mantleofthe_night_boots",
    "count": 1
  }
}