{
  "type": "minecraft:crafting_shaped",
  "category": "misc",
  "pattern": [
    "012",
    "  5",
    " 7 "
  ],
  "key": {
    "0": {
      "item": "born_in_chaos_v1:nightmare_claw"
    },
    "1": {
      "item": "born_in_chaos_v1:nightmare_claw"
    },
    "2": {
      "item": "born_in_chaos_v1:dark_metal_ingot"
    },
    "5": {
      "item": "born_in_chaos_v1:bone_handle"
    },
    "7": {
      "item": "born_in_chaos_v1:bone_handle"
    }
  },
  "result": {
    "item": "born_in_chaos_v1:nightmare_scythe",
    "count": 1
  }
}