{
  "type": "minecraft:crafting_shaped",
  "category": "misc",
  "pattern": [
    "012",
    "345"
  ],
  "key": {
    "0": {
      "item": "born_in_chaos_v1:scarlet_stained_glass"
    },
    "1": {
      "item": "born_in_chaos_v1:scarlet_stained_glass"
    },
    "2": {
      "item": "born_in_chaos_v1:scarlet_stained_glass"
    },
    "3": {
      "item": "born_in_chaos_v1:scarlet_stained_glass"
    },
    "4": {
      "item": "born_in_chaos_v1:scarlet_stained_glass"
    },
    "5": {
      "item": "born_in_chaos_v1:scarlet_stained_glass"
    }
  },
  "result": {
    "item": "born_in_chaos_v1:scarlet_stained_glass_panel",
    "count": 16
  }
}