{
  "type": "minecraft:crafting_shaped",
  "category": "misc",
  "pattern": [
    "01",
    "23",
    "45"
  ],
  "key": {
    "0": {
      "item": "born_in_chaos_v1:scorched_planks"
    },
    "1": {
      "item": "born_in_chaos_v1:scorched_planks"
    },
    "2": {
      "item": "born_in_chaos_v1:scorched_planks"
    },
    "3": {
      "item": "born_in_chaos_v1:scorched_planks"
    },
    "4": {
      "item": "born_in_chaos_v1:scorched_planks"
    },
    "5": {
      "item": "born_in_chaos_v1:scorched_planks"
    }
  },
  "result": {
    "item": "born_in_chaos_v1:scorched_planks_door",
    "count": 2
  }
}