{
  "type": "forge:add_spawns",
  "biomes": [
    "badlands",
    "bamboo_jungle",
    "beach",
    "birch_forest",
    "cherry_grove",
    "cold_ocean",
    "dark_forest",
    "deep_cold_ocean",
    "deep_frozen_ocean",
    "deep_lukewarm_ocean",
    "deep_ocean",
    "desert",
    "dripstone_caves",
    "eroded_badlands",
    "flower_forest",
    "forest",
    "frozen_ocean",
    "frozen_peaks",
    "frozen_river",
    "grove",
    "ice_spikes",
    "jagged_peaks",
    "jungle",
    "lukewarm_ocean",
    "lush_caves",
    "mangrove_swamp",
    "meadow",
    "mushroom_fields",
    "ocean",
    "old_growth_birch_forest",
    "old_growth_pine_taiga",
    "old_growth_spruce_taiga",
    "plains",
    "river",
    "savanna",
    "savanna_plateau",
    "small_end_islands",
    "snowy_slopes",
    "snowy_beach",
    "snowy_plains",
    "snowy_taiga",
    "sparse_jungle",
    "stony_peaks",
    "stony_shore",
    "sunflower_plains",
    "swamp",
    "taiga",
    "warm_ocean",
    "windswept_forest",
    "windswept_gravelly_hills",
    "windswept_hills",
    "windswept_savanna",
    "wooded_badlands"
  ],
  "spawners": {
    "type": "threateningly_mobs:strong_zombie_warrior",
    "weight": 6,
    "minCount": 1,
    "maxCount": 2
  }
}