{
  "pools": [
    {
      "name": "umvuthana_bliss",
      "rolls": 1,
      "conditions": [
        {
          "condition": "random_chance_with_looting",
          "chance": 0.333,
          "looting_multiplier": 0.2
        }
      ],
      "entries": [
        {
          "type": "item",
          "name": "mowziesmobs:umvuthana_mask_bliss",
          "weight": 1
        }
      ]
    },
    {
      "name": "umvuthana_feather",
      "rolls": 1,
      "entries": [
        {
          "type": "item",
          "name": "minecraft:feather",
          "weight": 1,
          "functions": [
            {
              "function": "set_count",
              "count": {
                "min": 0,
                "max": 2
              }
            },
            {
              "function": "looting_enchant",
              "count": {
                "min": 0,
                "max": 1
              }
            }
          ]
        }
      ]
    }
  ]
}