{
  "pools": [
    {
      "name": "barako",
      "rolls": 1,
      "conditions": [
        {
          "condition": "killed_by_player"
        }
      ],
      "entries": [
        {
          "type": "item",
          "name": "mowziesmobs:sol_visage",
          "weight": 1
        }
      ]
    },
    {
      "name": "umvuthana_feather",
      "rolls": 1,
      "entries": [
        {
          "type": "item",
          "name": "minecraft:feather",
          "weight": 1,
          "functions": [
            {
              "function": "set_count",
              "count": {
                "min": 0,
                "max": 4
              }
            },
            {
              "function": "looting_enchant",
              "count": {
                "min": 0,
                "max": 2
              }
            }
          ]
        }
      ]
    }
  ]
}