{
    "type": "jeg:scrap_workbench",
    "result": {
        "item": "mteg:baker_rifle"
    },
    "materials": [
        {
            "item": "minecraft:spruce_planks",
            "count": 8
        },
        {
            "item": "minecraft:gold_ingot",
            "count": 2
        },
        {
            "item": "minecraft:iron_ingot",
            "count": 5
        },
        {
            "item": "minecraft:flint",
            "count": 1
        },
        {
            "item": "jeg:scrap",
            "count": 40
        }
    ]
}