{
  "type": "jeg:gunnite_workbench",
  "result": {
    "item": "mteg:famas"
  },
  "materials": [
    {
      "item": "jeg:scrap",
      "count": 40
    },
    {
      "item": "jeg:gunnite_ingot",
      "count": 25
    },
    {
      "item": "jeg:gunmetal_ingot",
      "count": 5
    },
    {
      "item": "minecraft:repeater",
      "count": 1
    },
    {
      "item": "minecraft:redstone_torch",
      "count": 1
    },
    {
      "item": "minecraft:black_dye",
      "count": 4
    }
  ]
}