{
  "type": "jeg:gunnite_workbench",
  "result": {
    "item": "mteg:m16_lsw"
  },
  "materials": [
    {
      "item": "minecraft:netherite_ingot",
      "count": 3
    },
    {
      "item": "minecraft:iron_ingot",
      "count": 32
    },
    {
      "item": "minecraft:chain",
      "count": 2
    },
    {
      "item": "minecraft:repeater",
      "count": 2
    },
    {
      "item": "minecraft:black_dye",
      "count": 4
    },
    {
      "item": "jeg:scrap",
      "count": 70
    },
    {
      "item": "jeg:gunnite_ingot",
      "count": 31
    },
    {
      "item": "jeg:gunmetal_ingot",
      "count": 15
    }
  ]
}