{
  "type": "jeg:gunnite_workbench",
  "result": {
    "item": "mteg:m16a1"
  },
  "materials": [
    {
      "item": "minecraft:iron_ingot",
      "count": 25
    },
    {
      "item": "jeg:scrap",
      "count": 30
    },
    {
      "item": "jeg:gunnite_ingot",
      "count": 26
    },
    {
      "item": "jeg:gunmetal_ingot",
      "count": 10
    },
    {
      "item": "minecraft:repeater",
      "count": 1
    },
    {
      "item": "minecraft:black_dye",
      "count": 4
    }
  ]
}