{
    "type": "jeg:gunmetal_workbench",
    "result": {
        "item": "mteg:m1_garand"
    },
    "materials": [
        {
            "item": "minecraft:iron_ingot",
            "count": 3
        },{
            "item": "jeg:scrap",
            "count": 30
        },
        {
            "item": "jeg:gunmetal_ingot",
            "count": 35
        },
        {
            "item": "minecraft:spruce_planks",
            "count": 5
        },
        {
            "item": "minecraft:lever",
            "count": 1
        }
    ]
}