{
  "anim_state": "BALL_HEAVY",
  "class": "HEAVY",
  "cooldown_type": "STAND_HEAVY",
  "move": {
    "type": "jcraft:shared_knockdown_attack",
    "attack_extras": {
      "backstab": true,
      "block_stun": 13,
      "hit_animation": "LAUNCH",
      "hit_spark": "HIT_SPARK_3",
      "override_stun": true,
      "shockwaves": true,
      "stun_type": "LAUNCH"
    },
    "cooldown": 160,
    "damage": 9.0,
    "duration": 20,
    "extras": {
      "actions": [
        {
          "type": "jcraft:play_sound",
          "on_impact": true,
          "sound": "jcraft:twkickhit"
        }
      ],
      "armor": 2147483647,
      "description": {
        "text": "slow, uninterruptible launcher"
      },
      "init_actions": [
        {
          "type": "jcraft:play_sound",
          "sound": "jcraft:creamsmash"
        }
      ],
      "name": {
        "text": "Overhead Smash"
      }
    },
    "hitbox_size": 2.0,
    "knockback": 1.25,
    "knockdown_duration": 35,
    "move_distance": 0.5,
    "offset": 0.3,
    "stun": 15,
    "windup": 14
  }
}