{
  "type": "minecraft:crafting_shaped",
  "category": "misc",
  "key": {
    "D": {
      "item": "enderite:endercrystal_shard"
    },
    "E": {
      "item": "enderite:enderite_scrap"
    },
    "U": {
      "item": "enderite:enderite_upgrade_smithing_template"
    },
    "#": {
      "item": "enderite:ender_crystal_shard"
    }
  },
  "pattern": [
    "DUD",
    "#E#",
    "D#D"
  ],
  "result": {
    "count": 2,
    "item": "enderite:enderite_upgrade_smithing_template"
  },
  "show_notification": true
}