{
  "anim_state": "TORNADO",
  "class": "HEAVY",
  "cooldown_type": "HEAVY",
  "crouching_variant": {
    "anim_state": "HEAVY",
    "class": "HEAVY",
    "cooldown_type": "HEAVY",
    "move": {
      "type": "jcraft:shared_simple_uppercut_attack",
      "attack_extras": {
        "backstab": true,
        "block_stun": 10,
        "hit_animation": "MID",
        "hit_spark": "HIT_SPARK_2"
      },
      "cooldown": 30,
      "damage": 6.0,
      "duration": 21,
      "extras": {
        "actions": [
          {
            "type": "jcraft:play_sound",
            "on_impact": true,
            "sound": "jcraft:impact3"
          }
        ],
        "description": {
          "text": "medium speed"
        },
        "name": {
          "text": "Uppercut"
        }
      },
      "hitbox_size": 1.5,
      "knockback": 0.3,
      "move_distance": 1.0,
      "offset": 0.0,
      "strength": 0.3,
      "stun": 15,
      "windup": 10
    }
  },
  "move": {
    "type": "jcraft:shared_simple_attack",
    "attack_extras": {
      "backstab": true,
      "block_stun": 11,
      "hit_animation": "CRUSH",
      "hit_spark": "HIT_SPARK_2"
    },
    "cooldown": 280,
    "damage": 7.0,
    "duration": 20,
    "extras": {
      "actions": [
        {
          "type": "jcraft:play_sound",
          "on_impact": true,
          "sound": "jcraft:impact3"
        }
      ],
      "armor": 3,
      "description": {
        "text": "3 points of armor, high stun"
      },
      "name": {
        "text": "Tornado Kick"
      }
    },
    "hitbox_size": 1.6,
    "knockback": 0.4,
    "move_distance": 1.0,
    "offset": -0.1,
    "stun": 20,
    "windup": 12
  }
}