{
  "anim_state": "BARRAGE",
  "class": "BARRAGE",
  "cooldown_type": "STAND_BARRAGE",
  "move": {
    "type": "jcraft:shared_simple_multi_hit_attack",
    "attack_extras": {
      "backstab": true,
      "block_stun": 6,
      "hit_animation": "MID",
      "hit_spark": "HIT_SPARK_1"
    },
    "cooldown": 200,
    "damage": 2.0,
    "duration": 28,
    "extras": {
      "actions": [
        {
          "type": "jcraft:play_sound",
          "on_impact": true,
          "sound": "jcraft:impact3"
        }
      ],
      "description": {
        "text": "fast reliable combo starter/extender, medium stun"
      },
      "init_actions": [
        {
          "type": "jcraft:play_sound",
          "sound": "jcraft:hgbarrage"
        }
      ],
      "name": {
        "text": "Barrage"
      }
    },
    "hit_moments": [
      3,
      9,
      15,
      17,
      25
    ],
    "hitbox_size": 2.0,
    "knockback": 0.3,
    "move_distance": 1.0,
    "offset": 0.25,
    "stun": 20
  }
}