{
  "anim_state": "TIME_ACCELERATION",
  "class": "ULTIMATE",
  "cooldown_type": "STAND_ULTIMATE",
  "move": {
    "type": "jcraft:madeinheaven_time_acceleration_move",
    "acceleration_duration": "mihTimeAccelerationDuration",
    "cooldown": 1400,
    "duration": 40,
    "extras": {
      "description": {
        "text": "allows charging the speedometer for 30s\nit is charged by landing hits\nthe speedometer impacts the level of speed and haste granted by Time Acceleration\nif the speedometer is full and the charging period finishes, enemies become standless for 15s"
      },
      "init_actions": [
        {
          "type": "jcraft:play_sound",
          "sound": "jcraft:mihtaccel"
        }
      ],
      "name": {
        "text": "Time Acceleration"
      }
    },
    "move_distance": 1.0,
    "windup": 20
  }
}