{
  "class": "UTILITY",
  "cooldown_type": "UTILITY",
  "crouching_variant": {
    "class": "UTILITY",
    "cooldown_type": "UTILITY",
    "move": {
      "type": "jcraft:shared_pilot_mode_move",
      "cooldown": 20,
      "extras": {
        "description": {
          "text": "5m range"
        },
        "name": {
          "text": "Pilot Mode"
        }
      }
    }
  },
  "move": {
    "type": "jcraft:purplehaze_distortion_distortion_move",
    "cooldown": 20,
    "extras": {
      "description": {
        "text": "Toggles virus effects between:\nHarming - standard effect, deals damage over time\nNullifying - removes status effects\nDebilitating - gives blindness and slowness"
      },
      "name": {
        "text": "Distortion"
      }
    }
  }
}