{
    "type": "jeg:gunnite_workbench",
    "result": {
        "item": "aurorasarsenal:ar_15"
    },
    "materials": [
        {
            "item": "jeg:gunnite_ingot",
            "count": 10
        },
        {
            "item": "jeg:gunmetal_ingot",
            "count": 5
        },
        {
            "item": "jeg:scrap",
            "count": 30
        },
        {
            "item": "minecraft:repeater",
            "count": 2
        },
        {
            "item": "minecraft:lever",
            "count": 2
        }
    ]
}
