{
    "type": "jeg:gunmetal_workbench",
    "result": {
        "item": "aurorasarsenal:g3a3"
    },
    "materials": [
        {
            "item": "jeg:gunmetal_ingot",
            "count": 15
        },
        {
            "item": "jeg:scrap",
            "count": 25
        },
        {
            "item": "minecraft:repeater",
            "count": 2
        },
        {
            "item": "minecraft:lever",
            "count": 1
        },
        {
            "tag": "minecraft:planks",
            "count": 16
        }
    ]
}
