{
    "type": "minecraft:entity",
    "pools": [
      {
        "rolls": 1,
        "entries": [
          {
            "type": "minecraft:item",
            "name": "born_in_chaos_v1:corpse_maggot",
            "weight": 100,
            "functions": [
              {
                "function": "set_count",
                "count": {
                  "min": 10,
                  "max": 20
                }
              }
            ]
          },
          {
            "type": "minecraft:item",
            "name": "born_in_chaos_v1:corpse_maggot",
            "weight": 100,
            "functions": [
              {
                "function": "set_count",
                "count": {
                  "min": 10,
                  "max": 20
                }
              }
            ]
          }
        ]
      }
    ]
  }