{
    "type": "minecraft:entity",
    "pools": [
      {
        "rolls": 1,
        "entries": [
          {
            "type": "minecraft:item",
            "name": "minecraft:rotten_flesh",
            "weight": 100,
            "functions": [
              {
                "function": "set_count",
                "count": {
                  "min": 1,
                  "max": 2
                }
              }
            ]
          }
        ]
      },
      {
        "rolls": 1,
        "entries": [
          {
            "type": "minecraft:item",
            "name": "born_in_chaos_v1:seedof_chaos",
            "weight": 40,
            "functions": [
              {
                "function": "set_count",
                "count": {
                  "min": 3,
                  "max": 7
                }
              }
            ]
          },
          {
            "type": "minecraft:item",
            "name": "minecraft:iron_ingot",
            "weight": 20,
            "functions": [
              {
                "function": "set_count",
                "count": {
                  "min": 15,
                  "max": 30
                }
              }
            ]
          },
          {
            "type": "minecraft:item",
            "name": "born_in_chaos_v1:dark_upgrade",
            "weight": 20,
            "functions": [
              {
                "function": "set_count",
                "count": {
                  "min": 1,
                  "max": 1
                }
              }
            ]
          },
          {
            "type": "minecraft:item",
            "name": "born_in_chaos_v1:pieceofdarkmetal",
            "weight": 2,
            "functions": [
              {
                "function": "set_count",
                "count": {
                  "min": 5,
                  "max": 10
                }
              }
            ]
          }
        ]
      }
    ]
  }