{
    "type": "minecraft:entity",
    "pools": [
      {
        "rolls": {
          "min": 1,
          "max": 2
        },
        "entries": [
          {
            "type": "minecraft:item",
            "name": "born_in_chaos_v1:charmof_power",
            "weight": 10,
            "functions": [
              {
                "function": "set_count",
                "count": {
                  "min": 1,
                  "max": 1
                }
              }
            ]
          },
          {
            "type": "minecraft:item",
            "name": "born_in_chaos_v1:charmof_resistance",
            "weight": 10,
            "functions": [
              {
                "function": "set_count",
                "count": {
                  "min": 1,
                  "max": 1
                }
              }
            ]
          },
          {
            "type": "minecraft:item",
            "name": "born_in_chaos_v1:charmof_stealth",
            "weight": 210
            "functions": [
              {
                "function": "set_count",
                "count": {
                  "min": 1,
                  "max": 1
                }
              }
            ]
          },
          {
            "type": "minecraft:item",
            "name": "born_in_chaos_v1:charmof_endurance",
            "weight": 10,
            "functions": [
              {
                "function": "set_count",
                "count": {
                  "min": 1,
                  "max": 1
                }
              }
            ]
          },
          {
            "type": "minecraft:item",
            "name": "born_in_chaos_v1:charmof_fury",
            "weight": 10,
            "functions": [
              {
                "function": "set_count",
                "count": {
                  "min": 1,
                  "max": 1
                }
              }
            ]
          }
        ]
      },
      {
        "rolls": 1,
        "entries": [
          {
            "type": "minecraft:item",
            "name": "born_in_chaos_v1:ethereal_spirit",
            "weight": 100,
            "functions": [
              {
                "function": "set_count",
                "count": {
                  "min": 3,
                  "max": 3
                }
              }
            ]
          },
          {
            "type": "minecraft:item",
            "name": "born_in_chaos_v1:orbofthe_summoner",
            "weight": 50,
            "functions": [
              {
                "function": "set_count",
                "count": {
                  "min": 1,
                  "max": 1
                }
              }
            ]
          },
          {
            "type": "minecraft:item",
            "name": "born_in_chaos_v1:missionary_hat_helmet",
            "weight": 20,
            "functions": [
              {
                "function": "set_count",
                "count": {
                  "min": 1,
                  "max": 1
                }
              }
            ]
          },
          {
            "type": "minecraft:item",
            "name": "born_in_chaos_v1:pieceofdarkmetal",
            "weight": 10,
            "functions": [
              {
                "function": "set_count",
                "count": {
                  "min": 8,
                  "max": 12
                }
              }
            ]
          }
        ]
      }
    ]
  }