{
    "type": "minecraft:entity",
    "pools": [
      {
        "bonus_rolls": 0.0,
        "entries": [
          {
            "type": "minecraft:item",
            "functions": [
              {
                "add": false,
                "count": {
                  "type": "minecraft:uniform",
                  "max": 30.0,
                  "min": 12.0
                },
                "function": "minecraft:set_count"
              },
              {
                "count": {
                  "type": "minecraft:uniform",
                  "max": 1.0,
                  "min": 0.0
                },
                "function": "minecraft:looting_enchant"
              }
            ],
            "name": "irons_spellbooks:arcane_essence"
          }
        ],
        "rolls": 1.0
      },
      {
        "bonus_rolls": 0.0,
        "entries": [
          {
            "type": "minecraft:item",
            "name": "irons_spellbooks:scroll",
            "functions": [
              {
                "function": "irons_spellbooks:randomize_spell",
                "quality": {
                  "min": 0.0,
                  "max": 0.3
                }
              }
            ],
            "conditions": [
              {
                "condition": "minecraft:random_chance_with_looting",
                "chance": 0.25,
                "looting_multiplier": 0.05
              }
            ]
          }
        ],
        "rolls": 1
      }
    ]
  }