{
    "pools": [
      {
        "conditions": [
          {
            "condition": "random_chance",
            "chance": 1
          }
        ],
        "rolls": 1,
        "entries": [
          {
            "type": "item",
            "name": "minecraft:blaze_rod",
            "weight": 1,
            "functions": [
              {
                "function": "set_count",
                "count": {
                  "min": 1,
                  "max": 16
                }
              }
            ]
          }
        ]
      },
      {
        "conditions": [
          {
            "condition": "random_chance",
            "chance": 1
          }
        ],
        "rolls": 1,
        "entries": [
          {
            "type": "item",
            "name": "minecraft:ancient_debris",
            "weight": 1
          }
        ]
      }
    ]
  }