{
  "anim_state": "BTD_PLANT",
  "class": "ULTIMATE",
  "cooldown_type": "STAND_ULTIMATE",
  "move": {
    "type": "jcraft:killerqueen_bitesthedust_btd_plant_attack",
    "attack_extras": {
      "backstab": true,
      "block_stun": 8,
      "blockable_type": "NON_BLOCKABLE_EFFECTS_ONLY",
      "hit_animation": "MID",
      "hit_spark": "HIT_SPARK_1"
    },
    "cooldown": 800,
    "duration": 24,
    "extras": {
      "description": {
        "text": "press the same button to detonate, sending the affected enemy back to their previous location"
      },
      "name": {
        "text": "Bites the Dust Plant"
      }
    },
    "hitbox_size": 1.5,
    "move_distance": 1.0,
    "offset": 0.0,
    "stun": 10,
    "windup": 14
  }
}