{
  "anim_state": "DISC_TAKE",
  "class": "SPECIAL1",
  "cooldown_type": "STAND_SP1",
  "move": {
    "type": "jcraft:shared_simple_attack",
    "attack_extras": {
      "backstab": true,
      "block_stun": 11,
      "blockable_type": "NON_BLOCKABLE_EFFECTS_ONLY",
      "hit_animation": "HIGH",
      "hit_spark": "HIT_SPARK_2"
    },
    "cooldown": 280,
    "damage": 7.0,
    "duration": 34,
    "extras": {
      "actions": [
        {
          "type": "jcraft:play_sound",
          "on_impact": true,
          "sound": "jcraft:impact2"
        },
        {
          "type": "jcraft:effect",
          "effects": [
            {
              "amplifier": 0,
              "duration": 600,
              "effect": "minecraft:weakness"
            },
            {
              "amplifier": 0,
              "duration": 600,
              "effect": "minecraft:mining_fatigue"
            }
          ]
        }
      ],
      "armor": 2147483647,
      "description": {
        "text": "uninterruptible& unblockable, gives mining fatigue & weakness for 30s"
      },
      "init_actions": [
        {
          "type": "jcraft:play_sound",
          "sound": "jcraft:wsmemorydisc"
        }
      ],
      "name": {
        "text": "Take Memory Disk"
      }
    },
    "hitbox_size": 2.0,
    "knockback": 0.5,
    "move_distance": 1.0,
    "offset": 0.0,
    "stun": 20,
    "windup": 22
  }
}