{
  "pools": [
    {
      "name": "hydra_cave",
      "rolls": {
        "min": 1,
        "max": 15
      },
      "entries": [
        {
          "type": "item",
          "name": "minecraft:book",
          "weight": 3,
          "functions": [
            {
              "function": "enchant_with_levels",
              "levels": 15,
              "treasure": true
            }
          ]
        },
        {
          "type": "item",
          "name": "minecraft:diamond",
          "functions": [
            {
              "function": "set_count",
              "count": {
                "min": 1,
                "max": 1
              }
            }
          ],
          "weight": 1
        },
        {
          "type": "item",
          "name": "minecraft:emerald",
          "functions": [
            {
              "function": "set_count",
              "count": {
                "min": 1,
                "max": 2
              }
            }
          ],
          "weight": 1
        },
        {
          "type": "item",
          "name": "minecraft:iron_ingot",
          "functions": [
            {
              "function": "set_count",
              "count": {
                "min": 1,
                "max": 3
              }
            }
          ],
          "weight": 9
        },
        {
          "type": "item",
          "name": "minecraft:bone",
          "functions": [
            {
              "function": "set_count",
              "count": {
                "min": 1,
                "max": 5
              }
            }
          ],
          "weight": 50
        },
        {
          "type": "item",
          "name": "minecraft:chain",
          "functions": [
            {
              "function": "set_count",
              "count": {
                "min": 1,
                "max": 2
              }
            }
          ],
          "weight": 5
        },
        {
          "type": "item",
          "name": "iceandfire:manuscript",
          "functions": [
            {
              "function": "set_count",
              "count": {
                "min": 1,
                "max": 6
              }
            }
          ],
          "weight": 30
        },
        {
          "type": "item",
          "name": "minecraft:gold_ingot",
          "functions": [
            {
              "function": "set_count",
              "count": {
                "min": 1,
                "max": 2
              }
            }
          ],
          "weight": 10
        },
        {
          "type": "item",
          "name": "minecraft:gold_nugget",
          "functions": [
            {
              "function": "set_count",
              "count": {
                "min": 1,
                "max": 16
              }
            }
          ],
          "weight": 14
        },
        {
          "type": "item",
          "name": "minecraft:skeleton_skull",
          "functions": [
            {
              "function": "set_count",
              "count": {
                "min": 1,
                "max": 1
              }
            }
          ],
          "weight": 10
        },
        {
          "type": "item",
          "name": "minecraft:cobweb",
          "functions": [
            {
              "function": "set_count",
              "count": {
                "min": 1,
                "max": 6
              }
            }
          ],
          "weight": 15
        },
        {
          "type": "item",
          "name": "minecraft:iron_helmet",
          "functions": [
            {
              "function": "set_count",
              "count": {
                "min": 1,
                "max": 1
              }
            },
            {
              "function": "enchant_with_levels",
              "levels": 10,
              "treasure": true
            }
          ],
          "weight": 2
        },
        {
          "type": "item",
          "name": "minecraft:iron_chestplate",
          "functions": [
            {
              "function": "set_count",
              "count": {
                "min": 1,
                "max": 1
              }
            },
            {
              "function": "enchant_with_levels",
              "levels": 10,
              "treasure": true
            }
          ],
          "weight": 2
        },
        {
          "type": "item",
          "name": "minecraft:iron_leggings",
          "functions": [
            {
              "function": "set_count",
              "count": {
                "min": 1,
                "max": 1
              }
            },
            {
              "function": "enchant_with_levels",
              "levels": 10,
              "treasure": true
            }
          ],
          "weight": 2
        },
        {
          "type": "item",
          "name": "minecraft:iron_boots",
          "functions": [
            {
              "function": "set_count",
              "count": {
                "min": 1,
                "max": 1
              }
            },
            {
              "function": "enchant_with_levels",
              "levels": 10,
              "treasure": true
            }
          ],
          "weight": 2
        },
        {
          "type": "item",
          "name": "iceandfire:silver_sword",
          "functions": [
            {
              "function": "set_count",
              "count": {
                "min": 1,
                "max": 1
              }
            },
            {
              "function": "enchant_with_levels",
              "levels": 10,
              "treasure": true
            }
          ],
          "weight": 2
        },
        {
          "type": "item",
          "name": "iceandfire:copper_sword",
          "functions": [
            {
              "function": "set_count",
              "count": {
                "min": 1,
                "max": 1
              }
            },
            {
              "function": "enchant_with_levels",
              "levels": 20,
              "treasure": true
            }
          ],
          "weight": 3
        },
        {
          "type": "item",
          "name": "minecraft:chainmail_helmet",
          "functions": [
            {
              "function": "set_count",
              "count": {
                "min": 1,
                "max": 1
              }
            },
            {
              "function": "enchant_with_levels",
              "levels": 10,
              "treasure": true
            }
          ],
          "weight": 1
        },
        {
          "type": "item",
          "name": "minecraft:chainmail_chestplate",
          "functions": [
            {
              "function": "set_count",
              "count": {
                "min": 1,
                "max": 1
              }
            },
            {
              "function": "enchant_with_levels",
              "levels": 10,
              "treasure": true
            }
          ],
          "weight": 1
        },
        {
          "type": "item",
          "name": "minecraft:chainmail_leggings",
          "functions": [
            {
              "function": "set_count",
              "count": {
                "min": 1,
                "max": 1
              }
            },
            {
              "function": "enchant_with_levels",
              "levels": 10,
              "treasure": true
            }
          ],
          "weight": 1
        },
        {
          "type": "item",
          "name": "minecraft:chainmail_boots",
          "functions": [
            {
              "function": "set_count",
              "count": {
                "min": 1,
                "max": 1
              }
            },
            {
              "function": "enchant_with_levels",
              "levels": 10,
              "treasure": true
            }
          ],
          "weight": 1
        },
        {
          "type": "item",
          "name": "iceandfire:graveyard_soil",
          "functions": [
            {
              "function": "set_count",
              "count": {
                "min": 1,
                "max": 5
              }
            }
          ],
          "weight": 10
        },
        {
          "type": "item",
          "name": "iceandfire:ectoplasm",
          "functions": [
            {
              "function": "set_count",
              "count": {
                "min": 1,
                "max": 3
              }
            }
          ],
          "weight": 30
        },
        {
          "type": "item",
          "name": "iceandfire:silver_ingot",
          "functions": [
            {
              "function": "set_count",
              "count": {
                "min": 1,
                "max": 2
              }
            }
          ],
          "weight": 20
        },
        {
          "type": "item",
          "name": "iceandfire:copper_ingot",
          "functions": [
            {
              "function": "set_count",
              "count": {
                "min": 1,
                "max": 1
              }
            }
          ],
          "weight": 10
        },
        {
          "type": "item",
          "name": "minecraft:rotten_flesh",
          "functions": [
            {
              "function": "set_count",
              "count": {
                "min": 1,
                "max": 8
              }
            }
          ],
          "weight": 20
        }
      ]
    }
  ]
}