{
  "pools": [
    {
      "name": "ice_dragon_cave",
      "rolls": {
        "min": 1,
        "max": 6
      },
      "entries": [
        {
          "type": "item",
          "name": "minecraft:book",
          "weight": 12,
          "functions": [
            {
              "function": "enchant_with_levels",
              "levels": 30,
              "treasure": true
            }
          ]
        },
        {
          "type": "item",
          "name": "minecraft:diamond",
          "functions": [
            {
              "function": "set_count",
              "count": {
                "min": 1,
                "max": 4
              }
            }
          ],
          "weight": 2
        },
        {
          "type": "item",
          "name": "iceandfire:sapphire_gem",
          "functions": [
            {
              "function": "set_count",
              "count": {
                "min": 1,
                "max": 4
              }
            }
          ],
          "weight": 3
        },
        {
          "type": "item",
          "name": "minecraft:iron_ingot",
          "functions": [
            {
              "function": "set_count",
              "count": {
                "min": 1,
                "max": 25
              }
            }
          ],
          "weight": 20
        },
        {
          "type": "item",
          "name": "minecraft:bone",
          "functions": [
            {
              "function": "set_count",
              "count": {
                "min": 1,
                "max": 25
              }
            }
          ],
          "weight": 20
        },
        {
          "type": "item",
          "name": "minecraft:chain",
          "functions": [
            {
              "function": "set_count",
              "count": {
                "min": 1,
                "max": 2
              }
            }
          ],
          "weight": 20
        },
        {
          "type": "item",
          "name": "iceandfire:manuscript",
          "functions": [
            {
              "function": "set_count",
              "count": {
                "min": 1,
                "max": 6
              }
            }
          ],
          "weight": 20
        },
        {
          "type": "item",
          "name": "minecraft:gold_ingot",
          "functions": [
            {
              "function": "set_count",
              "count": {
                "min": 1,
                "max": 25
              }
            }
          ],
          "weight": 20
        },
        {
          "type": "item",
          "name": "minecraft:gold_nugget",
          "functions": [
            {
              "function": "set_count",
              "count": {
                "min": 1,
                "max": 16
              }
            }
          ],
          "weight": 30
        },
        {
          "type": "item",
          "name": "minecraft:skeleton_skull",
          "functions": [
            {
              "function": "set_count",
              "count": {
                "min": 1,
                "max": 1
              }
            }
          ],
          "weight": 1
        },
        {
          "type": "item",
          "name": "minecraft:cobweb",
          "functions": [
            {
              "function": "set_count",
              "count": {
                "min": 1,
                "max": 6
              }
            }
          ],
          "weight": 5
        },
        {
          "type": "item",
          "name": "minecraft:diamond_sword",
          "functions": [
            {
              "function": "set_count",
              "count": {
                "min": 1,
                "max": 1
              }
            },
            {
              "function": "enchant_with_levels",
              "levels": 25,
              "treasure": true
            }
          ],
          "weight": 5
        },
        {
          "type": "item",
          "name": "minecraft:diamond_helmet",
          "functions": [
            {
              "function": "set_count",
              "count": {
                "min": 1,
                "max": 1
              }
            },
            {
              "function": "enchant_with_levels",
              "levels": 25,
              "treasure": true
            }
          ],
          "weight": 5
        },
        {
          "type": "item",
          "name": "minecraft:diamond_chestplate",
          "functions": [
            {
              "function": "set_count",
              "count": {
                "min": 1,
                "max": 1
              }
            },
            {
              "function": "enchant_with_levels",
              "levels": 25,
              "treasure": true
            }
          ],
          "weight": 5
        },
        {
          "type": "item",
          "name": "minecraft:diamond_leggings",
          "functions": [
            {
              "function": "set_count",
              "count": {
                "min": 1,
                "max": 1
              }
            },
            {
              "function": "enchant_with_levels",
              "levels": 25,
              "treasure": true
            }
          ],
          "weight": 5
        },
        {
          "type": "item",
          "name": "minecraft:diamond_boots",
          "functions": [
            {
              "function": "set_count",
              "count": {
                "min": 1,
                "max": 1
              }
            },
            {
              "function": "enchant_with_levels",
              "levels": 25,
              "treasure": true
            }
          ],
          "weight": 5
        },
        {
          "type": "item",
          "name": "minecraft:iron_sword",
          "functions": [
            {
              "function": "set_count",
              "count": {
                "min": 1,
                "max": 1
              }
            },
            {
              "function": "enchant_with_levels",
              "levels": 25,
              "treasure": true
            }
          ],
          "weight": 5
        },
        {
          "type": "item",
          "name": "minecraft:iron_helmet",
          "functions": [
            {
              "function": "set_count",
              "count": {
                "min": 1,
                "max": 1
              }
            },
            {
              "function": "enchant_with_levels",
              "levels": 25,
              "treasure": true
            }
          ],
          "weight": 5
        },
        {
          "type": "item",
          "name": "minecraft:iron_chestplate",
          "functions": [
            {
              "function": "set_count",
              "count": {
                "min": 1,
                "max": 1
              }
            },
            {
              "function": "enchant_with_levels",
              "levels": 25,
              "treasure": true
            }
          ],
          "weight": 5
        },
        {
          "type": "item",
          "name": "minecraft:iron_leggings",
          "functions": [
            {
              "function": "set_count",
              "count": {
                "min": 1,
                "max": 1
              }
            },
            {
              "function": "enchant_with_levels",
              "levels": 25,
              "treasure": true
            }
          ],
          "weight": 5
        },
        {
          "type": "item",
          "name": "minecraft:iron_boots",
          "functions": [
            {
              "function": "set_count",
              "count": {
                "min": 1,
                "max": 1
              }
            },
            {
              "function": "enchant_with_levels",
              "levels": 25,
              "treasure": true
            }
          ],
          "weight": 5
        },
        {
          "type": "item",
          "name": "minecraft:obsidian",
          "functions": [
            {
              "function": "set_count",
              "count": {
                "min": 1,
                "max": 6
              }
            }
          ],
          "weight": 7
        },
        {
          "type": "item",
          "name": "minecraft:enchanted_golden_apple",
          "weight": 1
        },
        {
          "type": "item",
          "name": "minecraft:experience_bottle",
          "functions": [
            {
              "function": "set_count",
              "count": {
                "min": 1,
                "max": 5
              }
            }
          ],
          "weight": 1
        }
      ]
    }
  ]
}