{
  "pools": [
    {
      "name": "lightning_dragon_cave_female",
      "rolls": {
        "min": 1,
        "max": 4
      },
      "entries": [
        {
          "type": "item",
          "name": "minecraft:diamond",
          "functions": [
            {
              "function": "set_count",
              "count": {
                "min": 1,
                "max": 4
              }
            }
          ],
          "weight": 2
        },
        {
          "type": "item",
          "name": "minecraft:diamond",
          "functions": [
            {
              "function": "set_count",
              "count": {
                "min": 1,
                "max": 3
              }
            }
          ],
          "weight": 3
        },
        {
          "type": "item",
          "name": "minecraft:amethyst_shard",
          "functions": [
            {
              "function": "set_count",
              "count": {
                "min": 1,
                "max": 4
              }
            }
          ],
          "weight": 7
        },
        {
          "type": "item",
          "name": "minecraft:iron_ingot",
          "functions": [
            {
              "function": "set_count",
              "count": {
                "min": 1,
                "max": 10
              }
            }
          ],
          "weight": 20
        },
        {
          "type": "item",
          "name": "minecraft:bone",
          "functions": [
            {
              "function": "set_count",
              "count": {
                "min": 1,
                "max": 10
              }
            }
          ],
          "weight": 20
        },
        {
          "type": "item",
          "name": "minecraft:book",
          "functions": [
            {
              "function": "set_count",
              "count": {
                "min": 1,
                "max": 2
              }
            }
          ],
          "weight": 10
        },
        {
          "type": "item",
          "name": "minecraft:chain",
          "functions": [
            {
              "function": "set_count",
              "count": {
                "min": 1,
                "max": 2
              }
            }
          ],
          "weight": 20
        },
        {
          "type": "item",
          "name": "iceandfire:manuscript",
          "functions": [
            {
              "function": "set_count",
              "count": {
                "min": 1,
                "max": 6
              }
            }
          ],
          "weight": 20
        },
        {
          "type": "item",
          "name": "minecraft:copper_ingot",
          "functions": [
            {
              "function": "set_count",
              "count": {
                "min": 1,
                "max": 10
              }
            }
          ],
          "weight": 10
        },
        {
          "type": "item",
          "name": "iceandfire:copper_nugget",
          "functions": [
            {
              "function": "set_count",
              "count": {
                "min": 1,
                "max": 16
              }
            }
          ],
          "weight": 15
        },
        {
          "type": "item",
          "name": "minecraft:skeleton_skull",
          "functions": [
            {
              "function": "set_count",
              "count": {
                "min": 1,
                "max": 1
              }
            }
          ],
          "weight": 3
        },
        {
          "type": "item",
          "name": "minecraft:cobweb",
          "functions": [
            {
              "function": "set_count",
              "count": {
                "min": 1,
                "max": 6
              }
            }
          ],
          "weight": 15
        },
        {
          "type": "item",
          "name": "iceandfire:copper_sword",
          "functions": [
            {
              "function": "set_count",
              "count": {
                "min": 1,
                "max": 1
              }
            }
          ],
          "weight": 5
        },
        {
          "type": "item",
          "name": "iceandfire:armor_copper_metal_helmet",
          "functions": [
            {
              "function": "set_count",
              "count": {
                "min": 1,
                "max": 1
              }
            }
          ],
          "weight": 5
        },
        {
          "type": "item",
          "name": "iceandfire:armor_copper_metal_chestplate",
          "functions": [
            {
              "function": "set_count",
              "count": {
                "min": 1,
                "max": 1
              }
            }
          ],
          "weight": 5
        },
        {
          "type": "item",
          "name": "iceandfire:armor_copper_metal_leggings",
          "functions": [
            {
              "function": "set_count",
              "count": {
                "min": 1,
                "max": 1
              }
            }
          ],
          "weight": 5
        },
        {
          "type": "item",
          "name": "iceandfire:armor_copper_metal_boots",
          "functions": [
            {
              "function": "set_count",
              "count": {
                "min": 1,
                "max": 1
              }
            }
          ],
          "weight": 5
        },
        {
          "type": "item",
          "name": "iceandfire:crackled_gravel",
          "functions": [
            {
              "function": "set_count",
              "count": {
                "min": 1,
                "max": 2
              }
            }
          ],
          "weight": 7
        },
        {
          "type": "item",
          "name": "minecraft:experience_bottle",
          "functions": [
            {
              "function": "set_count",
              "count": {
                "min": 1,
                "max": 5
              }
            }
          ],
          "weight": 1
        },
        {
          "type": "item",
          "name": "minecraft:flint",
          "functions": [
            {
              "function": "set_count",
              "count": {
                "min": 1,
                "max": 5
              }
            }
          ],
          "weight": 16
        },
        {
          "type": "item",
          "name": "iceandfire:cannoli",
          "functions": [
            {
              "function": "set_count",
              "count": {
                "min": 1,
                "max": 1
              }
            }
          ],
          "weight": 1
        }
      ]
    }
  ]
}