{
  "pools": [
    {
      "name": "mausoleum_chest",
      "rolls": {
        "min": 1,
        "max": 9
      },
      "entries": [
        {
          "type": "item",
          "name": "minecraft:skeleton_skull",
          "functions": [
            {
              "function": "set_count",
              "count": {
                "min": 1,
                "max": 1
              }
            }
          ],
          "weight": 5
        },
        {
          "type": "item",
          "name": "iceandfire:dread_shard",
          "functions": [
            {
              "function": "set_count",
              "count": {
                "min": 1,
                "max": 7
              }
            }
          ],
          "weight": 40
        },
        {
          "type": "item",
          "name": "iceandfire:troll_leather_frost",
          "functions": [
            {
              "function": "set_count",
              "count": {
                "min": 1,
                "max": 3
              }
            }
          ],
          "weight": 8
        },
        {
          "type": "item",
          "name": "iceandfire:ice_dragon_blood",
          "functions": [
            {
              "function": "set_count",
              "count": {
                "min": 0,
                "max": 1
              }
            }
          ],
          "weight": 1
        },
        {
          "type": "item",
          "name": "iceandfire:ice_dragon_heart",
          "functions": [
            {
              "function": "set_count",
              "count": {
                "min": 0,
                "max": 1
              }
            }
          ],
          "weight": 1
        },
        {
          "type": "item",
          "name": "iceandfire:witherbone",
          "functions": [
            {
              "function": "set_count",
              "count": {
                "min": 1,
                "max": 5
              }
            }
          ],
          "weight": 10
        },
        {
          "type": "item",
          "name": "iceandfire:ice_dragon_flesh",
          "functions": [
            {
              "function": "set_count",
              "count": {
                "min": 1,
                "max": 1
              }
            }
          ],
          "weight": 1
        },
        {
          "type": "item",
          "name": "minecraft:diamond",
          "functions": [
            {
              "function": "set_count",
              "count": {
                "min": 1,
                "max": 1
              }
            }
          ],
          "weight": 5
        },
        {
          "type": "item",
          "name": "iceandfire:dragon_flute",
          "functions": [
            {
              "function": "set_count",
              "count": {
                "min": 1,
                "max": 1
              }
            }
          ],
          "weight": 5
        },
        {
          "type": "item",
          "name": "iceandfire:troll_tusk",
          "functions": [
            {
              "function": "set_count",
              "count": {
                "min": 1,
                "max": 3
              }
            }
          ],
          "weight": 14
        },
        {
          "type": "item",
          "name": "minecraft:chain",
          "functions": [
            {
              "function": "set_count",
              "count": {
                "min": 1,
                "max": 2
              }
            }
          ],
          "weight": 20
        },
        {
          "type": "item",
          "name": "minecraft:book",
          "functions": [
            {
              "function": "set_count",
              "count": {
                "min": 1,
                "max": 2
              }
            }
          ],
          "weight": 50
        },
        {
          "type": "item",
          "name": "iceandfire:sapphire_gem",
          "functions": [
            {
              "function": "set_count",
              "count": {
                "min": 1,
                "max": 5
              }
            }
          ],
          "weight": 25
        },
        {
          "type": "item",
          "name": "iceandfire:dread_torch",
          "functions": [
            {
              "function": "set_count",
              "count": {
                "min": 1,
                "max": 1
              }
            }
          ],
          "weight": 10
        },
        {
          "type": "item",
          "name": "minecraft:paper",
          "functions": [
            {
              "function": "set_count",
              "count": {
                "min": 1,
                "max": 6
              }
            }
          ],
          "weight": 30
        },
        {
          "type": "item",
          "name": "iceandfire:ash",
          "functions": [
            {
              "function": "set_count",
              "count": {
                "min": 1,
                "max": 1
              }
            }
          ],
          "weight": 60
        },
        {
          "type": "item",
          "name": "iceandfire:silver_ingot",
          "functions": [
            {
              "function": "set_count",
              "count": {
                "min": 1,
                "max": 3
              }
            }
          ],
          "weight": 60
        },
        {
          "type": "item",
          "name": "minecraft:gold_ingot",
          "functions": [
            {
              "function": "set_count",
              "count": {
                "min": 1,
                "max": 7
              }
            }
          ],
          "weight": 10
        },
        {
          "type": "item",
          "name": "minecraft:golden_apple",
          "functions": [
            {
              "function": "set_count",
              "count": {
                "min": 1,
                "max": 1
              }
            }
          ],
          "weight": 3
        },
        {
          "type": "item",
          "name": "minecraft:dragon_breath",
          "functions": [
            {
              "function": "set_count",
              "count": {
                "min": 1,
                "max": 1
              }
            }
          ],
          "weight": 1
        },
        {
          "type": "item",
          "name": "minecraft:bone_block",
          "functions": [
            {
              "function": "set_count",
              "count": {
                "min": 1,
                "max": 5
              }
            }
          ],
          "weight": 23
        },
        {
          "type": "item",
          "name": "iceandfire:dragonbone",
          "functions": [
            {
              "function": "set_count",
              "count": {
                "min": 1,
                "max": 5
              }
            }
          ],
          "weight": 12
        },
        {
          "type": "item",
          "name": "iceandfire:manuscript",
          "functions": [
            {
              "function": "set_count",
              "count": {
                "min": 1,
                "max": 10
              }
            }
          ],
          "weight": 40
        },
        {
          "type": "item",
          "name": "minecraft:packed_ice",
          "functions": [
            {
              "function": "set_count",
              "count": {
                "min": 1,
                "max": 2
              }
            }
          ],
          "weight": 40
        },
        {
          "type": "item",
          "name": "iceandfire:sea_serpent_fang",
          "functions": [
            {
              "function": "set_count",
              "count": {
                "min": 1,
                "max": 2
              }
            }
          ],
          "weight": 3
        },
        {
          "type": "item",
          "name": "iceandfire:dragonarmor_iron_head",
          "functions": [
            {
              "function": "set_count",
              "count": {
                "min": 1,
                "max": 1
              }
            }
          ],
          "weight": 1
        },
        {
          "type": "item",
          "name": "iceandfire:dragonarmor_iron_neck",
          "functions": [
            {
              "function": "set_count",
              "count": {
                "min": 1,
                "max": 1
              }
            }
          ],
          "weight": 1
        },
        {
          "type": "item",
          "name": "iceandfire:dragonarmor_iron_body",
          "functions": [
            {
              "function": "set_count",
              "count": {
                "min": 1,
                "max": 1
              }
            }
          ],
          "weight": 1
        },
        {
          "type": "item",
          "name": "iceandfire:dragonarmor_iron_tail",
          "functions": [
            {
              "function": "set_count",
              "count": {
                "min": 1,
                "max": 1
              }
            }
          ],
          "weight": 1
        }
      ]
    }
  ]
}