{
  "pools": [
    {
      "name": "myrmex_jungle_food_chest",
      "rolls": {
        "min": 1,
        "max": 4
      },
      "entries": [
        {
          "type": "item",
          "name": "minecraft:apple",
          "functions": [
            {
              "function": "set_count",
              "count": {
                "min": 1,
                "max": 2
              }
            }
          ],
          "weight": 30
        },
        {
          "type": "item",
          "name": "minecraft:cobweb",
          "functions": [
            {
              "function": "set_count",
              "count": {
                "min": 1,
                "max": 6
              }
            }
          ],
          "weight": 15
        },
        {
          "type": "item",
          "name": "minecraft:porkchop",
          "functions": [
            {
              "function": "set_count",
              "count": {
                "min": 1,
                "max": 3
              }
            }
          ],
          "weight": 5
        },
        {
          "type": "item",
          "name": "minecraft:beef",
          "functions": [
            {
              "function": "set_count",
              "count": {
                "min": 1,
                "max": 3
              }
            }
          ],
          "weight": 5
        },
        {
          "type": "item",
          "name": "minecraft:chicken",
          "functions": [
            {
              "function": "set_count",
              "count": {
                "min": 1,
                "max": 3
              }
            }
          ],
          "weight": 5
        },
        {
          "type": "item",
          "name": "minecraft:mutton",
          "functions": [
            {
              "function": "set_count",
              "count": {
                "min": 1,
                "max": 3
              }
            }
          ],
          "weight": 5
        },
        {
          "type": "item",
          "name": "minecraft:rotten_flesh",
          "functions": [
            {
              "function": "set_count",
              "count": {
                "min": 1,
                "max": 10
              }
            }
          ],
          "weight": 60
        },
        {
          "type": "item",
          "name": "minecraft:rabbit",
          "functions": [
            {
              "function": "set_count",
              "count": {
                "min": 1,
                "max": 3
              }
            }
          ],
          "weight": 5
        },
        {
          "type": "item",
          "name": "minecraft:melon",
          "functions": [
            {
              "function": "set_count",
              "count": {
                "min": 1,
                "max": 7
              }
            }
          ],
          "weight": 46
        },
        {
          "type": "item",
          "name": "minecraft:wheat_seeds",
          "functions": [
            {
              "function": "set_count",
              "count": {
                "min": 1,
                "max": 10
              }
            }
          ],
          "weight": 45
        },
        {
          "type": "item",
          "name": "minecraft:melon_seeds",
          "functions": [
            {
              "function": "set_count",
              "count": {
                "min": 1,
                "max": 5
              }
            }
          ],
          "weight": 25
        },
        {
          "type": "item",
          "name": "minecraft:beetroot_seeds",
          "functions": [
            {
              "function": "set_count",
              "count": {
                "min": 1,
                "max": 4
              }
            }
          ],
          "weight": 10
        },
        {
          "type": "item",
          "name": "minecraft:beetroot",
          "functions": [
            {
              "function": "set_count",
              "count": {
                "min": 1,
                "max": 4
              }
            }
          ],
          "weight": 10
        },
        {
          "type": "item",
          "name": "minecraft:potato",
          "functions": [
            {
              "function": "set_count",
              "count": {
                "min": 1,
                "max": 4
              }
            }
          ],
          "weight": 10
        },
        {
          "type": "item",
          "name": "minecraft:carrot",
          "functions": [
            {
              "function": "set_count",
              "count": {
                "min": 1,
                "max": 4
              }
            }
          ],
          "weight": 10
        },
        {
          "type": "item",
          "name": "minecraft:dead_bush",
          "functions": [
            {
              "function": "set_count",
              "count": {
                "min": 1,
                "max": 1
              }
            }
          ],
          "weight": 5
        },
        {
          "type": "item",
          "name": "minecraft:sugar_cane",
          "functions": [
            {
              "function": "set_count",
              "count": {
                "min": 1,
                "max": 3
              }
            }
          ],
          "weight": 45
        },
        {
          "type": "item",
          "name": "minecraft:egg",
          "functions": [
            {
              "function": "set_count",
              "count": {
                "min": 1,
                "max": 1
              }
            }
          ],
          "weight": 15
        },
        {
          "type": "item",
          "name": "minecraft:jungle_sapling",
          "functions": [
            {
              "function": "set_count",
              "count": {
                "min": 1,
                "max": 1
              }
            }
          ],
          "weight": 55
        },
        {
          "type": "item",
          "name": "minecraft:green_dye",
          "functions": [
            {
              "function": "set_count",
              "count": {
                "min": 1,
                "max": 5
              }
            }
          ],
          "weight": 60
        },
        {
          "type": "item",
          "name": "minecraft:bone",
          "functions": [
            {
              "function": "set_count",
              "count": {
                "min": 1,
                "max": 9
              }
            }
          ],
          "weight": 20
        },
        {
          "type": "item",
          "name": "minecraft:skeleton_skull",
          "functions": [
            {
              "function": "set_count",
              "count": {
                "min": 1,
                "max": 1
              }
            }
          ],
          "weight": 3
        }
      ]
    }
  ]
}