{
  "pools": [
    {
      "name": "myrmex_trash_chest",
      "rolls": {
        "min": 1,
        "max": 4
      },
      "entries": [
        {
          "type": "item",
          "name": "iceandfire:manuscript",
          "functions": [
            {
              "function": "set_count",
              "count": {
                "min": 1,
                "max": 1
              }
            }
          ],
          "weight": 5
        },
        {
          "type": "item",
          "name": "minecraft:cobweb",
          "functions": [
            {
              "function": "set_count",
              "count": {
                "min": 1,
                "max": 6
              }
            }
          ],
          "weight": 45
        },
        {
          "type": "item",
          "name": "minecraft:book",
          "functions": [
            {
              "function": "set_count",
              "count": {
                "min": 1,
                "max": 1
              }
            }
          ],
          "weight": 5
        },
        {
          "type": "item",
          "name": "minecraft:bone",
          "functions": [
            {
              "function": "set_count",
              "count": {
                "min": 1,
                "max": 9
              }
            }
          ],
          "weight": 30
        },
        {
          "type": "item",
          "name": "minecraft:diamond",
          "functions": [
            {
              "function": "set_count",
              "count": {
                "min": 1,
                "max": 1
              }
            }
          ],
          "weight": 5
        },
        {
          "type": "item",
          "name": "minecraft:emerald",
          "functions": [
            {
              "function": "set_count",
              "count": {
                "min": 1,
                "max": 1
              }
            }
          ],
          "weight": 5
        },
        {
          "type": "item",
          "name": "iceandfire:sapphire_gem",
          "functions": [
            {
              "function": "set_count",
              "count": {
                "min": 1,
                "max": 1
              }
            }
          ],
          "weight": 5
        },
        {
          "type": "item",
          "name": "minecraft:coal",
          "functions": [
            {
              "function": "set_count",
              "count": {
                "min": 1,
                "max": 1
              }
            }
          ],
          "weight": 5
        },
        {
          "type": "item",
          "name": "minecraft:redstone",
          "functions": [
            {
              "function": "set_count",
              "count": {
                "min": 1,
                "max": 5
              }
            }
          ],
          "weight": 7
        },
        {
          "type": "item",
          "name": "minecraft:gold_ore",
          "functions": [
            {
              "function": "set_count",
              "count": {
                "min": 1,
                "max": 1
              }
            }
          ],
          "weight": 5
        },
        {
          "type": "item",
          "name": "minecraft:iron_ore",
          "functions": [
            {
              "function": "set_count",
              "count": {
                "min": 1,
                "max": 1
              }
            }
          ],
          "weight": 5
        },
        {
          "type": "item",
          "name": "iceandfire:silver_ore",
          "functions": [
            {
              "function": "set_count",
              "count": {
                "min": 1,
                "max": 1
              }
            }
          ],
          "weight": 5
        },
        {
          "type": "item",
          "name": "minecraft:bone_meal",
          "functions": [
            {
              "function": "set_count",
              "count": {
                "min": 1,
                "max": 5
              }
            }
          ],
          "weight": 7
        },
        {
          "type": "item",
          "name": "minecraft:cobblestone",
          "functions": [
            {
              "function": "set_count",
              "count": {
                "min": 1,
                "max": 32
              }
            }
          ],
          "weight": 60
        },
        {
          "type": "item",
          "name": "minecraft:dirt",
          "functions": [
            {
              "function": "set_count",
              "count": {
                "min": 1,
                "max": 32
              }
            }
          ],
          "weight": 60
        },
        {
          "type": "item",
          "name": "minecraft:sand",
          "functions": [
            {
              "function": "set_count",
              "count": {
                "min": 1,
                "max": 32
              }
            }
          ],
          "weight": 60
        },
        {
          "type": "item",
          "name": "minecraft:mossy_cobblestone",
          "functions": [
            {
              "function": "set_count",
              "count": {
                "min": 1,
                "max": 16
              }
            }
          ],
          "weight": 30
        }
      ]
    }
  ]
}