{
  "display": {
    "flash": {
      "size": 1.0,
      "yOffset": 3.5,
      "zOffset": -7.0
    }
  },
  "general": {
    "fireMode": "jeg:automatic",
    "gripType": "jeg:two_handed",
    "rate": 3,
    "recoilAngle": 4.0,
    "recoilKick": 0.25,
    "spread": 5.0
  },
  "modules": {
    "attachments": {
      "scope": {
        "scale": 1.5,
        "yOffset": 4.4,
        "zOffset": 4.0
      },
      "stock": {
        "scale": 0.0
      },
      "underBarrel": {
        "scale": 0.0,
        "yOffset": 1.6,
        "zOffset": -0.3
      }
    },
    "zoom": {
      "fovModifier": 0.6,
      "yOffset": 4.9,
      "zOffset": 2.75
    }
  },
  "projectile": {
    "advantage": "jeg:none",
    "damage": 5.0,
    "headshotMultiplier": 1.5,
    "item": "mteg:taki",
    "life": 100,
    "size": 0.05,
    "speed": 7.0,
    "trailLengthMultiplier": 5.0,
    "trailColor": -256
  },
  "reloads": {
    "emptyMagTimer": 10,
    "maxAmmo": 22,
    "reloadTimer": 30,
    "reloadType": "jeg:mag_fed"
  },
  "sounds": {
    "cock": "mteg:item.akm.cock",
    "fire": "mteg:item.hellfire.fire",
    "reload": "jeg:item.pistol.reload"
  }
}