{
  "display": {
    "flash": {
      "size": 1.0,
      "yOffset": 3.0,
      "zOffset": -2.0
    }
  },
  "general": {
    "alwaysSpread": true,
    "fireMode": "jeg:semi_automatic",
    "gripType": "jeg:two_handed",
    "projectileAmount": 12,
    "rate": 1,
    "recoilAngle": 10.0,
    "recoilKick": 0.25,
    "spread": 25.0
  },
  "modules": {
    "zoom": {
      "fovModifier": 0.6,
      "yOffset": 3.4,
      "zOffset": 2.75
    }
  },
  "projectile": {
    "advantage": "jeg:none",
    "damage": 26.0,
    "headshotMultiplier": 1.5,
    "item": "jeg:shotgun_shell",
    "life": 55,
    "size": 0.05,
    "speed": 20.0,
    "trailLengthMultiplier": 2.0
  },
  "reloads": {
    "emptyMagTimer": 5,
    "maxAmmo": 2,
    "reloadTimer": 20,
    "reloadType": "jeg:manual"
  },
  "sounds": {
    "cock": "mteg:item.remington_870.cock",
    "fire": "mteg:item.mossberg_590.fire",
    "reload": "jeg:item.pistol.reload"
  }
}