{
  "display": {
    "flash": {
      "size": 0.8,
      "yOffset": 3.2,
      "zOffset": -4.0
    }
  },
  "general": {
    "alwaysSpread": true,
    "fireMode": "jeg:automatic",
    "gripType": "jeg:two_handed",
    "rate": 3,
    "recoilAngle": 4.0,
    "recoilKick": 0.25,
    "spread": 2.0
  },
  "modules": {
    "zoom": {
      "fovModifier": 0.6,
      "yOffset": 4.0,
      "zOffset": 2.75
    }
  },
  "projectile": {
    "advantage": "jeg:none",
    "damage": 6.5,
    "ejectsCasing": true,
    "headshotMultiplier": 1.5,
    "item": "jeg:pistol_ammo",
    "life": 80,
    "size": 0.05,
    "speed": 6.0,
    "trailLengthMultiplier": 5.0,
    "trailColor": -256
  },
  "reloads": {
    "emptyMagTimer": 10,
    "maxAmmo": 32,
    "reloadTimer": 30,
    "reloadType": "jeg:mag_fed"
  },
  "sounds": {
    "cock": "mteg:item.lanchester.cock",
    "fire": "mteg:item.lanchester.fire",
    "reload": "jeg:item.pistol.reload"
  }
}