{
  "display": {
    "flash": {
      "size": 0.8,
      "yOffset": 2.9,
      "zOffset": -11.41
    }
  },
  "general": {
    "fireMode": "jeg:semi_automatic",
    "gripType": "jeg:two_handed",
    "rate": 3,
    "recoilAngle": 4.0,
    "recoilKick": 0.35,
    "spread": 2.0
  },
  "modules": {
    "attachments": {
      "barrel": {
        "scale": 1.5,
        "yOffset": 3.1,
        "zOffset": -16.0
      },
      "magazine": {
        "scale": 0.0
      },
      "scope": {
        "scale": 1.5,
        "yOffset": 3.9,
        "zOffset": 2.4
      },
      "stock": {
        "scale": 0.0
      },
      "underBarrel": {
        "scale": 1.5,
        "yOffset": 1.5,
        "zOffset": -1.0
      }
    },
    "zoom": {
      "fovModifier": 0.6,
      "yOffset": 4.15,
      "zOffset": 2.75
    }
  },
  "projectile": {
    "advantage": "jeg:very_heavy",
    "damage": 16.5,
    "headshotMultiplier": 1.5,
    "item": "jeg:rifle_ammo",
    "life": 80,
    "size": 0.05,
    "speed": 20.0,
    "trailLengthMultiplier": 2.0
  },
  "reloads": {
    "emptyMagTimer": 10,
    "maxAmmo": 20,
    "reloadTimer": 30,
    "reloadType": "jeg:mag_fed"
  },
  "sounds": {
    "cock": "mteg:item.m14_ebr.cock",
    "fire": "mteg:item.m14_ebr.fire",
    "reload": "jeg:item.pistol.reload",
    "silencedFire": "mteg:item.scar_l.suppressed_fire"
  }
}