{
  "display": {
    "flash": {
      "size": 0.8,
      "yOffset": 3.0,
      "zOffset": 1.5
    }
  },
  "general": {
    "fireMode": "jeg:semi_automatic",
    "gripType": "jeg:one_handed",
    "rate": 4,
    "recoilAngle": 2.0,
    "recoilKick": 0.25,
    "spread": 4.0
  },
  "modules": {
    "attachments": {
      "magazine": {
        "scale": 0.0
      }
    },
    "zoom": {
      "fovModifier": 0.7,
      "yOffset": 3.7
    }
  },
  "projectile": {
    "advantage": "jeg:none",
    "damage": 8.0,
    "ejectsCasing": true,
    "headshotMultiplier": 1.5,
    "item": "jeg:pistol_ammo",
    "life": 80,
    "size": 0.05,
    "speed": 12,
    "trailLengthMultiplier": 5.0,
    "trailColor": -256
  },
  "reloads": {
    "emptyMagTimer": 10,
    "maxAmmo": 7,
    "reloadTimer": 30,
    "reloadType": "jeg:mag_fed"
  },
  "sounds": {
    "cock": "mteg:item.m1911.cock",
    "fire": "mteg:item.m1911.fire",
    "reload": "jeg:item.pistol.reload"
  }
}