{
  "display": {
    "flash": {
      "size": 1.0,
      "yOffset": 3.5,
      "zOffset": -20.0
    }
  },
  "general": {
    "alwaysSpread": true,
    "fireMode": "jeg:automatic",
    "gripType": "jeg:two_handed",
    "rate": 2,
    "recoilAngle": 2.0,
    "recoilKick": 0.15,
    "spread": 3.0
  },
  "modules": {
    "zoom": {
      "fovModifier": 0.6,
      "yOffset": 6.75,
      "zOffset": 2.75
    }
  },
  "projectile": {
    "advantage": "jeg:none",
    "damage": 6.0,
    "headshotMultiplier": 1.5,
    "item": "jeg:rifle_ammo",
    "life": 40,
    "size": 0.2,
    "speed": 12,
    "trailLengthMultiplier": 5.0,
    "trailColor": 16765577
  },
  "reloads": {
    "emptyMagTimer": 10,
    "maxAmmo": 100,
    "reloadTimer": 100,
    "reloadType": "jeg:mag_fed"
  },
  "sounds": {
    "cock": "mteg:item.m60.cock",
    "fire": "mteg:item.m60.fire",
    "reload": "jeg:item.pistol.reload",
    "silencedFire": "mteg:item.scar_l.suppressed_fire"
  }
}