{
  "display": {
    "flash": {
      "size": 0.8,
      "yOffset": 3.6,
      "zOffset": -6.41
    }
  },
  "general": {
    "alwaysSpread": true,
    "fireMode": "jeg:automatic",
    "gripType": "jeg:two_handed",
    "rate": 4,
    "recoilAngle": 4.0,
    "recoilKick": 0.25,
    "spread": 3.0
  },
  "modules": {
    "attachments": {
      "barrel": {
        "scale": 1.5,
        "yOffset": 3.6,
        "zOffset": -10.0
      },
      "magazine": {
        "scale": 0.0
      },
      "scope": {
        "scale": 1.5,
        "yOffset": 4.5,
        "zOffset": 4.5
      },
      "stock": {
        "scale": 0.0,
        "yOffset": -6.0,
        "zOffset": -1.0
      },
      "underBarrel": {
        "scale": 1.5,
        "yOffset": 2.0,
        "zOffset": -1.0
      }
    },
    "zoom": {
      "fovModifier": 0.6,
      "yOffset": 5.2,
      "zOffset": 2.75
    }
  },
  "projectile": {
    "advantage": "jeg:heavy",
    "damage": 8.0,
    "ejectsCasing": true,
    "headshotMultiplier": 1.5,
    "item": "jeg:rifle_ammo",
    "life": 80,
    "size": 0.05,
    "speed": 12,
    "trailLengthMultiplier": 5.0,
    "trailColor": -256
  },
  "reloads": {
    "emptyMagTimer": 10,
    "maxAmmo": 30,
    "reloadTimer": 30,
    "reloadType": "jeg:mag_fed"
  },
  "sounds": {
    "cock": "mteg:item.scar_l.cock",
    "fire": "mteg:item.scar_l.fire",
    "reload": "jeg:item.pistol.reload",
    "silencedFire": "mteg:item.scar_l.suppressed_fire"
  }
}