{
  "display": {
    "flash": {
      "size": 1.0,
      "yOffset": 2.72,
      "zOffset": -10.0
    }
  },
  "general": {
    "alwaysSpread": true,
    "fireMode": "jeg:semi_automatic",
    "gripType": "jeg:two_handed",
    "rate": 3,
    "recoilAngle": 4.8,
    "recoilKick": 0.3,
    "spread": 3.0
  },
  "modules": {
    "attachments": {
      "barrel": {
        "yOffset": 2.72,
        "zOffset": -10.0
      }
    },
    "zoom": {
      "fovModifier": 0.6,
      "yOffset": 3.7,
      "zOffset": -1.75
    }
  },
  "projectile": {
    "advantage": "jeg:none",
    "damage": 9.0,
    "ejectsCasing": true,
    "headshotMultiplier": 1.5,
    "item": "jeg:rifle_ammo",
    "life": 100,
    "size": 0.2,
    "speed": 30.0,
    "trailLengthMultiplier": 2.0
  },
  "reloads": {
    "emptyMagTimer": 10,
    "maxAmmo": 10,
    "reloadTimer": 30,
    "reloadType": "jeg:manual"
  },
  "sounds": {
    "fire": "aurorasarsenal:item.sks.fire",
    "reload": "jeg:item.pistol.reload",
    "silencedFire": "aurorasarsenal:item.ak_74m.silenced_fire"
  }
}