{
  "display": {
    "flash": {
      "size": 1.0,
      "yOffset": 3.75,
      "zOffset": -10.0
    }
  },
  "general": {
    "alwaysSpread": true,
    "fireMode": "jeg:semi_automatic",
    "gripType": "jeg:two_handed",
    "rate": 6,
    "recoilAngle": 4.0,
    "recoilKick": 0.2,
    "spread": 2.0
  },
  "modules": {
    "attachments": {
      "barrel": {
        "yOffset": 3.75,
        "zOffset": -10.0
      },
      "magazine": {
        "scale": 0.0
      },
      "scope": {
        "yOffset": 4.25,
        "zOffset": 5.0
      },
      "underBarrel": {
        "yOffset": 2.7,
        "zOffset": 1.0
      }
    },
    "zoom": {
      "fovModifier": 0.6,
      "yOffset": 5.3,
      "zOffset": -1.75
    }
  },
  "projectile": {
    "advantage": "jeg:none",
    "damage": 14.0,
    "ejectsCasing": true,
    "headshotMultiplier": 1.5,
    "item": "jeg:rifle_ammo",
    "life": 100,
    "size": 0.2,
    "speed": 30.0,
    "trailLengthMultiplier": 2.0,
    "trailColor": -256
  },
  "reloads": {
    "emptyMagTimer": 10,
    "maxAmmo": 20,
    "reloadTimer": 30,
    "reloadType": "jeg:mag_fed"
  },
  "sounds": {
    "fire": "aurorasarsenal:item.sr_25.fire",
    "reload": "jeg:item.pistol.reload",
    "silencedFire": "aurorasarsenal:item.ar_15.silenced_fire"
  }
}