{
  "pools": [
    {
      "rolls": 1,
      "entries": [
        {
          "type": "minecraft:item",
          "name": "minecraft:written_book",
          "functions": [
            {
              "function": "minecraft:set_nbt",
              "tag": "{translatedLogbook:1b,display:{Name:'{\"translate\":\"item.irons_spellbooks.translated_archevoker_log\"}'},pages:['[{\"translate\":\"item.irons_spellbooks.archevoker_log.header\"},{\"text\":\"2:\\\\n\\\\n\"},{\"translate\":\"item.irons_spellbooks.archevoker_log.page_1\"}]','[{\"translate\":\"item.irons_spellbooks.archevoker_log.header\"},{\"text\":\"14:\\\\n\\\\n\"},{\"translate\":\"item.irons_spellbooks.archevoker_log.page_2\"}]','[{\"translate\":\"item.irons_spellbooks.archevoker_log.header\"},{\"text\":\"31:\\\\n\\\\n\"},{\"translate\":\"item.irons_spellbooks.archevoker_log.page_3\"}]','[{\"translate\":\"item.irons_spellbooks.archevoker_log.header\"},{\"text\":\"73:\\\\n\\\\n\"},{\"translate\":\"item.irons_spellbooks.archevoker_log.page_4\"}]'],title:\"\",author:Archevoker,resolved:1b}"
            }
          ]
        }
      ]
    }
  ]
}
