{
  "anim_state": "PRECISE_TOSS",
  "class": "SPECIAL1",
  "cooldown_type": "STAND_SP1",
  "crouching_variant": {
    "anim_state": "FAN_TOSS",
    "class": "SPECIAL1",
    "cooldown_type": "STAND_SP1",
    "move": {
      "type": "jcraft:metallica_fan_toss_attack",
      "cooldown": 60,
      "duration": 12,
      "extras": {
        "conditions": [
          {
            "type": "jcraft:metallica_iron",
            "min_iron": 5.0
          }
        ],
        "description": {
          "text": "Decently fast, very low cooldown.\nFires 5 scalpels in a fan pattern."
        },
        "init_actions": [
          {
            "type": "jcraft:user_animation",
            "animation": "mtl.ft"
          }
        ],
        "name": {
          "text": "Scalpel Toss (Precise)"
        },
        "ranged": true
      },
      "move_distance": 0.75,
      "windup": 7
    }
  },
  "move": {
    "type": "jcraft:metallica_precise_toss_atack",
    "cooldown": 60,
    "duration": 12,
    "extras": {
      "conditions": [
        {
          "type": "jcraft:metallica_iron",
          "min_iron": 5.0
        }
      ],
      "description": {
        "text": "Decently fast, very low cooldown.\nFires 3 scalpels in the exact pointed direction.\nScalpels disappear after 15s in the ground, and may be picked up to regain iron."
      },
      "init_actions": [
        {
          "type": "jcraft:user_animation",
          "animation": "mtl.pt"
        }
      ],
      "name": {
        "text": "Scalpel Toss (Precise)"
      },
      "ranged": true
    },
    "move_distance": 0.75,
    "windup": 7
  }
}