{
	"weight": 70,
	"quality": 5,
	"mainhands": [{
			"weight": 3,
			"stack": {
				"item": "minecraft:iron_sword"
			}
		},
		{
			"weight": 3,
			"stack": {
				"item": "minecraft:iron_axe"
			}
		},
		{
			"weight": 2,
			"stack": {
				"item": "minecraft:iron_pickaxe"
			}
		},
		{
			"weight": 2,
			"stack": {
				"item": "minecraft:iron_shovel"
			}
		}
	],
	"offhands": [],
	"boots": [{
		"weight": 1,
		"stack": {
			"item": "minecraft:iron_boots"
		}
	}],
	"leggings": [{
		"weight": 1,
		"stack": {
			"item": "minecraft:iron_leggings"
		}
	}],
	"chestplates": [{
		"weight": 1,
		"stack": {
			"item": "minecraft:iron_chestplate"
		}
	}],
	"helmets": [{
		"weight": 1,
		"stack": {
			"item": "minecraft:iron_helmet"
		}
	}],
	"tags": [
		"overworld"
	]
}