{
  "type": "minecraft:entity",
  "pools": [
    {
      "rolls": 1,
      "entries": [
        {
          "type": "minecraft:item",
          "name": "born_in_chaos_v1:soul_cutlass",
          "weight": 100,
          "functions": [
            {
              "function": "set_count",
              "count": {
                "min": 1,
                "max": 1
              }
            },
            {
              "function": "enchant_with_levels",
              "treasure": true,
              "levels": {
                "min": 25,
                "max": 40
              }
            }
          ]
        }
      ]
    },
    {
      "rolls": 1,
      "entries": [
        {
          "type": "minecraft:item",
          "name": "born_in_chaos_v1:holiday_candy",
          "weight": 100,
          "functions": [
            {
              "function": "set_count",
              "count": {
                "min": 16,
                "max": 32
              }
            }
          ]
        },
        {
          "type": "minecraft:item",
          "name": "born_in_chaos_v1:serpumpkinhead_m",
          "weight": 6,
          "functions": [
            {
              "function": "set_count",
              "count": {
                "min": 1,
                "max": 1
              }
            }
          ]
        },
        {
          "type": "minecraft:item",
          "name": "born_in_chaos_v1:fel_lamp",
          "weight": 45,
          "functions": [
            {
              "function": "set_count",
              "count": {
                "min": 1,
                "max": 1
              }
            }
          ]
        }
      ]
    },
    {
      "rolls": 1,
      "entries": [
        {
          "type": "minecraft:item",
          "name": "born_in_chaos_v1:pumpkin_staff",
          "weight": 100,
          "functions": [
            {
              "function": "set_count",
              "count": {
                "min": 1,
                "max": 1
              }
            }
          ]
        }
      ]
    }
  ],
  "random_sequence": "born_in_chaos_v1:entities/pumpkinhead"
}