{
  "type": "minecraft:gift",
  "pools": [
    {
      "bonus_rolls": 0.0,
      "entries": [
        {
          "type": "minecraft:item",
          "name": "minecraft:torchflower_seeds"
        },
        {
          "type": "minecraft:item",
          "name": "trailsandtalesplus:bloomed_torchflower_crop"
        },
        {
          "type": "minecraft:item",
          "name": "minecraft:pitcher_pod"
        },
        {
          "type": "minecraft:item",
          "name": "trailsandtalesplus:protea"
        },
        {
          "type": "minecraft:item",
          "name": "trailsandtalesplus:lumberry_vine"
        }
      ],
      "rolls": 1.0
    }
  ],
  "random_sequence": "minecraft:gameplay/sniffer_digging"
}