{
    "type": "jeg:gunnite_workbench",
    "result": {
        "item": "mteg:mossberg_590"
    },
    "materials": [
        {
            "item": "jeg:scrap",
            "count": 40
        },
        {
            "item": "jeg:gunnite_ingot",
            "count": 12
        },
        {
            "item": "jeg:gunmetal_ingot",
            "count": 5
        },
        {
            "item": "minecraft:gunpowder",
            "count": 12
        },
        {
            "item": "minecraft:black_dye",
            "count": 6
        }
    ]
}