{
  "anim_state": "NONE",
  "class": "SPECIAL2",
  "cooldown_type": "STAND_SP2",
  "crouching_variant": {
    "anim_state": "NONE",
    "class": "SPECIAL2",
    "cooldown_type": "STAND_SP2",
    "move": {
      "type": "jcraft:metallica_summon_forks_attack",
      "cooldown": 0,
      "duration": 15,
      "extras": {
        "conditions": [
          {
            "type": "jcraft:metallica_iron",
            "min_iron": 20.0
          }
        ],
        "description": {
          "text": "12 meter range.\nSummons pitchforks from the ground that are guaranteed to knock down the opponent."
        },
        "init_actions": [
          {
            "type": "jcraft:user_animation",
            "animation": "mtl.sfk"
          }
        ],
        "name": {
          "text": "Summon Pitchforks"
        }
      },
      "windup": 5
    }
  },
  "move": {
    "type": "jcraft:metallica_internal_attack",
    "cooldown": 0,
    "duration": 15,
    "extras": {
      "description": {
        "text": "12 meter range.\nUses the opponent's own iron to create a deadly remote attack.\nApplies Hypoxia for 3 seconds.\nCannot attack hypoxic targets.\nThis attack does not interrupt other moves."
      },
      "init_actions": [
        {
          "type": "jcraft:user_animation",
          "animation": "mtl.ita"
        }
      ],
      "name": {
        "text": "Internal Attack"
      }
    },
    "windup": 10
  }
}