{
  "type": "minecraft:crafting_shaped",
  "category": "misc",
  "pattern": [
    "aba",
    "aca",
    "def"
  ],
  "key": {
    "a": {
      "item": "threateningly_mobs:magic_bladefragments"
    },
    "b": {
      "item": "threateningly_mobs:bettle_horn"
    },
    "c": {
      "item": "threateningly_mobs:furious_incisors"
    },
    "d": {
      "item": "threateningly_mobs:steel_tusk"
    },
    "e": {
      "item": "threateningly_mobs:sea_hydra_eyes"
    },
    "f": {
      "item": "threateningly_mobs:grass_scarf"
    }
  },
  "result": {
    "item": "threateningly_mobs:emperor_blade",
    "count": 1
  }
}