{
  "anim_state": "SLICE",
  "class": "LIGHT",
  "cooldown_type": "STAND_LIGHT",
  "crouching_variant": {
    "anim_state": "SPEED_CHOP",
    "class": "LIGHT",
    "cooldown_type": "STAND_LIGHT",
    "move": {
      "type": "jcraft:shared_simple_attack",
      "attack_extras": {
        "backstab": true,
        "block_stun": 7,
        "hit_animation": "HIGH",
        "hit_spark": "HIT_SPARK_1"
      },
      "cooldown": 20,
      "damage": 3.0,
      "duration": 11,
      "extras": {
        "actions": [
          {
            "type": "jcraft:effect",
            "effects": [
              {
                "ambient": true,
                "amplifier": 1,
                "duration": 80,
                "effect": "jcraft:jbleeding",
                "visible": false
              }
            ]
          },
          {
            "type": "jcraft:play_sound",
            "on_impact": true,
            "sound": "minecraft:item.trident.hit"
          }
        ],
        "description": {
          "text": "tiny stun, procs bleed"
        },
        "name": {
          "text": "Speed Chop"
        }
      },
      "hitbox_size": 1.5,
      "knockback": 0.5,
      "move_distance": 0.75,
      "offset": -0.1,
      "stun": 8,
      "windup": 6
    }
  },
  "followup": {
    "anim_state": "LIGHT_FOLLOWUP",
    "class": "LIGHT",
    "cooldown_type": "STAND_LIGHT",
    "move": {
      "type": "jcraft:shared_simple_attack",
      "attack_extras": {
        "backstab": true,
        "block_stun": 4,
        "extra_hit_boxes": [
          {
            "size": 1.0,
            "vertical_offset": 0.25
          }
        ],
        "hit_animation": "LAUNCH",
        "hit_spark": "HIT_SPARK_1",
        "override_stun": true,
        "shockwaves": true,
        "stun_type": "LAUNCH"
      },
      "cooldown": 0,
      "damage": 5.0,
      "duration": 12,
      "extras": {
        "actions": [
          {
            "type": "jcraft:play_sound",
            "on_impact": true,
            "sound": "jcraft:impact1"
          }
        ],
        "description": {
          "text": "quick combo finisher"
        },
        "name": {
          "text": "Kick"
        }
      },
      "hitbox_size": 1.5,
      "knockback": 1.0,
      "move_distance": 0.75,
      "offset": -0.1,
      "stun": 8,
      "windup": 6
    }
  },
  "move": {
    "type": "jcraft:shared_simple_attack",
    "attack_extras": {
      "backstab": true,
      "block_stun": 8,
      "hit_animation": "MID",
      "hit_spark": "HIT_SPARK_1"
    },
    "cooldown": 20,
    "damage": 4.0,
    "duration": 8,
    "extras": {
      "actions": [
        {
          "type": "jcraft:play_sound",
          "on_impact": true,
          "sound": "minecraft:item.trident.hit"
        }
      ],
      "description": {
        "text": "quick combo starter"
      },
      "name": {
        "text": "Slice"
      }
    },
    "hitbox_size": 1.5,
    "knockback": 0.15,
    "move_distance": 0.75,
    "offset": -0.1,
    "stun": 10,
    "windup": 5
  }
}