{
  "anim_state": "CHARGE",
  "class": "SPECIAL2",
  "cooldown_type": "STAND_SP2",
  "crouching_variant": {
    "anim_state": "LUNGE",
    "class": "SPECIAL2",
    "cooldown_type": "STAND_SP2",
    "move": {
      "type": "jcraft:shared_simple_attack",
      "attack_extras": {
        "backstab": true,
        "block_stun": 9,
        "extra_hit_boxes": [
          {
            "size": 1.0
          }
        ],
        "hit_animation": "LAUNCH",
        "hit_spark": "HIT_SPARK_2",
        "override_stun": true,
        "shockwaves": true,
        "stun_type": "LAUNCH"
      },
      "cooldown": 160,
      "damage": 5.0,
      "duration": 14,
      "extras": {
        "actions": [
          {
            "type": "jcraft:play_sound",
            "on_impact": true,
            "sound": "jcraft:twkickhit"
          }
        ],
        "description": {
          "text": "user & stand charge forward, launches"
        },
        "init_actions": [
          {
            "type": "jcraft:lunge",
            "factor": 0.75,
            "not_free": true,
            "vertical_factor": 0.0
          },
          {
            "type": "jcraft:play_sound",
            "sound": "jcraft:twkick"
          }
        ],
        "name": {
          "text": "Lunge"
        }
      },
      "hitbox_size": 1.5,
      "knockback": 0.6,
      "move_distance": 1.0,
      "offset": 0.2,
      "stun": 12,
      "windup": 9
    }
  },
  "move": {
    "type": "jcraft:theworld_charge_attack",
    "attack_extras": {
      "block_stun": 11,
      "hit_animation": "CRUSH",
      "hit_spark": "HIT_SPARK_2"
    },
    "cooldown": 280,
    "damage": 5.0,
    "duration": 19,
    "extras": {
      "actions": [
        {
          "type": "jcraft:play_sound",
          "on_impact": true,
          "sound": "jcraft:twchargehit"
        }
      ],
      "description": {
        "text": "The World detaches from the user and lunges forward, combo starter"
      },
      "init_actions": [
        {
          "type": "jcraft:play_sound",
          "sound": "jcraft:twcharge"
        }
      ],
      "name": {
        "text": "Forward Charge"
      },
      "ranged": true
    },
    "hitbox_size": 1.5,
    "knockback": 0.25,
    "move_distance": 7.5,
    "offset": 0.0,
    "stun": 20,
    "windup": 5
  }
}