{
  "anim_state": "HEAVY",
  "class": "HEAVY",
  "cooldown_type": "STAND_HEAVY",
  "move": {
    "type": "jcraft:shared_simple_attack",
    "attack_extras": {
      "backstab": true,
      "block_stun": 12,
      "hit_animation": "HIGH",
      "hit_spark": "HIT_SPARK_3"
    },
    "cooldown": 200,
    "damage": 8.0,
    "duration": 30,
    "extras": {
      "actions": [
        {
          "type": "jcraft:play_sound",
          "on_impact": true,
          "sound": "jcraft:impact3"
        }
      ],
      "armor": 2147483647,
      "description": {
        "text": "slow, uninterruptible combo starter"
      },
      "init_actions": [
        {
          "type": "jcraft:play_sound",
          "sound": "jcraft:creamheavy"
        }
      ],
      "name": {
        "text": "Vertical Chop"
      }
    },
    "hitbox_size": 1.5,
    "knockback": 0.8,
    "move_distance": 1.0,
    "offset": 0.0,
    "stun": 40,
    "windup": 20
  }
}