{
  "__comment": "These blocks can be used with Geomancy abilities. Blocks that copy their properties from these tagged blocks will also be useable.",
  "replace": false,
  "values": [
    "#minecraft:dirt",
    "#minecraft:terracotta",
    "minecraft:blackstone",
    "minecraft:basalt",
    "minecraft:smooth_basalt",
    "minecraft:soul_sand",
    "minecraft:soul_soil",
    "minecraft:smooth_stone",
    "minecraft:quartz_block",
    "minecraft:chiseled_quartz_block",
    "minecraft:quartz_pillar",
    "minecraft:smooth_quartz",
    "minecraft:purpur_block",
    "minecraft:purpur_pillar",
    "minecraft:prismarine",
    "minecraft:dark_prismarine",
    "minecraft:suspicious_sand",
    "minecraft:suspicious_gravel",
    "#minecraft:nylium",
    "minecraft:crying_obsidian",
    "minecraft:magma_block",
    "minecraft:dripstone_block",
    "minecraft:clay",
    "minecraft:deepslate_tiles",
    "minecraft:polished_basalt",
    "minecraft:dirt_path",
    "minecraft:farmland",
    "minecraft:chiseled_polished_blackstone",
    "minecraft:cracked_deepslate_bricks",
    "minecraft:stone_slab",
    "minecraft:cobblestone_slab",
    "minecraft:smooth_stone_slab",
    "minecraft:stone_brick_slab",
    "minecraft:deepslate_tile_slab",
    "minecraft:cut_red_sandstone_slab",
    "minecraft:brick_slab",
    "minecraft:prismarine_slab",
    "minecraft:prismarine_brick_slab",
    "minecraft:mud_brick_slab",
    "minecraft:dark_prismarine_slab",
    "minecraft:sandstone_slab",
    "minecraft:nether_brick_slab",
    "minecraft:cut_sandstone_slab",
    "minecraft:red_sandstone_slab",
    "minecraft:quartz_slab",
    "minecraft:polished_blackstone_slab",
    "minecraft:nether_brick_fence",
    "minecraft:polished_blackstone_stairs",
    "minecraft:polished_blackstone_wall",
    "minecraft:purpur_slab",
    {
      "id": "#mowziesmobs:concrete_powder",
      "required": false
    },
    {
      "id": "#mowziesmobs:concrete",
      "required": false
    },
    {
      "id": "#mowziesmobs:glazed_terracotta",
      "required": false
    },
    {
      "id": "#mowziesmobs:bricks",
      "required": false
    },
    {
      "id": "#forge:cobblestone",
      "required": false
    },
    {
      "id": "#forge:end_stones",
      "required": false
    },
    {
      "id": "#forge:gravel",
      "required": false
    },
    {
      "id": "#forge:netherrack",
      "required": false
    },
    {
      "id": "#forge:obsidian",
      "required": false
    },
    {
      "id": "#forge:ores",
      "required": false
    },
    {
      "id": "#forge:sand",
      "required": false
    },
    {
      "id": "#forge:sandstone",
      "required": false
    },
    {
      "id": "#forge:stone",
      "required": false
    },
    {
      "id": "#forge:concrete",
      "required": false
    }
  ]
}