{
  "anim_state": "HEAVY",
  "class": "HEAVY",
  "cooldown_type": "STAND_HEAVY",
  "move": {
    "type": "jcraft:shared_simple_attack",
    "attack_extras": {
      "backstab": true,
      "block_stun": 11,
      "hit_animation": "LAUNCH",
      "hit_spark": "HIT_SPARK_1",
      "override_stun": true,
      "shockwaves": true,
      "stun_type": "LAUNCH"
    },
    "cooldown": 100,
    "damage": 7.0,
    "duration": 20,
    "extras": {
      "actions": [
        {
          "type": "jcraft:play_sound",
          "on_impact": true,
          "sound": "jcraft:impact1"
        }
      ],
      "description": {
        "text": "launcher"
      },
      "may_hit_user": true,
      "name": {
        "text": "Uppercut"
      }
    },
    "hitbox_size": 2.0,
    "knockback": 1.25,
    "move_distance": 0.75,
    "offset": -0.1,
    "stun": 14,
    "windup": 10
  }
}