{
  "type": "minecraft:crafting_shapeless",
  "category": "misc",
  "ingredients": [
    {
      "item": "minecraft:diamond"
    },
    {
      "item": "minecraft:diamond"
    },
    {
      "item": "minecraft:diamond"
    },
    {
      "item": "minecraft:diamond"
    },
    {
      "item": "minecraft:echo_shard"
    },
    {
      "item": "minecraft:echo_shard"
    },
    {
      "item": "minecraft:echo_shard"
    },
    {
      "item": "minecraft:echo_shard"
    }
  ],
  "result": {
    "item": "trailsandtalesplus:echo_ingot"
  }
}