{
  "type": "minecraft:archaeology",
  "pools": [
    {
      "bonus_rolls": 0.0,
      "entries": [
        {
          "type": "minecraft:item",
          "name": "minecraft:wheat_seeds"
        },
        {
          "type": "minecraft:item",
          "name": "minecraft:potato"
        },
        {
          "type": "minecraft:item",
          "name": "minecraft:beetroot_seeds"
        },
        {
          "type": "minecraft:item",
          "name": "minecraft:carrot"
        },
        {
          "type": "minecraft:item",
          "name": "minecraft:bone"
        },
        {
          "type": "minecraft:item",
          "name": "minecraft:bone_block"
        },
        {
          "type": "minecraft:item",
          "name": "minecraft:oak_log"
        },
        {
          "type": "minecraft:item",
          "name": "minecraft:birch_log"
        },
        {
          "type": "minecraft:item",
          "name": "minecraft:dark_oak_log"
        },
        {
          "type": "minecraft:item",
          "name": "minecraft:jungle_log"
        },
        {
          "type": "minecraft:item",
          "name": "minecraft:acacia_log"
        },
        {
          "type": "minecraft:item",
          "name": "minecraft:cherry_log"
        },
        {
          "type": "minecraft:item",
          "name": "minecraft:spruce_log"
        },
        {
          "type": "minecraft:item",
          "name": "minecraft:mangrove_log"
        },
        {
          "type": "minecraft:item",
          "name": "minecraft:bamboo_block"
        },
        {
          "type": "minecraft:item",
          "name": "minecraft:packed_mud"
        },
        {
          "type": "minecraft:item",
          "name": "minecraft:decorated_pot"
        },
        {
          "type": "minecraft:item",
          "name": "minecraft:iron_ingot"
        },
        {
          "type": "minecraft:item",
          "name": "minecraft:gold_ingot"
        },
        {
          "type": "minecraft:item",
          "name": "minecraft:copper_ingot"
        },
        {
          "type": "minecraft:item",
          "name": "minecraft:compass"
        },
        {
          "type": "minecraft:item",
          "name": "minecraft:map"
        },
        {
          "type": "minecraft:item",
          "name": "minecraft:clay"
        },
        {
          "type": "minecraft:item",
          "name": "minecraft:brick"
        },
        {
          "type": "minecraft:item",
          "name": "minecraft:experience_bottle"
        },
        {
          "type": "minecraft:item",
          "name": "trailsandtalesplus:ancient_script"
        },
        {
          "type": "minecraft:item",
          "name": "trailsandtalesplus:silent_pottery_sherd"
        },
        {
          "type": "minecraft:item",
          "name": "trailsandtalesplus:puzzle_pottery_sherd"
        },
        {
          "type": "minecraft:item",
          "name": "trailsandtalesplus:plain_pottery_sherd"
        },
        {
          "type": "minecraft:item",
          "name": "trailsandtalesplus:cherry_pottery_sherd"
        }
      ],
      "rolls": 1.0
    }
  ],
  "random_sequence": "trailsandtalesplus:archaeology/sus_moss"
}