{
  "type": "minecraft:entity",
  "pools": [
    {
      "rolls": {
        "min": 3,
        "max": 5
      },
      "entries": [
        {
          "type": "minecraft:item",
          "name": "minecraft:sand",
          "weight": 16,
          "functions": [
            {
              "function": "set_count",
              "count": {
                "min": 5,
                "max": 8
              }
            }
          ]
        },
        {
          "type": "minecraft:item",
          "name": "threateningly_mobs:arthropod_meat",
          "weight": 24,
          "functions": [
            {
              "function": "set_count",
              "count": {
                "min": 3,
                "max": 6
              }
            }
          ]
        },
        {
          "type": "minecraft:item",
          "name": "minecraft:sandstone",
          "weight": 8,
          "functions": [
            {
              "function": "set_count",
              "count": {
                "min": 2,
                "max": 4
              }
            }
          ]
        },
        {
          "type": "minecraft:item",
          "name": "minecraft:quartz",
          "weight": 12,
          "functions": [
            {
              "function": "set_count",
              "count": {
                "min": 3,
                "max": 9
              }
            }
          ]
        },
        {
          "type": "minecraft:item",
          "name": "threateningly_mobs:desert_armor_shard",
          "weight": 12,
          "functions": [
            {
              "function": "set_count",
              "count": {
                "min": 3,
                "max": 6
              }
            }
          ]
        },
        {
          "type": "minecraft:item",
          "name": "create:brass_ingot",
          "weight": 12,
          "functions": [
            {
              "function": "set_count",
              "count": {
                "min": 3,
                "max": 10
              }
            }
          ]
        }
      ]
    },
    {
      "rolls": 1,
      "entries": [
        {
          "type": "minecraft:item",
          "name": "minecraft:red_sand",
          "weight": 8,
          "functions": [
            {
              "function": "set_count",
              "count": {
                "min": 4,
                "max": 12
              }
            }
          ]
        },
        {
          "type": "minecraft:item",
          "name": "threateningly_mobs:bettle_horn",
          "weight": 1,
          "functions": [
            {
              "function": "set_count",
              "count": {
                "min": 1,
                "max": 1
              }
            }
          ]
        }
      ]
    }
  ],
  "random_sequence": "threateningly_mobs:entities/solscarab_maximus"
}