{
  "aerial_variant": {
    "anim_state": "AIR_LIGHT",
    "class": "LIGHT",
    "cooldown_type": "STAND_LIGHT",
    "move": {
      "type": "jcraft:shared_simple_uppercut_attack",
      "attack_extras": {
        "backstab": true,
        "block_stun": 9,
        "hit_animation": "MID",
        "hit_spark": "HIT_SPARK_1"
      },
      "cooldown": 20,
      "damage": 5.0,
      "duration": 14,
      "extras": {
        "actions": [
          {
            "type": "jcraft:play_sound",
            "on_impact": true,
            "sound": "jcraft:impact3"
          }
        ],
        "description": {
          "text": "launches up"
        },
        "name": {
          "text": "Backward Flip Kick"
        }
      },
      "hitbox_size": 1.5,
      "knockback": 0.4,
      "move_distance": 0.75,
      "offset": -0.3,
      "strength": 0.4,
      "stun": 15,
      "windup": 7
    }
  },
  "anim_state": "LIGHT",
  "class": "LIGHT",
  "cooldown_type": "STAND_LIGHT",
  "crouching_variant": {
    "anim_state": "CROUCHING_LIGHT",
    "class": "LIGHT",
    "cooldown_type": "STAND_LIGHT",
    "followup": {
      "anim_state": "CROUCHING_LIGHT_FOLLOWUP",
      "class": "LIGHT",
      "cooldown_type": "STAND_LIGHT",
      "move": {
        "type": "jcraft:shared_knockdown_attack",
        "attack_extras": {
          "backstab": true,
          "block_stun": 10,
          "hit_animation": "MID",
          "hit_spark": "HIT_SPARK_2"
        },
        "cooldown": 0,
        "damage": 6.0,
        "duration": 16,
        "extras": {
          "actions": [
            {
              "type": "jcraft:play_sound",
              "on_impact": true,
              "sound": "jcraft:impact1"
            }
          ],
          "description": {
            "text": "1.5s knockdown"
          },
          "init_actions": [
            {
              "type": "jcraft:play_sound",
              "sound": "jcraft:hgcrouchlight"
            }
          ],
          "name": {
            "text": "Sweep"
          }
        },
        "hitbox_size": 1.75,
        "knockback": 0.75,
        "knockdown_duration": 35,
        "move_distance": 0.75,
        "offset": 0.4,
        "stun": 13,
        "windup": 9
      }
    },
    "move": {
      "type": "jcraft:shared_simple_attack",
      "attack_extras": {
        "backstab": true,
        "block_stun": 9,
        "hit_animation": "MID",
        "hit_spark": "HIT_SPARK_1"
      },
      "cooldown": 20,
      "damage": 5.0,
      "duration": 11,
      "extras": {
        "actions": [
          {
            "type": "jcraft:play_sound",
            "on_impact": true,
            "sound": "jcraft:impact4"
          }
        ],
        "description": {
          "text": "quick combo starter"
        },
        "name": {
          "text": "Low Punch"
        }
      },
      "hitbox_size": 1.5,
      "knockback": 0.15,
      "move_distance": 0.75,
      "offset": 0.3,
      "stun": 12,
      "windup": 7
    }
  },
  "followup": {
    "anim_state": "LIGHT_FOLLOWUP",
    "class": "LIGHT",
    "cooldown_type": "STAND_LIGHT",
    "move": {
      "type": "jcraft:shared_simple_uppercut_attack",
      "attack_extras": {
        "backstab": true,
        "block_stun": 4,
        "hit_animation": "MID",
        "hit_spark": "HIT_SPARK_2"
      },
      "cooldown": 0,
      "damage": 6.0,
      "duration": 15,
      "extras": {
        "actions": [
          {
            "type": "jcraft:play_sound",
            "on_impact": true,
            "sound": "jcraft:impact3"
          }
        ],
        "description": {
          "text": "reset tool, combos back into light"
        },
        "init_actions": [
          {
            "type": "jcraft:play_sound",
            "sound": "jcraft:hglightfollowup"
          }
        ],
        "name": {
          "text": "Uppercut"
        }
      },
      "hitbox_size": 1.75,
      "knockback": 0.5,
      "move_distance": 0.75,
      "offset": -0.2,
      "strength": 0.4,
      "stun": 13,
      "windup": 10
    }
  },
  "move": {
    "type": "jcraft:shared_simple_attack",
    "attack_extras": {
      "backstab": true,
      "block_stun": 9,
      "hit_animation": "MID",
      "hit_spark": "HIT_SPARK_1"
    },
    "cooldown": 20,
    "damage": 5.0,
    "duration": 9,
    "extras": {
      "actions": [
        {
          "type": "jcraft:play_sound",
          "on_impact": true,
          "sound": "jcraft:impact4"
        }
      ],
      "description": {
        "text": "quick combo starter"
      },
      "name": {
        "text": "Punch"
      }
    },
    "hitbox_size": 1.5,
    "knockback": 0.15,
    "move_distance": 0.75,
    "offset": 0.2,
    "stun": 10,
    "windup": 7
  }
}