{
  "pools": [
    {
      "name": "cockatrice",
      "rolls": 1,
      "entries": [
        {
          "type": "item",
          "name": "minecraft:feather",
          "weight": 1,
          "functions": [
            {
              "function": "set_count",
              "count": {
                "min": 0,
                "max": 3
              }
            },
            {
              "function": "looting_enchant",
              "count": {
                "min": 0,
                "max": 1
              }
            }
          ]
        }
      ]
    },
    {
      "name": "cockatrice",
      "rolls": 1,
      "entries": [
        {
          "type": "item",
          "name": "iceandfire:witherbone",
          "weight": 1,
          "functions": [
            {
              "function": "set_count",
              "count": {
                "min": 0,
                "max": 2
              }
            },
            {
              "function": "looting_enchant",
              "count": {
                "min": 0,
                "max": 1
              }
            }
          ]
        }
      ]
    },
    {
      "name": "cockatrice",
      "rolls": 1,
      "entries": [
        {
          "type": "item",
          "name": "minecraft:chicken",
          "weight": 1,
          "functions": [
            {
              "function": "set_count",
              "count": {
                "min": 1,
                "max": 3
              }
            },
            {
              "function": "furnace_smelt",
              "conditions": [
                {
                  "condition": "entity_properties",
                  "entity": "this",
                  "properties": {
                    "on_fire": true
                  }
                }
              ]
            },
            {
              "function": "looting_enchant",
              "count": {
                "min": 0,
                "max": 1
              }
            }
          ]
        }
      ]
    },
    {
      "name": "cockatrice",
      "conditions": [
        {
          "condition": "killed_by_player"
        },
        {
          "condition": "random_chance_with_looting",
          "chance": 0.0025,
          "looting_multiplier": 0.001
        }
      ],
      "rolls": 1,
      "entries": [
        {
          "type": "item",
          "name": "iceandfire:cockatrice_eye",
          "weight": 1
        }
      ]
    },
    {
      "name": "cockatrice",
      "conditions": [
        {
          "condition": "killed_by_player"
        },
        {
          "condition": "random_chance_with_looting",
          "chance": 0.025,
          "looting_multiplier": 0.01
        }
      ],
      "rolls": 1,
      "entries": [
        {
          "type": "item",
          "name": "iceandfire:cockatrice_skull",
          "weight": 1
        }
      ]
    }
  ]
}