{
  "type": "minecraft:chest",
  "pools": [
    {
      "rolls": 15,
      "entries": [
        {
          "type": "minecraft:item",
          "weight": 5,
          "name": "irons_spellbooks:arcane_essence",
          "functions": [
            {
              "function": "minecraft:set_count",
              "count": {
                "min": 1,
                "max": 3
              }
            }
          ]
        },
        {
          "type": "minecraft:item",
          "weight": 5,
          "name": "minecraft:paper",
          "functions": [
            {
              "function": "minecraft:set_count",
              "count": {
                "min": 1,
                "max": 5
              }
            }
          ]
        },
        {
          "type": "minecraft:item",
          "weight": 5,
          "name": "minecraft:rabbit_stew"
        },
        {
          "type": "minecraft:item",
          "weight": 6,
          "name": "minecraft:amethyst_shard"
        },
        {
          "type": "minecraft:item",
          "weight": 8,
          "name": "irons_spellbooks:frozen_bone"
        }
      ]
    },
    {
      "rolls": 1,
      "entries": [
        {
          "type": "minecraft:item",
          "name": "minecraft:goat_horn",
          "functions": [
            {
              "function": "minecraft:set_instrument",
              "options": "#minecraft:goat_horns"
            }
          ]
        }
      ]
    },
    {
      "rolls": {
        "min": 1,
        "max": 2
      },
      "entries": [
        {
          "type": "minecraft:item",
          "weight": 1,
          "name": "irons_spellbooks:scroll",
          "functions": [
            {
              "function": "irons_spellbooks:randomize_spell",
              "quality": {
                "min": 0.3,
                "max": 0.75
              },
              "school": "irons_spellbooks:ice"
            }
          ]
        }
      ]
    },
    {
      "rolls": 1,
      "entries": [
        {
          "type": "minecraft:item",
          "name": "irons_spellbooks:furled_map",
          "functions": [
            {
              "function": "irons_spellbooks:set_furled_map",
              "destination": "irons_spellbooks:impaled_icebreaker",
              "translation": "item.irons_spellbooks.failed_arctic_voyage_map"
            }
          ]
        }
      ],
      "conditions": [
        {
          "condition": "minecraft:random_chance",
          "chance": 0.3
        }
      ]
    },
    {
      "rolls": 1,
      "entries": [
        {
          "type": "minecraft:loot_table",
          "name": "irons_spellbooks:magic_items/basic_curios"
        }
      ],
      "conditions": [
        {
          "condition": "minecraft:random_chance",
          "chance": 0.3
        }
      ]
    }
  ]
}
