{
    "type": "minecraft:chest",
    "pools": [
        {
            "rolls": 1,
            "entries": [
                {
                    "type": "minecraft:item",
                    "name": "confluence:flurry_boots"
                }
            ]
        },
        {
            "rolls": 1,
            "entries": [
                {
                    "type": "minecraft:item",
                    "name": "confluence:blizzard_in_a_bottle",
                    "conditions": [
                        {
                            "condition": "minecraft:random_chance",
                            "chance": 0.3
                        }
                    ]
                }
            ]
        }
    ]
}
