{
    "type": "minecraft:chest",
    "pools": [
        {
            "rolls": 2,
            "entries": [
                {
                    "type": "minecraft:item",
                    "name": "confluence:panic_necklace",
                    "conditions": [
                        {
                            "condition": "minecraft:random_chance",
                            "chance": 0.5
                        }
                    ]
                },
                {
                    "type": "minecraft:item",
                    "name": "confluence:putrid_scent",
                    "conditions": [
                        {
                            "condition": "minecraft:random_chance",
                            "chance": 0.5
                        }
                    ]
                },
                {
                    "type": "minecraft:item",
                    "name": "confluence:shackle",
                    "conditions": [
                        {
                            "condition": "minecraft:random_chance",
                            "chance": 0.5
                        }
                    ]
                },
                {
                    "type": "minecraft:item",
                    "name": "confluence:cloud_in_a_bottle",
                    "conditions": [
                        {
                            "condition": "minecraft:random_chance",
                            "chance": 0.25
                        }
                    ]
                }
            ]
        }
    ]
}
