{
    "type": "minecraft:chest",
    "pools": [
        {
            "rolls": 1,
            "entries": [
                {
                    "type": "minecraft:item",
                    "name": "confluence:flashlight"
                }
            ],
            "conditions": [
                {
                    "condition": "minecraft:random_chance",
                    "chance": 0.25
                }
            ]
        },
        {
            "rolls": 1,
            "entries": [
                {
                    "type": "minecraft:item",
                    "name": "confluence:shot_put"
                }
            ],
            "conditions": [
                {
                    "condition": "minecraft:random_chance",
                    "chance": 0.25
                }
            ]
        }
    ]
}
