{
  "anim_state": "BALL_COMBO",
  "class": "BARRAGE",
  "cooldown_type": "STAND_BARRAGE",
  "move": {
    "type": "jcraft:shared_simple_multi_hit_attack",
    "attack_extras": {
      "backstab": true,
      "block_stun": 11,
      "hit_animation": "HIGH",
      "hit_spark": "HIT_SPARK_1"
    },
    "cooldown": 200,
    "damage": 7.0,
    "duration": 36,
    "extras": {
      "actions": [
        {
          "type": "jcraft:play_sound",
          "on_impact": true,
          "sound": "jcraft:impact3"
        }
      ],
      "description": {
        "text": "less stun than grounded version"
      },
      "init_actions": [
        {
          "type": "jcraft:play_sound",
          "sound": "jcraft:creamcombo"
        }
      ],
      "name": {
        "text": "Aerial Assault"
      }
    },
    "hit_moments": [
      10,
      17,
      25
    ],
    "hitbox_size": 2.0,
    "knockback": 0.1,
    "move_distance": 0.5,
    "offset": 0.3,
    "stun": 15
  }
}