{
  "anim_state": "EXIT",
  "class": "UTILITY",
  "cooldown_type": "UTILITY",
  "move": {
    "type": "jcraft:cream_ball_mode_exit_move",
    "cooldown": 40,
    "duration": 15,
    "extras": {
      "description": {
        "text": "Cream and its user return from the void"
      },
      "init_actions": [
        {
          "type": "jcraft:play_sound",
          "sound": "jcraft:creamexit"
        }
      ],
      "name": {
        "text": "Exit Cream"
      }
    },
    "move_distance": 0.0,
    "windup": 5
  }
}