{
  "anim_state": "COUNTER",
  "class": "SPECIAL3",
  "cooldown_type": "STAND_SP3",
  "move": {
    "type": "jcraft:goldexperience_requiem_nullification_attack",
    "cooldown": 480,
    "duration": 35,
    "extras": {
      "description": {
        "text": "0.25s windup, 1.5s counter, stuns on hit"
      },
      "init_actions": [
        {
          "type": "jcraft:play_sound",
          "sound": "jcraft:geheal"
        }
      ],
      "name": {
        "text": "Nullification"
      }
    },
    "move_distance": 1.0,
    "windup": 5
  }
}