{
  "anim_state": "LASER",
  "class": "SPECIAL2",
  "cooldown_type": "STAND_SP2",
  "followup": {
    "anim_state": "LASER_FIRE",
    "class": "SPECIAL2",
    "cooldown_type": "STAND_SP2",
    "move": {
      "type": "jcraft:goldexperience_requiem_life_beam_attack",
      "cooldown": 0,
      "duration": 10,
      "extras": {
        "description": {
          "text": ""
        },
        "init_actions": [
          {
            "type": "jcraft:play_sound",
            "sound": "jcraft:gerlaserfire"
          }
        ],
        "name": {
          "text": "Life Beam"
        },
        "ranged": true
      },
      "move_distance": 1.1,
      "windup": 1
    }
  },
  "move": {
    "type": "jcraft:shared_simple_holdable_move",
    "cooldown": 280,
    "duration": 40,
    "extras": {
      "description": {
        "text": "Summons a fast rock projectile that turns into a homing scorpion a small time after landing.\nIf charged for a minimum of 0.9 seconds, the scorpion inflicts poison and deals more stun."
      },
      "init_actions": [
        {
          "type": "jcraft:play_sound",
          "sound": "jcraft:gerlaser"
        }
      ],
      "is_holdable": true,
      "name": {
        "text": "Life Beam"
      }
    },
    "minimum_charge": 9,
    "move_distance": 1.1,
    "set_move_stun": false,
    "windup": 0
  }
}