{
  "pools": [
    {
      "name": "village_scribe",
      "rolls": {
        "min": 1,
        "max": 10
      },
      "entries": [
        {
          "type": "item",
          "name": "minecraft:book",
          "functions": [
            {
              "function": "set_count",
              "count": {
                "min": 1,
                "max": 2
              }
            }
          ],
          "weight": 1
        },
        {
          "type": "item",
          "name": "minecraft:emerald",
          "functions": [
            {
              "function": "set_count",
              "count": {
                "min": 1,
                "max": 2
              }
            }
          ],
          "weight": 5
        },
        {
          "type": "item",
          "name": "minecraft:paper",
          "functions": [
            {
              "function": "set_count",
              "count": {
                "min": 1,
                "max": 2
              }
            }
          ],
          "weight": 20
        },
        {
          "type": "item",
          "name": "iceandfire:manuscript",
          "functions": [
            {
              "function": "set_count",
              "count": {
                "min": 1,
                "max": 3
              }
            }
          ],
          "weight": 70
        },
        {
          "type": "item",
          "name": "iceandfire:dragonbone",
          "weight": 5
        },
        {
          "type": "item",
          "name": "iceandfire:pixie_dust",
          "functions": [
            {
              "function": "set_count",
              "count": {
                "min": 1,
                "max": 1
              }
            }
          ],
          "weight": 2
        },
        {
          "type": "item",
          "name": "minecraft:cobweb",
          "functions": [
            {
              "function": "set_count",
              "count": {
                "min": 1,
                "max": 6
              }
            }
          ],
          "weight": 10
        },
        {
          "type": "item",
          "name": "iceandfire:rotten_egg",
          "weight": 2
        },
        {
          "type": "item",
          "name": "iceandfire:shiny_scales",
          "weight": 2
        },
        {
          "type": "item",
          "name": "iceandfire:troll_tusk",
          "weight": 2
        }
      ]
    }
  ]
}