{
  "type": "minecraft:disk",
  "config": {
    "state_provider": {
      "fallback": {
        "type": "minecraft:simple_state_provider",
        "state": {
          "Name": "minecraft:andesite"
        }
      },
      "rules": []
    },
    "target": {
      "type": "minecraft:inside_world_bounds",
      "offset": [
        0,
        1,
        0
      ]
    },
    "radius": {
      "type": "minecraft:uniform",
      "value": {
        "min_inclusive": 1,
        "max_inclusive": 2
      }
    },
    "half_height": 4
  }
}
