{
    "type": "minecraft:tree",
    "config": {
      "ignore_vines": true,
      "force_dirt": false,
      "minimum_size": {
        "type": "minecraft:two_layers_feature_size",
        "min_clipped_height": 4,
        "limit": 0,
        "lower_size": 0,
        "upper_size": 0
      },
      "dirt_provider": {
        "type": "minecraft:simple_state_provider",
        "state": {
          "Name": "minecraft:dirt"
        }
      },
      "trunk_provider": {
        "type": "minecraft:simple_state_provider",
        "state": {
          "Name": "minecraft:oak_wood",
          "Properties": {
            "axis": "y"
          }
        }
      },
      "foliage_provider": {
        "type": "minecraft:simple_state_provider",
        "state": {
          "Name": "minecraft:oak_leaves",
          "Properties": {
            "persistent": "true",
            "distance": "7"
          }
        }
      },
      "trunk_placer": {
        "type": "minecraft:fancy_trunk_placer",
        "base_height": 18,
        "height_rand_a": 23,
        "height_rand_b": 1
      },
      "foliage_placer": {
        "type": "minecraft:fancy_foliage_placer",
        "radius": 3,
        "offset": 4,
        "height": 4
      },
      "decorators": [
        {
        "type": "minecraft:leave_vine",
        "probability": 1
        },
        {
        "type": "minecraft:trunk_vine"
        }
      ]
    }
  }
  