{
  "type": "eco:additive_ground_blob",
  "config": {
    "blockOn": {
      "Name": "minecraft:deepslate"
    },
    "blockOn2": {
      "Name": "minecraft:magma_block"
    },
    "blobMaterial": {
      "Name": "minecraft:calcite"
    },
    "blobMass": {
      "type": "minecraft:uniform",
      "value": {
        "min_inclusive": 154,
        "max_inclusive": 196
      }
    },
    "blobWidth": {
      "type": "minecraft:uniform",
      "value": {
        "min_inclusive": 4,
        "max_inclusive": 5
      }
    },
    "blobHeight": {
      "type": "minecraft:uniform",
      "value": {
        "min_inclusive": 10,
        "max_inclusive": 15
      }
    }
  }
}
