{
  "type": "minecraft:random_patch",
  "config": {
    "tries": 96,
    "xz_spread": 2,
    "y_spread": 2,
    "feature": {
      "feature": {
        "type": "minecraft:simple_block",
        "config": {
          "to_place": {
            "type": "minecraft:simple_state_provider",
            "state": {
              "Name": "minecraft:bubble_coral_block",
              "Properties": {
                "distance": "7",
                "persistent": "true",
                "waterlogged": "true"
              }
            }
          }
        }
      },
      "placement": []
    }
  }
}
