{
  "type": "minecraft:waterlogged_vegetation_patch",
  "config": {
    "surface": "floor",
    "depth": 3,
    "vertical_range": 5,
    "extra_bottom_block_chance": 0.8,
    "extra_edge_column_chance": 0.7,
    "vegetation_chance": 0.1,
    "xz_radius": {
      "type": "minecraft:uniform",
      "value": {
        "min_inclusive": 4,
        "max_inclusive": 7
      }
    },
    "replaceable": "#minecraft:lush_ground_replaceable",
    "ground_state": {
      "type": "minecraft:simple_state_provider",
      "state": {
        "Name": "minecraft:clay"
      }
    },
    "vegetation_feature": {
      "feature": {
        "type": "minecraft:simple_random_selector",
        "config": {
          "features": [
            {
              "feature": {
                "type": "minecraft:simple_block",
                "config": {
                  "to_place": {
                    "type": "minecraft:weighted_state_provider",
                    "entries": [
                      {
                        "weight": 3,
                        "data": {
                          "Name": "minecraft:sea_pickle",
                          "Properties": {
                            "pickles": "4",
                            "waterlogged": "true"
                          }
                        }
                      },
                      {
                        "weight": 1,
                        "data": {
                          "Name": "minecraft:sea_pickle",
                          "Properties": {
                            "pickles": "3",
                            "waterlogged": "true"
                          }
                        }
                      }
                    ]
                  }
                }
              },
              "placement": []
            },
            {
              "feature": {
                "type": "minecraft:simple_block",
                "config": {
                  "to_place": {
                    "type": "minecraft:weighted_state_provider",
                    "entries": [
                      {
                        "weight": 1,
                        "data": {
                          "Name": "minecraft:small_dripleaf",
                          "Properties": {
                            "waterlogged": "false",
                            "half": "lower",
                            "facing": "east"
                          }
                        }
                      },
                      {
                        "weight": 1,
                        "data": {
                          "Name": "minecraft:small_dripleaf",
                          "Properties": {
                            "waterlogged": "false",
                            "half": "lower",
                            "facing": "west"
                          }
                        }
                      },
                      {
                        "weight": 1,
                        "data": {
                          "Name": "minecraft:small_dripleaf",
                          "Properties": {
                            "waterlogged": "false",
                            "half": "lower",
                            "facing": "north"
                          }
                        }
                      },
                      {
                        "weight": 1,
                        "data": {
                          "Name": "minecraft:small_dripleaf",
                          "Properties": {
                            "waterlogged": "false",
                            "half": "lower",
                            "facing": "south"
                          }
                        }
                      }
                    ]
                  }
                }
              },
              "placement": []
            },
            {
              "feature": {
                "type": "minecraft:block_column",
                "config": {
                  "direction": "up",
                  "allowed_placement": {
                    "type": "minecraft:matching_blocks",
                    "blocks": [
                      "minecraft:air",
                      "minecraft:water"
                    ]
                  },
                  "prioritize_tip": true,
                  "layers": [
                    {
                      "height": {
                        "type": "minecraft:weighted_list",
                        "distribution": [
                          {
                            "weight": 2,
                            "data": {
                              "type": "minecraft:uniform",
                              "value": {
                                "min_inclusive": 0,
                                "max_inclusive": 4
                              }
                            }
                          },
                          {
                            "weight": 1,
                            "data": 0
                          }
                        ]
                      },
                      "provider": {
                        "type": "minecraft:simple_state_provider",
                        "state": {
                          "Name": "minecraft:big_dripleaf_stem",
                          "Properties": {
                            "waterlogged": "false",
                            "facing": "east"
                          }
                        }
                      }
                    },
                    {
                      "height": 1,
                      "provider": {
                        "type": "minecraft:simple_state_provider",
                        "state": {
                          "Name": "minecraft:big_dripleaf",
                          "Properties": {
                            "waterlogged": "false",
                            "tilt": "none",
                            "facing": "east"
                          }
                        }
                      }
                    }
                  ]
                }
              },
              "placement": []
            },
            {
              "feature": {
                "type": "minecraft:block_column",
                "config": {
                  "direction": "up",
                  "allowed_placement": {
                    "type": "minecraft:matching_blocks",
                    "blocks": [
                      "minecraft:air",
                      "minecraft:water"
                    ]
                  },
                  "prioritize_tip": true,
                  "layers": [
                    {
                      "height": {
                        "type": "minecraft:weighted_list",
                        "distribution": [
                          {
                            "weight": 2,
                            "data": {
                              "type": "minecraft:uniform",
                              "value": {
                                "min_inclusive": 0,
                                "max_inclusive": 4
                              }
                            }
                          },
                          {
                            "weight": 1,
                            "data": 0
                          }
                        ]
                      },
                      "provider": {
                        "type": "minecraft:simple_state_provider",
                        "state": {
                          "Name": "minecraft:big_dripleaf_stem",
                          "Properties": {
                            "waterlogged": "false",
                            "facing": "west"
                          }
                        }
                      }
                    },
                    {
                      "height": 1,
                      "provider": {
                        "type": "minecraft:simple_state_provider",
                        "state": {
                          "Name": "minecraft:big_dripleaf",
                          "Properties": {
                            "waterlogged": "false",
                            "tilt": "none",
                            "facing": "west"
                          }
                        }
                      }
                    }
                  ]
                }
              },
              "placement": []
            },
            {
              "feature": {
                "type": "minecraft:block_column",
                "config": {
                  "direction": "up",
                  "allowed_placement": {
                    "type": "minecraft:matching_blocks",
                    "blocks": [
                      "minecraft:air",
                      "minecraft:water"
                    ]
                  },
                  "prioritize_tip": true,
                  "layers": [
                    {
                      "height": {
                        "type": "minecraft:weighted_list",
                        "distribution": [
                          {
                            "weight": 2,
                            "data": {
                              "type": "minecraft:uniform",
                              "value": {
                                "min_inclusive": 0,
                                "max_inclusive": 4
                              }
                            }
                          },
                          {
                            "weight": 1,
                            "data": 0
                          }
                        ]
                      },
                      "provider": {
                        "type": "minecraft:simple_state_provider",
                        "state": {
                          "Name": "minecraft:big_dripleaf_stem",
                          "Properties": {
                            "waterlogged": "false",
                            "facing": "south"
                          }
                        }
                      }
                    },
                    {
                      "height": 1,
                      "provider": {
                        "type": "minecraft:simple_state_provider",
                        "state": {
                          "Name": "minecraft:big_dripleaf",
                          "Properties": {
                            "waterlogged": "false",
                            "tilt": "none",
                            "facing": "south"
                          }
                        }
                      }
                    }
                  ]
                }
              },
              "placement": []
            },
            {
              "feature": {
                "type": "minecraft:block_column",
                "config": {
                  "direction": "up",
                  "allowed_placement": {
                    "type": "minecraft:matching_blocks",
                    "blocks": [
                      "minecraft:air",
                      "minecraft:water"
                    ]
                  },
                  "prioritize_tip": true,
                  "layers": [
                    {
                      "height": {
                        "type": "minecraft:weighted_list",
                        "distribution": [
                          {
                            "weight": 2,
                            "data": {
                              "type": "minecraft:uniform",
                              "value": {
                                "min_inclusive": 0,
                                "max_inclusive": 4
                              }
                            }
                          },
                          {
                            "weight": 1,
                            "data": 0
                          }
                        ]
                      },
                      "provider": {
                        "type": "minecraft:simple_state_provider",
                        "state": {
                          "Name": "minecraft:big_dripleaf_stem",
                          "Properties": {
                            "waterlogged": "false",
                            "facing": "north"
                          }
                        }
                      }
                    },
                    {
                      "height": 1,
                      "provider": {
                        "type": "minecraft:simple_state_provider",
                        "state": {
                          "Name": "minecraft:big_dripleaf",
                          "Properties": {
                            "waterlogged": "false",
                            "tilt": "none",
                            "facing": "north"
                          }
                        }
                      }
                    }
                  ]
                }
              },
              "placement": []
            }
          ]
        }
      },
      "placement": []
    }
  }
}
