{
  "type": "minecraft:tree",
  "config": {
    "ignore_vines": true,
    "force_dirt": false,
    "minimum_size": {
      "type": "minecraft:two_layers_feature_size",
      "min_clipped_height": 0,
      "limit": 0,
      "lower_size": 0,
      "upper_size": 0
    },
    "dirt_provider": {
      "type": "minecraft:simple_state_provider",
      "state": {
        "Name": "minecraft:dirt"
      }
    },
    "trunk_provider": {
      "type": "minecraft:simple_state_provider",
      "state": {
        "Name": "minecraft:dark_oak_wood",
        "Properties": {
          "axis": "y"
        }
      }
    },
    "foliage_provider": {
      "type": "minecraft:simple_state_provider",
      "state": {
        "Name": "minecraft:dark_oak_leaves",
        "Properties": {
          "persistent": "false",
          "distance": "7"
        }
      }
    },
    "trunk_placer": {
      "type": "eco:straight_branching_trunk_placer",
      "base_height": 1,
      "height_rand_a": 0,
      "height_rand_b": 0,
      "max_branch_height": 1
    },
    "foliage_placer": {
      "type": "minecraft:bush_foliage_placer",
      "radius": 3,
      "offset": 1,
      "height": 2
    },
    "decorators": [
      {
        "type": "minecraft:leave_vine",
        "probability": 0.1
      }
    ]
  }
}
