{
  "type": "minecraft:simple_random_selector",
  "config": {
    "features": [
      {
        "feature": {
          "type": "minecraft:simple_block",
          "config": {
            "to_place": {
              "type": "minecraft:weighted_state_provider",
              "entries": [
                {
                  "weight": 1,
                  "data": {
                    "Name": "minecraft:small_dripleaf",
                    "Properties": {
                      "waterlogged": "false",
                      "half": "lower",
                      "facing": "east"
                    }
                  }
                },
                {
                  "weight": 1,
                  "data": {
                    "Name": "minecraft:small_dripleaf",
                    "Properties": {
                      "waterlogged": "false",
                      "half": "lower",
                      "facing": "west"
                    }
                  }
                },
                {
                  "weight": 2,
                  "data": {
                    "Name": "minecraft:small_dripleaf",
                    "Properties": {
                      "waterlogged": "false",
                      "half": "lower",
                      "facing": "north"
                    }
                  }
                },
                {
                  "weight": 2,
                  "data": {
                    "Name": "minecraft:small_dripleaf",
                    "Properties": {
                      "waterlogged": "false",
                      "half": "lower",
                      "facing": "south"
                    }
                  }
                },
                {
                  "weight": 2,
                  "data": {
                    "Name": "minecraft:bamboo"
                  }
                },
                {
                  "weight": 1,
                  "data": {
                    "Name": "minecraft:sugar_cane"
                  }
                },
                {
                  "weight": 2,
                  "data": {
                    "Name": "minecraft:melon"
                  }
                }
              ]
            }
          }
        },
        "placement": []
      },
      {
        "feature": {
          "type": "minecraft:block_column",
          "config": {
            "direction": "up",
            "allowed_placement": {
              "type": "minecraft:matching_blocks",
              "blocks": [
                "minecraft:air",
                "minecraft:water"
              ]
            },
            "prioritize_tip": true,
            "layers": [
              {
                "height": {
                  "type": "minecraft:weighted_list",
                  "distribution": [
                    {
                      "weight": 2,
                      "data": {
                        "type": "minecraft:uniform",
                        "value": {
                          "min_inclusive": 0,
                          "max_inclusive": 4
                        }
                      }
                    },
                    {
                      "weight": 1,
                      "data": 0
                    }
                  ]
                },
                "provider": {
                  "type": "minecraft:simple_state_provider",
                  "state": {
                    "Name": "minecraft:big_dripleaf_stem",
                    "Properties": {
                      "waterlogged": "false",
                      "facing": "east"
                    }
                  }
                }
              },
              {
                "height": 1,
                "provider": {
                  "type": "minecraft:simple_state_provider",
                  "state": {
                    "Name": "minecraft:big_dripleaf",
                    "Properties": {
                      "waterlogged": "false",
                      "tilt": "none",
                      "facing": "east"
                    }
                  }
                }
              }
            ]
          }
        },
        "placement": []
      },
      {
        "feature": {
          "type": "minecraft:block_column",
          "config": {
            "direction": "up",
            "allowed_placement": {
              "type": "minecraft:matching_blocks",
              "blocks": [
                "minecraft:air",
                "minecraft:water"
              ]
            },
            "prioritize_tip": true,
            "layers": [
              {
                "height": {
                  "type": "minecraft:weighted_list",
                  "distribution": [
                    {
                      "weight": 2,
                      "data": {
                        "type": "minecraft:uniform",
                        "value": {
                          "min_inclusive": 0,
                          "max_inclusive": 4
                        }
                      }
                    },
                    {
                      "weight": 1,
                      "data": 0
                    }
                  ]
                },
                "provider": {
                  "type": "minecraft:simple_state_provider",
                  "state": {
                    "Name": "minecraft:big_dripleaf_stem",
                    "Properties": {
                      "waterlogged": "false",
                      "facing": "west"
                    }
                  }
                }
              },
              {
                "height": 1,
                "provider": {
                  "type": "minecraft:simple_state_provider",
                  "state": {
                    "Name": "minecraft:big_dripleaf",
                    "Properties": {
                      "waterlogged": "false",
                      "tilt": "none",
                      "facing": "west"
                    }
                  }
                }
              }
            ]
          }
        },
        "placement": []
      },
      {
        "feature": {
          "type": "minecraft:block_column",
          "config": {
            "direction": "up",
            "allowed_placement": {
              "type": "minecraft:matching_blocks",
              "blocks": [
                "minecraft:air",
                "minecraft:water"
              ]
            },
            "prioritize_tip": true,
            "layers": [
              {
                "height": {
                  "type": "minecraft:weighted_list",
                  "distribution": [
                    {
                      "weight": 2,
                      "data": {
                        "type": "minecraft:uniform",
                        "value": {
                          "min_inclusive": 0,
                          "max_inclusive": 4
                        }
                      }
                    },
                    {
                      "weight": 1,
                      "data": 0
                    }
                  ]
                },
                "provider": {
                  "type": "minecraft:simple_state_provider",
                  "state": {
                    "Name": "minecraft:big_dripleaf_stem",
                    "Properties": {
                      "waterlogged": "false",
                      "facing": "south"
                    }
                  }
                }
              },
              {
                "height": 1,
                "provider": {
                  "type": "minecraft:simple_state_provider",
                  "state": {
                    "Name": "minecraft:big_dripleaf",
                    "Properties": {
                      "waterlogged": "false",
                      "tilt": "none",
                      "facing": "south"
                    }
                  }
                }
              }
            ]
          }
        },
        "placement": []
      },
      {
        "feature": {
          "type": "minecraft:block_column",
          "config": {
            "direction": "up",
            "allowed_placement": {
              "type": "minecraft:matching_blocks",
              "blocks": [
                "minecraft:air",
                "minecraft:water"
              ]
            },
            "prioritize_tip": true,
            "layers": [
              {
                "height": {
                  "type": "minecraft:weighted_list",
                  "distribution": [
                    {
                      "weight": 2,
                      "data": {
                        "type": "minecraft:uniform",
                        "value": {
                          "min_inclusive": 0,
                          "max_inclusive": 4
                        }
                      }
                    },
                    {
                      "weight": 1,
                      "data": 0
                    }
                  ]
                },
                "provider": {
                  "type": "minecraft:simple_state_provider",
                  "state": {
                    "Name": "minecraft:big_dripleaf_stem",
                    "Properties": {
                      "waterlogged": "false",
                      "facing": "north"
                    }
                  }
                }
              },
              {
                "height": 1,
                "provider": {
                  "type": "minecraft:simple_state_provider",
                  "state": {
                    "Name": "minecraft:big_dripleaf",
                    "Properties": {
                      "waterlogged": "false",
                      "tilt": "none",
                      "facing": "north"
                    }
                  }
                }
              }
            ]
          }
        },
        "placement": []
      }
    ]
  }
}
