{
  "type": "minecraft:random_patch",
  "config": {
    "tries": 32,
    "xz_spread": 1,
    "y_spread": 1,
    "feature": {
      "feature": {
        "type": "minecraft:simple_block",
        "config": {
          "to_place": {
            "type": "minecraft:weighted_state_provider",
            "entries": [
              {
                "weight": 3,
                "data": {
                  "Name": "minecraft:grass"
                }
              },
              {
                "weight": 7,
                "data": {
                  "Name": "minecraft:fern"
                }
              }
            ]
          }
        }
      },
      "placement": [
        {
          "type": "minecraft:block_predicate_filter",
          "predicate": {
            "type": "minecraft:matching_blocks",
            "blocks": "minecraft:air"
          }
        },
        {
          "type": "minecraft:block_predicate_filter",
          "predicate": {
            "type": "minecraft:not",
            "predicate": {
              "type": "minecraft:matching_blocks",
              "offset": [
                0,
                -1,
                0
              ],
              "blocks": [
                "minecraft:podzol",
                "minecraft:mud",
                "minecraft:dirt",
                "minecraft:coarse_dirt",
                "minecraft:rooted_dirt"
              ]
            }
          }
        }
      ]
    }
  }
}
