{
  "type": "minecraft:block_column",
  "config": {
    "direction": "down",
    "allowed_placement": {
      "type": "minecraft:matching_blocks",
      "blocks": [
        "minecraft:air"
      ]
    },
    "prioritize_tip": true,
    "layers": [
      {
        "height": {
          "type": "minecraft:weighted_list",
          "distribution": [
            {
              "weight": 2,
              "data": {
                "type": "minecraft:uniform",
                "value": {
                  "min_inclusive": 0,
                  "max_inclusive": 11
                }
              }
            },
            {
              "weight": 6,
              "data": {
                "type": "minecraft:uniform",
                "value": {
                  "min_inclusive": 0,
                  "max_inclusive": 10
                }
              }
            },
            {
              "weight": 5,
              "data": {
                "type": "minecraft:uniform",
                "value": {
                  "min_inclusive": 0,
                  "max_inclusive": 14
                }
              }
            },
            {
              "weight": 3,
              "data": {
                "type": "minecraft:uniform",
                "value": {
                  "min_inclusive": 0,
                  "max_inclusive": 16
                }
              }
            },
            {
              "weight": 3,
              "data": {
                "type": "minecraft:uniform",
                "value": {
                  "min_inclusive": 0,
                  "max_inclusive": 18
                }
              }
            }
          ]
        },
        "provider": {
          "type": "minecraft:simple_state_provider",
          "state": {
            "Name": "minecraft:honey_block"
          }
        }
      },
      {
        "height": 1,
        "provider": {
          "type": "minecraft:weighted_state_provider",
          "entries": [
            {
              "weight": 1,
              "data": {
                "Name": "minecraft:bee_nest",
                "Properties": {
                  "facing": "north",
                  "honey_level": "3"
                }
              }
            },
            {
              "weight": 1,
              "data": {
                "Name": "minecraft:bee_nest",
                "Properties": {
                  "facing": "east",
                  "honey_level": "1"
                }
              }
            },
            {
              "weight": 2,
              "data": {
                "Name": "minecraft:bee_nest",
                "Properties": {
                  "facing": "south",
                  "honey_level": "5"
                }
              }
            },
            {
              "weight": 1,
              "data": {
                "Name": "minecraft:honeycomb_block"
              }
            }
          ]
        }
      },
      {
        "height": 1,
        "provider": {
          "type": "minecraft:weighted_state_provider",
          "entries": [
            {
              "weight": 3,
              "data": {
                "Name": "minecraft:cave_vines_plant",
                "Properties": {
                  "berries": "true"
                }
              }
            },
            {
              "weight": 1,
              "data": {
                "Name": "minecraft:cave_vines_plant",
                "Properties": {
                  "berries": "false"
                }
              }
            },
            {
              "weight": 14,
              "data": {
                "Name": "minecraft:spore_blossom"
              }
            },
            {
              "weight": 6,
              "data": {
                "Name": "minecraft:air"
              }
            }
          ]
        }
      }
    ]
  }
}
