{
  "type": "minecraft:tree",
  "config": {
    "ignore_vines": true,
    "force_dirt": false,
    "minimum_size": {
      "type": "minecraft:two_layers_feature_size",
      "min_clipped_height": 0,
      "limit": 0,
      "lower_size": 0,
      "upper_size": 0
    },
    "dirt_provider": {
      "type": "minecraft:simple_state_provider",
      "state": {
        "Name": "minecraft:dirt"
      }
    },
    "trunk_provider": {
      "type": "minecraft:simple_state_provider",
      "state": {
        "Name": "minecraft:mangrove_log",
        "Properties": {
          "axis": "y"
        }
      }
    },
    "foliage_provider": {
      "type": "minecraft:weighted_state_provider",
      "entries": [
        {
          "weight": 7,
          "data": {
            "Name": "minecraft:oak_leaves",
            "Properties": {
              "distance": "7",
              "persistent": "false"
            }
          }
        },
        {
          "weight": 2,
          "data": {
            "Name": "minecraft:jungle_leaves",
            "Properties": {
              "distance": "7",
              "persistent": "false"
            }
          }
        }
      ]
    },
    "trunk_placer": {
      "type": "minecraft:fancy_trunk_placer",
      "base_height": 17,
      "height_rand_a": 1,
      "height_rand_b": 0
    },
    "foliage_placer": {
      "type": "minecraft:acacia_foliage_placer",
      "radius": 2,
      "offset": 1
    },
    "decorators": [
      {
        "type": "minecraft:trunk_vine"
      },
      {
        "type": "minecraft:leave_vine",
        "probability": 1
      }
    ]
  }
}
