{
  "type": "minecraft:tree",
  "config": {
    "ignore_vines": true,
    "force_dirt": false,
    "minimum_size": {
      "type": "minecraft:three_layers_feature_size",
      "min_clipped_height": 0,
      "limit": 24,
      "upper_limit": 5,
      "lower_size": 3,
      "middle_size": 4,
      "upper_size": 5
    },
    "dirt_provider": {
      "type": "minecraft:simple_state_provider",
      "state": {
        "Name": "minecraft:dirt"
      }
    },
    "trunk_provider": {
      "type": "minecraft:simple_state_provider",
      "state": {
        "Name": "minecraft:mangrove_wood",
        "Properties": {
          "axis": "y"
        }
      }
    },
    "foliage_provider": {
      "type": "minecraft:weighted_state_provider",
      "entries": [
        {
          "weight": 5,
          "data": {
            "Name": "minecraft:oak_leaves",
            "Properties": {
              "distance": "7",
              "persistent": "false"
            }
          }
        },
        {
          "weight": 2,
          "data": {
            "Name": "minecraft:jungle_leaves",
            "Properties": {
              "distance": "7",
              "persistent": "false"
            }
          }
        }
      ]
    },
    "trunk_placer": {
      "type": "minecraft:forking_trunk_placer",
      "base_height": 7,
      "height_rand_a": 1,
      "height_rand_b": 1
    },
    "foliage_placer": {
      "type": "minecraft:dark_oak_foliage_placer",
      "radius": 2,
      "offset": 0
    },
    "decorators": [
      {
        "type": "minecraft:trunk_vine"
      },
      {
        "type": "minecraft:leave_vine",
        "probability": 1
      }
    ]
  }
}
