{
  "type": "minecraft:disk",
  "config": {
    "state_provider": {
      "fallback": {
        "type": "minecraft:simple_state_provider",
        "state": {
          "Name": "minecraft:packed_mud"
        }
      },
      "rules": [
        {
          "if_true": {
            "type": "minecraft:matching_blocks",
            "offset": [
              0,
              1,
              0
            ],
            "blocks": "minecraft:water"
          },
          "then": {
            "type": "minecraft:simple_state_provider",
            "state": {
              "Name": "minecraft:mud"
            }
          }
        }
      ]
    },
    "target": {
      "type": "minecraft:matching_blocks",
      "offset": [
        0,
        0,
        0
      ],
      "blocks": [
        "minecraft:red_sand",
        "minecraft:grass_block",
        "minecraft:dirt",
        "minecraft:coarse_dirt",
        "minecraft:rooted_dirt",
        "minecraft:moss_block",
        "minecraft:orange_terracotta"
      ]
    },
    "radius": {
      "type": "minecraft:uniform",
      "value": {
        "min_inclusive": 2,
        "max_inclusive": 6
      }
    },
    "half_height": 2
  }
}
