{
    "type": "minecraft:vegetation_patch",
    "config": {
      "surface": "floor",
      "depth": 3,
      "vertical_range": 2,
      "extra_bottom_block_chance": 0.8,
      "extra_edge_column_chance": 0.7,
      "vegetation_chance": 0.05,
      "xz_radius": {
        "type": "minecraft:uniform",
        "value": {
          "min_inclusive": 3,
          "max_inclusive": 5
        }
      },
      "replaceable": "#minecraft:moss_replaceable",
      "ground_state": {
        "type": "minecraft:weighted_state_provider",
        "entries": [
          {
            "weight": 4,
            "data": {
              "Name": "minecraft:podzol"
            }
          },
          {
            "weight": 2,
            "data": {
              "Name": "minecraft:coarse_dirt"
            }
          },
          {
            "weight": 1,
            "data": {
              "Name": "minecraft:rooted_dirt"
            }
          },
          {
            "weight": 1,
            "data": {
              "Name": "minecraft:dirt"
            }
          }
        ]
      },
      "vegetation_feature": {
        "feature": "eco:rooted_dirt_vegetation",
        "placement": []
      }
    }
  }
  