{
  "type": "eco:additive_blob",
  "config": {
    "blockOn": {
      "Name": "minecraft:deepslate"
    },
    "blockOn2": {
      "Name": "minecraft:magma_block"
    },
    "blobMaterial": {
      "Name": "minecraft:smooth_basalt"
    },
    "blobMass": {
      "type": "minecraft:uniform",
      "value": {
        "min_inclusive": 54,
        "max_inclusive": 69
      }
    },
    "blobWidth": {
      "type": "minecraft:uniform",
      "value": {
        "min_inclusive": 3,
        "max_inclusive": 5
      }
    },
    "blobHeight": {
      "type": "minecraft:uniform",
      "value": {
        "min_inclusive": 3,
        "max_inclusive": 5
      }
    }
  }
}
