{
  "type": "minecraft:huge_brown_mushroom",
  "config": {
    "cap_provider": {
      "type": "minecraft:simple_state_provider",
      "state": {
        "Name": "minecraft:brown_mushroom_block",
        "Properties": {
          "west": "true",
          "up": "true",
          "south": "true",
          "north": "true",
          "east": "true",
          "down": "false"
        }
      }
    },
    "stem_provider": {
      "type": "minecraft:simple_state_provider",
      "state": {
        "Name": "minecraft:mushroom_stem",
        "Properties": {
          "west": "true",
          "up": "false",
          "south": "true",
          "north": "true",
          "east": "true",
          "down": "false"
        }
      }
    },
    "foliage_radius": 3
  }
}
