{
  "type": "eco:supported_disk",
  "config": {
    "state_provider": {
      "fallback": {
        "type": "minecraft:simple_state_provider",
        "state": {
          "Name": "minecraft:clay"
        }
      },
      "rules": []
    },
    "target": {
      "type": "minecraft:matching_blocks",
      "offset": [
        0,
        0,
        0
      ],
      "blocks": [
        "minecraft:gravel",
        "minecraft:stone",
        "minecraft:deepslate"
      ]
    },
    "radius": {
      "type": "minecraft:uniform",
      "value": {
        "min_inclusive": 2,
        "max_inclusive": 4
      }
    },
    "half_height": 1
  }
}
