{
  "anim_state": "REKKA1",
  "class": "SPECIAL2",
  "cooldown_type": "STAND_SP2",
  "followup": {
    "anim_state": "REKKA2",
    "class": "SPECIAL2",
    "cooldown_type": "STAND_SP2",
    "followup": {
      "anim_state": "REKKA3",
      "class": "SPECIAL2",
      "cooldown_type": "STAND_SP2",
      "move": {
        "type": "jcraft:shared_knockdown_attack",
        "attack_extras": {
          "backstab": true,
          "block_stun": 8,
          "hit_animation": "LAUNCH",
          "hit_spark": "HIT_SPARK_1",
          "override_stun": true,
          "shockwaves": true,
          "stun_type": "LAUNCH"
        },
        "cooldown": 0,
        "damage": 6.0,
        "duration": 24,
        "extras": {
          "actions": [
            {
              "type": "jcraft:play_sound",
              "on_impact": true,
              "sound": "jcraft:twkickhit"
            }
          ],
          "description": {
            "text": "knockdown, low blockstun"
          },
          "init_actions": [
            {
              "type": "jcraft:play_sound",
              "sound": "jcraft:gerekka3"
            }
          ],
          "name": {
            "text": "Rekka (Final Hit)"
          }
        },
        "hitbox_size": 2.0,
        "knockback": 0.75,
        "knockdown_duration": 50,
        "move_distance": 1.0,
        "offset": 0.0,
        "stun": 15,
        "windup": 12
      }
    },
    "move": {
      "type": "jcraft:shared_simple_attack",
      "attack_extras": {
        "backstab": true,
        "block_stun": 9,
        "hit_animation": "HIGH",
        "hit_spark": "HIT_SPARK_1"
      },
      "cooldown": 0,
      "damage": 5.0,
      "duration": 18,
      "extras": {
        "actions": [
          {
            "type": "jcraft:play_sound",
            "on_impact": true,
            "sound": "jcraft:impact2"
          }
        ],
        "description": {
          "text": "links into Light"
        },
        "init_actions": [
          {
            "type": "jcraft:play_sound",
            "sound": "jcraft:gerekka2"
          }
        ],
        "name": {
          "text": "Rekka (2nd Hit)"
        }
      },
      "hitbox_size": 1.75,
      "knockback": 0.5,
      "move_distance": 1.0,
      "offset": 0.0,
      "stun": 16,
      "windup": 9
    }
  },
  "move": {
    "type": "jcraft:shared_simple_attack",
    "attack_extras": {
      "backstab": true,
      "block_stun": 9,
      "extra_hit_boxes": [
        {
          "size": 1.25
        }
      ],
      "hit_animation": "CRUSH",
      "hit_spark": "HIT_SPARK_1"
    },
    "cooldown": 160,
    "damage": 5.0,
    "duration": 14,
    "extras": {
      "actions": [
        {
          "type": "jcraft:play_sound",
          "on_impact": true,
          "sound": "jcraft:impact2"
        }
      ],
      "description": {
        "text": "a set of three attacks, which cancel into each other during recovery"
      },
      "init_actions": [
        {
          "type": "jcraft:play_sound",
          "sound": "jcraft:gerekka1"
        }
      ],
      "name": {
        "text": "Rekka Series"
      }
    },
    "hitbox_size": 1.5,
    "knockback": 0.5,
    "move_distance": 1.0,
    "offset": 0.0,
    "stun": 15,
    "windup": 7
  }
}