{
  "//NOTE": "Any biome you want Mowzie's Mobs structures to spawn in must appear here. By default, this includes all overworld biomes and tags. Modded biomes may not by included by default. During placement, biomes are restricted by the dictionary tags from the Mowzie's Mobs config.",
  "replace": false,
  "values": [
    "minecraft:the_void",
    "minecraft:plains",
    "minecraft:sunflower_plains",
    "minecraft:snowy_plains",
    "minecraft:ice_spikes",
    "minecraft:desert",
    "minecraft:swamp",
    "minecraft:forest",
    "minecraft:flower_forest",
    "minecraft:birch_forest",
    "minecraft:dark_forest",
    "minecraft:old_growth_birch_forest",
    "minecraft:old_growth_pine_taiga",
    "minecraft:old_growth_spruce_taiga",
    "minecraft:taiga",
    "minecraft:snowy_taiga",
    "minecraft:savanna",
    "minecraft:savanna_plateau",
    "minecraft:windswept_hills",
    "minecraft:windswept_gravelly_hills",
    "minecraft:windswept_forest",
    "minecraft:windswept_savanna",
    "minecraft:jungle",
    "minecraft:sparse_jungle",
    "minecraft:bamboo_jungle",
    "minecraft:badlands",
    "minecraft:eroded_badlands",
    "minecraft:wooded_badlands",
    "minecraft:meadow",
    "minecraft:grove",
    "minecraft:snowy_slopes",
    "minecraft:frozen_peaks",
    "minecraft:jagged_peaks",
    "minecraft:stony_peaks",
    "minecraft:river",
    "minecraft:frozen_river",
    "minecraft:beach",
    "minecraft:snowy_beach",
    "minecraft:stony_shore",
    "minecraft:warm_ocean",
    "minecraft:lukewarm_ocean",
    "minecraft:deep_lukewarm_ocean",
    "minecraft:ocean",
    "minecraft:deep_ocean",
    "minecraft:cold_ocean",
    "minecraft:deep_cold_ocean",
    "minecraft:frozen_ocean",
    "minecraft:deep_frozen_ocean",
    "minecraft:mushroom_fields",
    "minecraft:dripstone_caves",
    "minecraft:lush_caves",
    "#minecraft:is_taiga",
    "#minecraft:is_river",
    "#minecraft:is_ocean",
    "#minecraft:is_mountain",
    "#minecraft:is_jungle",
    "#minecraft:is_hill",
    "#minecraft:is_forest",
    "#minecraft:is_deep_ocean",
    "#minecraft:is_beach",
    "#minecraft:is_badlands",
    {
      "id": "#forge:is_overworld",
      "required": false
    }
  ]
}