{
    "type": "minecraft:entity",
    "pools": [
        {
            "rolls": 1,
            "entries": [
                {
                    "type": "minecraft:item",
                    "name": "confluence:moon_stone",
                    "conditions": [
                        {
                            "condition": "minecraft:random_chance",
                            "chance": 0.03
                        },
                        {
                            "condition": "minecraft:damage_source_properties",
                            "predicate": {
                                "direct_entity": {
                                    "type": "minecraft:player"
                                },
                                "is_direct": true
                            }
                        }
                    ]
                }
            ]
        }
    ]
}
