{
  "type": "minecraft:chest",
  "pools": [
    {
      "rolls": 2,
      "entries": [
        {
          "type": "minecraft:item",
          "name": "minecraft:rotten_flesh",
          "weight": 4,
          "functions": [
            {
              "function": "set_count",
              "count": {
                "min": 1,
                "max": 4
              }
            }
          ]
        },
        {
          "type": "minecraft:item",
          "name": "minecraft:bone",
          "weight": 4,
          "functions": [
            {
              "function": "set_count",
              "count": {
                "min": 1,
                "max": 4
              }
            }
          ]
        },
        {
          "type": "minecraft:item",
          "name": "minecraft:string",
          "weight": 4,
          "functions": [
            {
              "function": "set_count",
              "count": {
                "min": 1,
                "max": 4
              }
            }
          ]
        },
        {
          "type": "minecraft:item",
          "name": "minecraft:gunpowder",
          "weight": 4,
          "functions": [
            {
              "function": "set_count",
              "count": {
                "min": 1,
                "max": 4
              }
            }
          ]
        }
      ]
    },
    {
      "rolls": {
        "min": 1,
        "max": 2
      },
      "entries": [
        {
          "type": "minecraft:item",
          "name": "minecraft:iron_ingot",
          "weight": 8,
          "functions": [
            {
              "function": "set_count",
              "count": {
                "min": 1,
                "max": 6
              }
            }
          ]
        },
        {
          "type": "minecraft:item",
          "name": "minecraft:gold_ingot",
          "weight": 6,
          "functions": [
            {
              "function": "set_count",
              "count": {
                "min": 1,
                "max": 4
              }
            }
          ]
        },
        {
          "type": "minecraft:item",
          "name": "iter_rpg:ametrine_nugget",
          "weight": 2,
          "functions": [
            {
              "function": "set_count",
              "count": {
                "min": 1,
                "max": 2
              }
            }
          ]
        },
        {
          "type": "minecraft:item",
          "name": "iter_rpg:abyssquartz_shard",
          "weight": 3,
          "functions": [
            {
              "function": "set_count",
              "count": {
                "min": 1,
                "max": 6
              }
            }
          ]
        },
        {
          "type": "minecraft:item",
          "name": "iter_rpg:coin",
          "weight": 4,
          "functions": [
            {
              "function": "set_count",
              "count": {
                "min": 1,
                "max": 8
              }
            }
          ]
        },
        {
          "type": "minecraft:item",
          "name": "minecraft:lapis_lazuli",
          "weight": 4,
          "functions": [
            {
              "function": "set_count",
              "count": {
                "min": 1,
                "max": 6
              }
            }
          ]
        },
        {
          "type": "minecraft:item",
          "name": "minecraft:redstone",
          "weight": 4,
          "functions": [
            {
              "function": "set_count",
              "count": {
                "min": 1,
                "max": 6
              }
            }
          ]
        },
        {
          "type": "minecraft:item",
          "name": "minecraft:diamond",
          "weight": 2,
          "functions": [
            {
              "function": "set_count",
              "count": {
                "min": 1,
                "max": 2
              }
            }
          ]
        },
        {
          "type": "minecraft:item",
          "name": "iter_rpg:ether_dust",
          "weight": 2,
          "functions": [
            {
              "function": "set_count",
              "count": {
                "min": 1,
                "max": 4
              }
            }
          ]
        },
        {
          "type": "minecraft:item",
          "name": "iter_rpg:gist",
          "weight": 3,
          "functions": [
            {
              "function": "set_count",
              "count": {
                "min": 2,
                "max": 4
              }
            }
          ]
        }
      ]
    },
    {
      "rolls": {
        "min": 0,
        "max": 1
      },
      "entries": [
        {
          "type": "minecraft:item",
          "name": "minecraft:saddle",
          "weight": 10,
          "functions": [
            {
              "function": "set_count",
              "count": {
                "min": 1,
                "max": 1
              }
            }
          ]
        },
        {
          "type": "minecraft:item",
          "name": "minecraft:iron_horse_armor",
          "weight": 8,
          "functions": [
            {
              "function": "set_count",
              "count": {
                "min": 1,
                "max": 1
              }
            }
          ]
        },
        {
          "type": "minecraft:item",
          "name": "minecraft:golden_horse_armor",
          "weight": 6,
          "functions": [
            {
              "function": "set_count",
              "count": {
                "min": 1,
                "max": 1
              }
            }
          ]
        },
        {
          "type": "minecraft:item",
          "name": "minecraft:diamond_horse_armor",
          "weight": 4,
          "functions": [
            {
              "function": "set_count",
              "count": {
                "min": 1,
                "max": 1
              }
            }
          ]
        },
        {
          "type": "minecraft:item",
          "name": "minecraft:experience_bottle",
          "weight": 4,
          "functions": [
            {
              "function": "set_count",
              "count": {
                "min": 2,
                "max": 4
              }
            }
          ]
        },
        {
          "type": "minecraft:item",
          "name": "minecraft:enchanted_golden_apple",
          "weight": 2,
          "functions": [
            {
              "function": "set_count",
              "count": {
                "min": 1,
                "max": 1
              }
            }
          ]
        },
        {
          "type": "minecraft:item",
          "name": "minecraft:name_tag",
          "weight": 10,
          "functions": [
            {
              "function": "set_count",
              "count": {
                "min": 1,
                "max": 2
              }
            }
          ]
        },
        {
          "type": "minecraft:item",
          "name": "minecraft:lead",
          "weight": 10,
          "functions": [
            {
              "function": "set_count",
              "count": {
                "min": 1,
                "max": 1
              }
            }
          ]
        }
      ]
    },
    {
      "rolls": {
        "min": 0,
        "max": 1
      },
      "entries": [
        {
          "type": "minecraft:item",
          "name": "minecraft:music_disc_13",
          "weight": 1,
          "functions": [
            {
              "function": "set_count",
              "count": {
                "min": 0,
                "max": 1
              }
            }
          ]
        },
        {
          "type": "minecraft:item",
          "name": "minecraft:music_disc_cat",
          "weight": 1,
          "functions": [
            {
              "function": "set_count",
              "count": {
                "min": 0,
                "max": 1
              }
            }
          ]
        },
        {
          "type": "minecraft:item",
          "name": "minecraft:music_disc_blocks",
          "weight": 1,
          "functions": [
            {
              "function": "set_count",
              "count": {
                "min": 0,
                "max": 1
              }
            }
          ]
        },
        {
          "type": "minecraft:item",
          "name": "minecraft:music_disc_far",
          "weight": 1,
          "functions": [
            {
              "function": "set_count",
              "count": {
                "min": 0,
                "max": 1
              }
            }
          ]
        },
        {
          "type": "minecraft:item",
          "name": "minecraft:music_disc_mall",
          "weight": 1,
          "functions": [
            {
              "function": "set_count",
              "count": {
                "min": 0,
                "max": 1
              }
            }
          ]
        },
        {
          "type": "minecraft:item",
          "name": "minecraft:music_disc_mellohi",
          "weight": 1,
          "functions": [
            {
              "function": "set_count",
              "count": {
                "min": 0,
                "max": 1
              }
            }
          ]
        },
        {
          "type": "minecraft:item",
          "name": "minecraft:music_disc_stal",
          "weight": 1,
          "functions": [
            {
              "function": "set_count",
              "count": {
                "min": 0,
                "max": 1
              }
            }
          ]
        },
        {
          "type": "minecraft:item",
          "name": "minecraft:music_disc_strad",
          "weight": 1,
          "functions": [
            {
              "function": "set_count",
              "count": {
                "min": 0,
                "max": 1
              }
            }
          ]
        },
        {
          "type": "minecraft:item",
          "name": "minecraft:music_disc_ward",
          "weight": 1,
          "functions": [
            {
              "function": "set_count",
              "count": {
                "min": 0,
                "max": 1
              }
            }
          ]
        },
        {
          "type": "minecraft:item",
          "name": "minecraft:music_disc_11",
          "weight": 1,
          "functions": [
            {
              "function": "set_count",
              "count": {
                "min": 0,
                "max": 1
              }
            }
          ]
        },
        {
          "type": "minecraft:item",
          "name": "minecraft:music_disc_wait",
          "weight": 1,
          "functions": [
            {
              "function": "set_count",
              "count": {
                "min": 0,
                "max": 1
              }
            }
          ]
        },
        {
          "type": "minecraft:item",
          "name": "minecraft:music_disc_otherside",
          "weight": 1,
          "functions": [
            {
              "function": "set_count",
              "count": {
                "min": 0,
                "max": 1
              }
            }
          ]
        }
      ]
    },
    {
      "rolls": {
        "min": 0,
        "max": 1
      },
      "entries": [
        {
          "type": "minecraft:item",
          "name": "iter_rpg:iron_flail",
          "weight": 4,
          "functions": [
            {
              "function": "set_count",
              "count": {
                "min": 1,
                "max": 1
              }
            }
          ]
        },
        {
          "type": "minecraft:item",
          "name": "iter_rpg:iron_scythe",
          "weight": 4,
          "functions": [
            {
              "function": "set_count",
              "count": {
                "min": 1,
                "max": 1
              }
            }
          ]
        },
        {
          "type": "minecraft:item",
          "name": "minecraft:iron_sword",
          "weight": 4,
          "functions": [
            {
              "function": "set_count",
              "count": {
                "min": 1,
                "max": 1
              }
            }
          ]
        },
        {
          "type": "minecraft:item",
          "name": "minecraft:iron_pickaxe",
          "weight": 6,
          "functions": [
            {
              "function": "set_count",
              "count": {
                "min": 1,
                "max": 1
              }
            }
          ]
        },
        {
          "type": "minecraft:item",
          "name": "minecraft:iron_axe",
          "weight": 6,
          "functions": [
            {
              "function": "set_count",
              "count": {
                "min": 1,
                "max": 1
              }
            }
          ]
        },
        {
          "type": "minecraft:item",
          "name": "minecraft:iron_shovel",
          "weight": 6,
          "functions": [
            {
              "function": "set_count",
              "count": {
                "min": 1,
                "max": 1
              }
            }
          ]
        },
        {
          "type": "minecraft:item",
          "name": "minecraft:iron_hoe",
          "weight": 6,
          "functions": [
            {
              "function": "set_count",
              "count": {
                "min": 1,
                "max": 1
              }
            }
          ]
        },
        {
          "type": "minecraft:item",
          "name": "minecraft:iron_helmet",
          "weight": 6,
          "functions": [
            {
              "function": "set_count",
              "count": {
                "min": 1,
                "max": 1
              }
            }
          ]
        },
        {
          "type": "minecraft:item",
          "name": "minecraft:iron_chestplate",
          "weight": 6,
          "functions": [
            {
              "function": "set_count",
              "count": {
                "min": 1,
                "max": 1
              }
            }
          ]
        },
        {
          "type": "minecraft:item",
          "name": "minecraft:iron_leggings",
          "weight": 6,
          "functions": [
            {
              "function": "set_count",
              "count": {
                "min": 1,
                "max": 1
              }
            }
          ]
        },
        {
          "type": "minecraft:item",
          "name": "minecraft:iron_boots",
          "weight": 6,
          "functions": [
            {
              "function": "set_count",
              "count": {
                "min": 1,
                "max": 1
              }
            }
          ]
        },
        {
          "type": "minecraft:item",
          "name": "minecraft:bow",
          "weight": 4,
          "functions": [
            {
              "function": "set_count",
              "count": {
                "min": 1,
                "max": 1
              }
            }
          ]
        },
        {
          "type": "minecraft:item",
          "name": "iter_rpg:iron_dagger",
          "weight": 4,
          "functions": [
            {
              "function": "set_count",
              "count": {
                "min": 1,
                "max": 1
              }
            }
          ]
        },
        {
          "type": "minecraft:item",
          "name": "iter_rpg:iron_spear",
          "weight": 4,
          "functions": [
            {
              "function": "set_count",
              "count": {
                "min": 1,
                "max": 1
              }
            }
          ]
        }
      ]
    }
  ],
  "random_sequence": "iter_rpg:chests/treasure_chest"
}