{
  "anim_state": "SMASH",
  "class": "HEAVY",
  "cooldown_type": "STAND_HEAVY",
  "crouching_variant": {
    "anim_state": "SWEEP",
    "class": "HEAVY",
    "cooldown_type": "STAND_HEAVY",
    "move": {
      "type": "jcraft:shared_knockdown_attack",
      "attack_extras": {
        "backstab": true,
        "block_stun": 9,
        "extra_hit_boxes": [
          {
            "forward_offset": 1.75,
            "size": 0.85,
            "vertical_offset": -0.4
          }
        ],
        "hit_animation": "LOW",
        "hit_spark": "SWEEP_ATTACK",
        "static_height": true
      },
      "cooldown": 40,
      "damage": 5.0,
      "duration": 14,
      "extras": {
        "actions": [
          {
            "type": "jcraft:play_sound",
            "on_impact": true,
            "sound": "minecraft:entity.player.attack.sweep"
          }
        ],
        "conditions": [
          {
            "type": "jcraft:metallica_iron",
            "min_iron": 20.0
          }
        ],
        "description": {
          "text": "Fast 1.5s knockdown.\n§1Requires at least 25% iron to be usable."
        },
        "init_actions": [
          {
            "type": "jcraft:user_animation",
            "animation": "mtl.swp"
          }
        ],
        "name": {
          "text": "Sweep"
        }
      },
      "hitbox_size": 1.5,
      "knockback": 0.3,
      "knockdown_duration": 35,
      "move_distance": 0.75,
      "offset": 0.4,
      "stun": 8,
      "windup": 7
    }
  },
  "followup": {
    "anim_state": "CLEAVE",
    "class": "HEAVY",
    "cooldown_type": "STAND_HEAVY",
    "move": {
      "type": "jcraft:shared_simple_attack",
      "attack_extras": {
        "backstab": true,
        "block_stun": 10,
        "extra_hit_boxes": [
          {
            "forward_offset": 3.0,
            "size": 1.5,
            "vertical_offset": 0.5
          }
        ],
        "hit_animation": "CRUSH",
        "hit_spark": "HIT_SPARK_3",
        "override_stun": true,
        "shockwaves": true,
        "stun_type": "LAUNCH"
      },
      "cooldown": 0,
      "damage": 6.5,
      "duration": 21,
      "extras": {
        "actions": [
          {
            "type": "jcraft:play_sound",
            "on_impact": true,
            "sound": "jcraft:impact1"
          }
        ],
        "conditions": [
          {
            "type": "jcraft:metallica_iron",
            "min_iron": 40.0
          }
        ],
        "description": {
          "text": "Interruptible, very far-reaching followup."
        },
        "init_actions": [
          {
            "type": "jcraft:user_animation",
            "animation": "mtl.clv"
          }
        ],
        "name": {
          "text": "Cleave"
        }
      },
      "hitbox_size": 2.5,
      "knockback": 2.0,
      "move_distance": 1.5,
      "offset": 0.2,
      "stun": 11,
      "windup": 12
    }
  },
  "move": {
    "type": "jcraft:shared_simple_uppercut_attack",
    "attack_extras": {
      "backstab": true,
      "block_stun": 11,
      "extra_hit_boxes": [
        {
          "forward_offset": 2.0,
          "size": 1.5,
          "vertical_offset": 0.5
        }
      ],
      "hit_animation": "CRUSH",
      "hit_spark": "HIT_SPARK_3"
    },
    "cooldown": 200,
    "damage": 7.5,
    "duration": 21,
    "extras": {
      "actions": [
        {
          "type": "jcraft:play_sound",
          "on_impact": true,
          "sound": "jcraft:impact1"
        }
      ],
      "armor": 2147483647,
      "conditions": [
        {
          "type": "jcraft:metallica_iron",
          "min_iron": 40.0
        }
      ],
      "description": {
        "text": "Uninterruptible combo starter.\nVery far-reaching.\n§1Requires at least 50% iron to be usable."
      },
      "init_actions": [
        {
          "type": "jcraft:user_animation",
          "animation": "mtl.sms"
        }
      ],
      "name": {
        "text": "Smash"
      }
    },
    "hitbox_size": 2.0,
    "knockback": 2.0,
    "move_distance": 1.0,
    "offset": 0.2,
    "strength": -0.5,
    "stun": 18,
    "windup": 11
  }
}