{
  "type": "minecraft:crafting_shapeless",
  "category": "misc",
  "group": "enderite_ingot",
  "ingredients": [
    {
      "item": "enderite:enderite_scrap"
    },
    {
      "item": "enderite:enderite_scrap"
    },
    {
      "item": "enderite:enderite_scrap"
    },
    {
      "item": "born_in_chaos_v1:armor_plate_from_dark_metal"
    },
    {
      "item": "enlightened_end:bismuth_ingot"
    },
    {
      "item": "enderite:enderite_scrap"
    },
    {
      "item": "enderite:ender_crystal_shard"
    },
    {
      "item": "enlightened_end:adamantite_ingot"
    }
  ],
  "result": {
    "item": "enderite:enderite_ingot"
  }
}