{
  "type": "minecraft:crafting_shapeless",
  "category": "misc",
  "group": "enderite_ingot",
  "ingredients": [
    {
      "item": "enderite:enderite_scrap"
    },
    {
      "item": "enderite:enderite_scrap"
    },
    {
      "item": "enderite:enderite_scrap"
    },
    {
      "item": "enderite:enderite_scrap"
    },
    {
      "item": "born_in_chaos_v1:armor_plate_from_dark_metal"
    },
    {
      "item": "minecraft:netherite_ingot"
    },
    {
      "item": "enderite:enderite_scrap"
    },
    {
      "item": "trailsandtalesplus:snareling_eye"
    },
    {
      "item": "enderite:endercrystal_shard"
    }
  ],
  "result": {
    "item": "enderite:enderite_ingot"
  }
}