{
  "type": "minecraft:crafting_shapeless",
  "category": "misc",
  "ingredients": [
    {
      "item": "minecraft:netherite_scrap"
    },
    {
      "item": "minecraft:netherite_scrap"
    },
    {
      "item": "minecraft:netherite_scrap"
    },
    {
      "item": "minecraft:netherite_scrap"
    },
    {
      "item": "terramity:gaianite_cluster"
    },
    {
      "item": "terramity:gaianite_cluster"
    },
    {
      "item": "terramity:gaianite_cluster"
    },
    {
      "item": "terramity:gaianite_cluster"
    }
  ],
  "result": {
    "item": "terramity:virentium_alloy_ingot",
    "count": 1
  }
}