{
  "anim_state": "SETUP",
  "class": "ULTIMATE",
  "cooldown_type": "STAND_ULTIMATE",
  "move": {
    "type": "jcraft:goldexperience_requiem_return_to_zero_move",
    "cooldown": 1200,
    "duration": 32,
    "extras": {
      "description": {
        "text": "initial press: saves the state of every entity in a 4 chunk radius, second press: reverts all states except users\nDoesn't affect player inventories"
      },
      "init_actions": [
        {
          "type": "jcraft:play_sound",
          "sound": "jcraft:gersetup"
        }
      ],
      "name": {
        "text": "Return to Zero"
      }
    },
    "move_distance": 1.0,
    "windup": 30
  }
}