{
  "anim_state": "LIGHT",
  "class": "LIGHT",
  "cooldown_type": "STAND_LIGHT",
  "crouching_variant": {
    "anim_state": "INVERSION_PUNCH",
    "class": "LIGHT",
    "cooldown_type": "STAND_LIGHT",
    "move": {
      "type": "jcraft:shared_simple_attack",
      "attack_extras": {
        "backstab": true,
        "block_stun": 9,
        "hit_animation": "CRUSH",
        "hit_spark": "HIT_SPARK_1"
      },
      "cooldown": 20,
      "damage": 5.0,
      "duration": 12,
      "extras": {
        "actions": [
          {
            "type": "jcraft:play_sound",
            "on_impact": true,
            "sound": "jcraft:impact1"
          },
          {
            "type": "jcraft:cmoon_inversion",
            "damage": 0.5,
            "slow": true,
            "time": 70
          }
        ],
        "description": {
          "text": "very low stun, delayed slowness"
        },
        "name": {
          "text": "Inversion Punch"
        }
      },
      "hitbox_size": 1.5,
      "knockback": 0.5,
      "move_distance": 0.75,
      "offset": -0.1,
      "stun": 9,
      "windup": 6
    }
  },
  "followup": {
    "anim_state": "LIGHT_FOLLOWUP",
    "class": "LIGHT",
    "cooldown_type": "STAND_LIGHT",
    "move": {
      "type": "jcraft:shared_simple_attack",
      "attack_extras": {
        "backstab": true,
        "block_stun": 4,
        "extra_hit_boxes": [
          {
            "size": 1.0,
            "vertical_offset": 0.25
          }
        ],
        "hit_animation": "LAUNCH",
        "hit_spark": "HIT_SPARK_2",
        "override_stun": true,
        "shockwaves": true,
        "stun_type": "LAUNCH"
      },
      "cooldown": 0,
      "damage": 6.0,
      "duration": 12,
      "extras": {
        "actions": [
          {
            "type": "jcraft:play_sound",
            "on_impact": true,
            "sound": "jcraft:impact1"
          },
          {
            "type": "jcraft:cmoon_inversion",
            "damage": 0.5,
            "slow": false,
            "time": 40
          }
        ],
        "description": {
          "text": "quick combo finisher"
        },
        "name": {
          "text": "Punch"
        }
      },
      "hitbox_size": 1.5,
      "knockback": 1.0,
      "move_distance": 0.75,
      "offset": -0.1,
      "stun": 7,
      "windup": 6
    }
  },
  "move": {
    "type": "jcraft:shared_simple_attack",
    "attack_extras": {
      "backstab": true,
      "block_stun": 9,
      "hit_animation": "MID",
      "hit_spark": "HIT_SPARK_1"
    },
    "cooldown": 20,
    "damage": 5.0,
    "duration": 7,
    "extras": {
      "actions": [
        {
          "type": "jcraft:play_sound",
          "on_impact": true,
          "sound": "jcraft:impact1"
        },
        {
          "type": "jcraft:cmoon_inversion",
          "damage": 0.5,
          "slow": false,
          "time": 40
        }
      ],
      "description": {
        "text": "quick combo starter"
      },
      "name": {
        "text": "Punch"
      }
    },
    "hitbox_size": 1.5,
    "knockback": 0.2,
    "move_distance": 0.75,
    "offset": -0.1,
    "stun": 10,
    "windup": 5
  }
}