{
    "type": "create:sequenced_assembly",
    "ingredient": {
      "item": "minecraft:iron_nugget"
    },
    "loops": 1,
    "results": [
      {
        "item": "jeg:shotgun_shell"
      }
    ],
    "sequence": [
      {
        "type": "create:deploying",
        "ingredients": [
          {
            "item": "scguns:unfinished_shotgun_shell"
          },
          [
            {
              "item": "jeg:gunmetal_nugget"
            }
          ]
        ],
        "results": [
          {
            "item": "scguns:unfinished_shotgun_shell"
          }
        ]
      },
      {
        "type": "create:deploying",
        "ingredients": [
          {
            "item": "scguns:unfinished_shotgun_shell"
          },
          [
            {
              "item": "scguns:buckshot"
            }
          ]
        ],
        "results": [
          {
            "item": "scguns:unfinished_shotgun_shell"
          }
        ]
      },
      {
        "type": "create:pressing",
        "ingredients": [
          {
            "item": "scguns:unfinished_shotgun_shell"
          }
        ],
        "results": [
          {
            "item": "scguns:unfinished_shotgun_shell"
          }
        ]
      }
    ],
    "transitionalItem": {
      "item": "scguns:unfinished_shotgun_shell"
    }
  }