{
  "pools": [
    {
      "rolls": {
        "min": 5,
        "max": 9
      },
      "entries": [
        {
          "type": "minecraft:item",
          "name": "irons_spellbooks:fire_ale"
        }
      ]
    },
    {
      "rolls": 1,
      "entries": [
        {
          "type": "minecraft:item",
          "name": "minecraft:glass_bottle",
          "functions": [
            {
              "function": "minecraft:set_count",
              "count": {
                "min": 5,
                "max": 9
              }
            }
          ]
        }
      ]
    },
    {
      "rolls": 1,
      "entries": [
        {
          "type": "minecraft:item",
          "name": "minecraft:emerald",
          "functions": [
            {
              "function": "minecraft:set_count",
              "count": {
                "min": 8,
                "max": 17
              }
            }
          ]
        }
      ]
    }
  ]
}