{
  "type": "celestisynth:starlit_factory",
  "core_material": {
    "tag": "minecraft:flowers"
  },
  "extra_core_material": {
    "item": "celestisynth:supernal_netherite_ingot"
  },
  "forging_time": 400,
  "result": "celestisynth:aquaflora",
  "supporting_core_material": {
    "item": "minecraft:lily_pad"
  },
  "supporting_material_bottom": {
    "item": "minecraft:verdant_froglight"
  },
  "supporting_material_middle": {
    "item": "minecraft:ochre_froglight"
  },
  "supporting_material_top": {
    "item": "minecraft:pearlescent_froglight"
  }
}