{
  "type": "celestisynth:starlit_factory",
  "core_material": {
    "item": "celestisynth:zephyr_deposit"
  },
  "extra_core_material": {
    "item": "celestisynth:supernal_netherite_ingot"
  },
  "forging_time": 700,
  "result": "celestisynth:breezebreaker",
  "supporting_core_material": {
    "item": "celestisynth:zephyr_deposit"
  },
  "supporting_material_bottom": {
    "item": "minecraft:iron_ingot"
  },
  "supporting_material_middle": {
    "item": "minecraft:gold_ingot"
  },
  "supporting_material_top": {
    "item": "minecraft:ghast_tear"
  }
}