{
  "type": "celestisynth:starlit_factory",
  "core_material": {
    "item": "celestisynth:lunar_scrap"
  },
  "extra_core_material": {
    "item": "celestisynth:supernal_netherite_ingot"
  },
  "forging_time": 500,
  "result": "celestisynth:crescentia",
  "supporting_core_material": {
    "item": "celestisynth:lunar_scrap"
  },
  "supporting_material_bottom": {
    "item": "minecraft:iron_ingot"
  },
  "supporting_material_middle": {
    "item": "minecraft:iron_ingot"
  },
  "supporting_material_top": {
    "item": "minecraft:trident"
  }
}