{
  "type": "celestisynth:starlit_factory",
  "core_material": {
    "item": "celestisynth:wintereis_shard"
  },
  "extra_core_material": {
    "item": "celestisynth:supernal_netherite_ingot"
  },
  "forging_time": 400,
  "result": "celestisynth:frostbound",
  "supporting_core_material": {
    "item": "minecraft:diamond_hoe"
  },
  "supporting_material_bottom": {
    "item": "minecraft:packed_ice"
  },
  "supporting_material_middle": {
    "item": "minecraft:blue_ice"
  },
  "supporting_material_top": {
    "item": "celestisynth:wintereis_shard"
  }
}