{
  "type": "celestisynth:starlit_factory",
  "core_material": {
    "item": "celestisynth:crimson_piece"
  },
  "extra_core_material": {
    "item": "celestisynth:celestial_netherite_ingot"
  },
  "forging_time": 800,
  "result": "celestisynth:keres",
  "supporting_core_material": {
    "item": "celestisynth:crimson_piece"
  },
  "supporting_material_bottom": {
    "item": "minecraft:netherite_ingot"
  },
  "supporting_material_middle": {
    "item": "minecraft:nether_wart_block"
  },
  "supporting_material_top": {
    "item": "minecraft:netherite_ingot"
  }
}