{
  "type": "celestisynth:starlit_factory",
  "core_material": {
    "item": "celestisynth:eyebomination"
  },
  "extra_core_material": {
    "item": "celestisynth:supernal_netherite_ingot"
  },
  "forging_time": 700,
  "result": "celestisynth:poltergeist",
  "supporting_core_material": {
    "item": "celestisynth:eyebomination"
  },
  "supporting_material_bottom": {
    "item": "minecraft:iron_axe"
  },
  "supporting_material_middle": {
    "item": "minecraft:anvil"
  },
  "supporting_material_top": {
    "item": "minecraft:anvil"
  }
}