{
  "type": "celestisynth:shaped_celestial_crafting",
  "category": "equipment",
  "key": {
    "b": {
      "item": "minecraft:bow"
    },
    "f": {
      "item": "celestisynth:starstruck_feather"
    },
    "i": {
      "item": "celestisynth:celestial_core_heated"
    },
    "n": {
      "item": "celestisynth:celestial_netherite_ingot"
    },
    "s": {
      "item": "celestisynth:starstruck_scrap"
    }
  },
  "pattern": [
    "nfs",
    "ibs",
    "nfs"
  ],
  "result": {
    "item": "celestisynth:rainfall_serenity"
  },
  "show_notification": true
}