{
  "type": "celestisynth:starlit_factory",
  "core_material": {
    "item": "celestisynth:starstruck_scrap"
  },
  "extra_core_material": {
    "item": "celestisynth:celestial_netherite_ingot"
  },
  "forging_time": 825,
  "result": "celestisynth:rainfall_serenity",
  "supporting_core_material": {
    "item": "minecraft:bow"
  },
  "supporting_material_bottom": {
    "item": "celestisynth:starstruck_scrap"
  },
  "supporting_material_middle": {
    "item": "celestisynth:starstruck_feather"
  },
  "supporting_material_top": {
    "item": "celestisynth:starstruck_feather"
  }
}