{
  "type": "celestisynth:starlit_factory",
  "core_material": {
    "item": "celestisynth:solar_crystal"
  },
  "extra_core_material": {
    "item": "celestisynth:supernal_netherite_ingot"
  },
  "forging_time": 500,
  "result": "celestisynth:solaris",
  "supporting_core_material": {
    "item": "celestisynth:solar_crystal"
  },
  "supporting_material_bottom": {
    "item": "minecraft:blaze_rod"
  },
  "supporting_material_middle": {
    "item": "minecraft:fire_charge"
  },
  "supporting_material_top": {
    "item": "minecraft:iron_sword"
  }
}