{
  "pools": [
    {
      "name": "blazegear_inject",
      "rolls": 1,
      "entries": [
        {
          "type": "minecraft:item",
          "name": "blazegear:brimsteel_ingot",
		  "weight": 2,
		  "functions": [
            {
              "function": "minecraft:set_count",
              "count": {
                "min": 1.0,
                "max": 2.0,
                "type": "minecraft:uniform"
              }
            }
          ]
        },
		{
          "type": "minecraft:item",
          "name": "blazegear:brimsteel_horse_armour",
		  "weight": 1
        },
		{
          "type": "minecraft:empty",
          "weight": 2
        }
      ]
    }
  ]
}