{
    "type": "minecraft:chest",
    "pools": [
        {
            "rolls": 1,
            "entries": [
                {
                    "type": "minecraft:item",
                    "name": "confluence:sextant",
                    "conditions": [
                        {
                            "condition": "minecraft:random_chance",
                            "chance": 0.3
                        }
                    ]
                },
                {
                    "type": "minecraft:item",
                    "name": "confluence:weather_radio",
                    "conditions": [
                        {
                            "condition": "minecraft:random_chance",
                            "chance": 0.3
                        }
                    ]
                },
                {
                    "type": "minecraft:item",
                    "name": "confluence:angler_earring",
                    "conditions": [
                        {
                            "condition": "minecraft:random_chance",
                            "chance": 0.05
                        }
                    ]
                },
                {
                    "type": "minecraft:item",
                    "name": "confluence:fishermans_pocket_guide",
                    "conditions": [
                        {
                            "condition": "minecraft:random_chance",
                            "chance": 0.3
                        }
                    ]
                }
            ]
        }
    ]
}
