{
  "anim_state": "EMERALD_SUPER",
  "class": "ULTIMATE",
  "cooldown_type": "STAND_ULTIMATE",
  "move": {
    "type": "jcraft:hierophantgreen_emerald_splash_attack",
    "attack_extras": {
      "backstab": true,
      "block_stun": 4,
      "hit_animation": "MID",
      "hit_spark": "HIT_SPARK_1"
    },
    "cooldown": 500,
    "damage": 0.0,
    "duration": 40,
    "extras": {
      "description": {
        "text": "Fires a long, oppressive stream of emeralds at the opponent.\nThese emeralds may bounce off walls up to 5 times.\nNearby Tentacles will do the same, but immediately start wilting after use.\n"
      },
      "init_actions": [
        {
          "type": "jcraft:play_sound",
          "sound": "jcraft:hgsplash"
        }
      ],
      "name": {
        "text": "All-Consuming Emerald Splash"
      },
      "ranged": true
    },
    "hit_moments": [
      12,
      14,
      16,
      18,
      20,
      22,
      24,
      26,
      28,
      30,
      32
    ],
    "is_super": true,
    "knockback": 0.0,
    "move_distance": 1.0,
    "offset": 0.0,
    "reflect": true,
    "speed": 2.0,
    "stun": 0
  }
}