{
  "anim_state": "PLACE",
  "class": "SPECIAL3",
  "cooldown_type": "STAND_SP3",
  "move": {
    "type": "jcraft:horus_chasing_freeze_attack",
    "cooldown": 200,
    "duration": 14,
    "extras": {
      "init_actions": [
        {
          "type": "jcraft:play_sound",
          "sound": "jcraft:horusplacecreepingice"
        }
      ],
      "name": {
        "text": "Chasing Freeze"
      },
      "ranged": true
    },
    "move_distance": 0.75,
    "windup": 8
  }
}