{
  "pools": [
    {
      "rolls": 1,
      "entries": [
        {
          "type": "minecraft:item",
          "name": "irons_spellbooks:affinity_ring",
          "functions": [
            {
              "function": "irons_spellbooks:randomize_ring_enhancement",
              "school": "irons_spellbooks:fire"
            }
          ]
        }
      ]
    },
    {
      "rolls": 1,
      "entries": [
        {
          "type": "minecraft:item",
          "name": "irons_spellbooks:affinity_ring",
          "functions": [
            {
              "function": "irons_spellbooks:randomize_ring_enhancement",
              "school": "irons_spellbooks:ice"
            }
          ]
        }
      ]
    },
    {
      "rolls": 1,
      "entries": [
        {
          "type": "minecraft:item",
          "name": "irons_spellbooks:affinity_ring",
          "functions": [
            {
              "function": "irons_spellbooks:randomize_ring_enhancement",
              "school": "irons_spellbooks:lightning"
            }
          ]
        }
      ]
    },
    {
      "rolls": 1,
      "entries": [
        {
          "type": "minecraft:item",
          "name": "irons_spellbooks:affinity_ring",
          "functions": [
            {
              "function": "irons_spellbooks:randomize_ring_enhancement",
              "school": "irons_spellbooks:holy"
            }
          ]
        }
      ]
    },
    {
      "rolls": 1,
      "entries": [
        {
          "type": "minecraft:item",
          "name": "irons_spellbooks:affinity_ring",
          "functions": [
            {
              "function": "irons_spellbooks:randomize_ring_enhancement",
              "school": "irons_spellbooks:ender"
            }
          ]
        }
      ]
    },
    {
      "rolls": 1,
      "entries": [
        {
          "type": "minecraft:item",
          "name": "irons_spellbooks:affinity_ring",
          "functions": [
            {
              "function": "irons_spellbooks:randomize_ring_enhancement",
              "school": "irons_spellbooks:blood"
            }
          ]
        }
      ]
    },
    {
      "rolls": 1,
      "entries": [
        {
          "type": "minecraft:item",
          "name": "irons_spellbooks:affinity_ring",
          "functions": [
            {
              "function": "irons_spellbooks:randomize_ring_enhancement",
              "school": "irons_spellbooks:evocation"
            }
          ]
        }
      ]
    },
    {
      "rolls": 1,
      "entries": [
        {
          "type": "minecraft:item",
          "name": "irons_spellbooks:affinity_ring",
          "functions": [
            {
              "function": "irons_spellbooks:randomize_ring_enhancement",
              "school": "irons_spellbooks:nature"
            }
          ]
        }
      ]
    }
  ]
}
