{
  "pools": [
    {
      "rolls": 1,
      "entries": [
        {
          "type": "minecraft:item",
          "name": "irons_spellbooks:scroll",
          "functions": [
            {
              "function": "irons_spellbooks:randomize_spell",
              "quality": {
                "min": 0.0,
                "max": 1.0
              },
              "spells": [
                "irons_spellbooks:magic_missile",
                "irons_spellbooks:firebolt"
              ]
            }
          ]
        }
      ]
    }
  ]
}
