{
  "anim_state": "FURY_CHOP",
  "class": "SPECIAL2",
  "cooldown_type": "STAND_SP2",
  "move": {
    "type": "jcraft:madeinheaven_fury_chop_attack",
    "attack_extras": {
      "backstab": true,
      "block_stun": 11,
      "hit_animation": "HIGH",
      "hit_spark": "HIT_SPARK_2"
    },
    "cooldown": 200,
    "damage": 7.0,
    "duration": 24,
    "extras": {
      "actions": [
        {
          "type": "jcraft:play_sound",
          "on_impact": true,
          "sound": "jcraft:impact2"
        }
      ],
      "description": {
        "text": "combo extender, on hit gives haste(8s) to user and mining fatigue(8s) to victim, on whiff the fatigue goes to user"
      },
      "init_actions": [
        {
          "type": "jcraft:play_sound",
          "sound": "jcraft:mihfurychop"
        }
      ],
      "name": {
        "text": "Fury Chop"
      }
    },
    "hitbox_size": 1.6,
    "knockback": 0.25,
    "move_distance": 0.85,
    "offset": 0.2,
    "stun": 20,
    "windup": 15
  }
}