{
  "aerial_variant": {
    "anim_state": "SMITE",
    "class": "SPECIAL1",
    "cooldown_type": "STAND_SP1",
    "move": {
      "type": "jcraft:theworld_overheaven_smite_attack",
      "aerial": true,
      "attack_extras": {
        "backstab": true,
        "block_stun": 13,
        "hit_animation": "HIGH"
      },
      "cooldown": 300,
      "damage": 6.0,
      "duration": 20,
      "extras": {
        "description": {
          "text": "summons a weaker lightning bolt at the aimed position"
        },
        "init_actions": [
          {
            "type": "jcraft:play_sound",
            "sound": "jcraft:twohsmite"
          }
        ],
        "name": {
          "text": "You won't run away!"
        },
        "ranged": true
      },
      "hitbox_size": 3.0,
      "knockback": 0.0,
      "levitation_amplifier": 9,
      "levitation_duration": 7,
      "move_distance": 1.0,
      "offset": 0.0,
      "stun": 21,
      "windup": 10
    }
  },
  "anim_state": "SMITE",
  "class": "SPECIAL1",
  "cooldown_type": "STAND_SP1",
  "move": {
    "type": "jcraft:theworld_overheaven_smite_attack",
    "aerial": false,
    "attack_extras": {
      "backstab": true,
      "block_stun": 13,
      "hit_animation": "HIGH"
    },
    "cooldown": 300,
    "damage": 8.0,
    "duration": 20,
    "extras": {
      "description": {
        "text": "summons a powerful lightning bolt that deals high damage and stun"
      },
      "init_actions": [
        {
          "type": "jcraft:play_sound",
          "sound": "jcraft:twohsmite"
        }
      ],
      "name": {
        "text": "Evaporate"
      }
    },
    "hitbox_size": 3.0,
    "knockback": 0.0,
    "levitation_amplifier": 9,
    "levitation_duration": 7,
    "move_distance": 1.0,
    "offset": 0.0,
    "stun": 21,
    "windup": 10
  }
}