{
  "anim_state": "HEAVY",
  "class": "HEAVY",
  "cooldown_type": "STAND_HEAVY",
  "move": {
    "type": "jcraft:shared_simple_attack",
    "attack_extras": {
      "backstab": true,
      "block_stun": 12,
      "hit_animation": "LAUNCH",
      "hit_spark": "HIT_SPARK_3",
      "override_stun": true,
      "shockwaves": true,
      "stun_type": "LAUNCH"
    },
    "cooldown": 200,
    "damage": 8.0,
    "duration": 25,
    "extras": {
      "actions": [
        {
          "type": "jcraft:play_sound",
          "on_impact": true,
          "sound": "jcraft:impact2"
        }
      ],
      "armor": 2147483647,
      "description": {
        "text": "user & stand charge forward, uninterruptible launcher"
      },
      "init_actions": [
        {
          "type": "jcraft:lunge",
          "factor": 0.75,
          "on_ground": true,
          "vertical_factor": 0.15
        },
        {
          "type": "jcraft:play_sound",
          "sound": "jcraft:d4cheavy"
        }
      ],
      "name": {
        "text": "Charge"
      }
    },
    "hitbox_size": 2.0,
    "knockback": 1.5,
    "move_distance": 1.0,
    "offset": -0.2,
    "stun": 12,
    "windup": 14
  }
}