{
  "anim_state": "CIRCLE_CHARGE",
  "class": "UTILITY",
  "cooldown_type": "UTILITY",
  "followup": {
    "anim_state": "CIRCLE_SLASH",
    "class": "UTILITY",
    "cooldown_type": "UTILITY",
    "move": {
      "type": "jcraft:silverchariot_circle_slash_attack",
      "attack_extras": {
        "backstab": true,
        "block_stun": 9,
        "extra_hit_boxes": [
          {
            "forward_offset": -0.65,
            "size": 2.0
          }
        ],
        "hit_animation": "LAUNCH",
        "hit_spark": "HIT_SPARK_2",
        "override_stun": true,
        "shockwaves": true,
        "stun_type": "LAUNCH"
      },
      "cooldown": 0,
      "damage": 5.0,
      "duration": 20,
      "extras": {
        "name": {
          "text": "Circle Slash (Hit)"
        }
      },
      "hitbox_size": 1.75,
      "knockback": 0.0,
      "move_distance": 0.65,
      "offset": 0.0,
      "stun": 20,
      "windup": 2
    }
  },
  "move": {
    "type": "jcraft:shared_simple_holdable_move",
    "cooldown": 260,
    "duration": 100,
    "extras": {
      "armor": 2,
      "description": {
        "text": "2 armor points\nCan be held, and released 0.75s in.\nDepending on how much you hold, the damage and launch height increase."
      },
      "is_holdable": true,
      "name": {
        "text": "Circle Slash"
      }
    },
    "minimum_charge": 15,
    "move_distance": 0.65,
    "set_move_stun": false,
    "windup": 101
  }
}