{
  "name": "mowziesmobs:monastery/fallback/path_connector_fallback_pool",
  "fallback": "mowziesmobs:monastery/fallback/path_connector_fallback_pool",
  "elements": [

    {
      "weight": 1,
      "element": {
        "location": "mowziesmobs:monastery/monastery_tower",
        "processors": "mowziesmobs:monastery",
        "projection": "rigid",
        "element_type": "mowziesmobs:mowzie_element",
        "bounds": {
          "special_bounds": "tower",
          "bounds_min_offset": [ 1, 0, 1 ],
          "bounds_max_offset": [ -1, 0, -1 ],
          "check_bounds_min_offset": [ 0, -80, 0 ],
          "check_bounds_max_offset": [ 0, 80, 0 ],
          "interior_bounds_min_offset": [ 1, 0, 1 ],
          "interior_bounds_max_offset": [ -1, 0, -1 ]
        },
        "tags": {
          "possible_tags": [
            {"tag": "storage", "weight": 1},
            {"tag": "library", "weight": 1}
          ]
        }
      }
    },

    {
      "weight": 1,
      "element": {
        "location": "mowziesmobs:monastery/monastery_wall_end",
        "processors": "mowziesmobs:monastery",
        "projection": "rigid",
        "element_type": "mowziesmobs:mowzie_element",
        "bounds": {
          "bounds_min_offset": [ 0, 5, 1 ],
          "bounds_max_offset": [ -2, 0, -1 ],
          "check_bounds_min_offset": [ 0, -80, 0 ],
          "check_bounds_max_offset": [ 0, 80, 0 ]
        },
        "priority": 1
      }
    },

    {
      "weight": 1,
      "element": {
        "location": "mowziesmobs:monastery/monastery_wall_end_subtract",
        "processors": "mowziesmobs:monastery",
        "projection": "rigid",
        "element_type": "mowziesmobs:mowzie_element",
        "bounds": {
          "ignore_bounds": true
        },
        "conditions": {
          "forbidden_parents": [
            "mowziesmobs:monastery/monastery_wall_3way",
            "mowziesmobs:monastery/monastery_wall_3way_center",
            "mowziesmobs:monastery/monastery_wall_4way",
            "mowziesmobs:monastery/monastery_wall_corner",
            "mowziesmobs:monastery/monastery_wall_straight_center",
            "mowziesmobs:monastery/monastery_center_back",
            "mowziesmobs:monastery/monastery_center_back_3way"
          ],
          "forbidden_parents_depth": 2
        },
        "priority": 2
      }
    },

    // ****************************************************************************************************************
    // Gap elements
    // ****************************************************************************************************************
    {
      "weight": 1,
      "element": {
        "location": "mowziesmobs:monastery/monastery_wall_gap",
        "processors": "mowziesmobs:monastery",
        "projection": "rigid",
        "element_type": "mowziesmobs:mowzie_element",
        "bounds": {
          "ignore_bounds": true,
          "needs_overlap_bounds": "wall",
          "bounds_min_offset": [ 0, 0, 1 ],
          "bounds_max_offset": [ 0, 0, -1 ]
        },
        "conditions": {
          "forbidden_parents": [
            "mowziesmobs:monastery/monastery_center"
          ],
          "forbidden_parents_depth": 3
        }
      }
    },

    {
      "weight": 1,
      "element": {
        "location": "mowziesmobs:monastery/monastery_tower_gap",
        "processors": "mowziesmobs:monastery",
        "projection": "rigid",
        "element_type": "mowziesmobs:mowzie_element",
        "bounds": {
          "ignore_bounds": true,
          "needs_overlap_bounds": "tower",
          "bounds_min_offset": [ 0, 2, 0 ],
          "bounds_max_offset": [ 0, -2, 0 ]
        },
        "gen_order": 3
      }
    }

  ]
}