{
  "name": "mowziesmobs:monastery/room_wall_right_fallback_pool",
  "fallback": "mowziesmobs:monastery/fallback/room_wall_right_fallback_pool",
  "elements": [

    {
      "weight": 5,
      "element": {
        "location": "mowziesmobs:monastery/monastery_tower_blank",
        "processors": "mowziesmobs:monastery",
        "projection": "rigid",
        "element_type": "mowziesmobs:mowzie_element",
        "bounds": {
          "ignore_bounds": true
        }
      }
    },

    {
      "weight": 1,
      "element": {
        "location": "mowziesmobs:monastery/monastery_tower_window1",
        "processors": "mowziesmobs:monastery",
        "projection": "rigid",
        "element_type": "mowziesmobs:mowzie_element",
        "bounds": {
          "special_bounds": "window",
          "bounds_max_offset": [ 0, 0, -1 ],
          "check_bounds_max_offset": [ 0, 80, 0 ],
          "place_bounds": false,
          "forbidden_overlap_bounds": "window"
        },
        "conditions": {
          "min_height": -1
        },
        "gen_order": 3
      }
    },

    {
      "weight": 1,
      "element": {
        "location": "mowziesmobs:monastery/monastery_tower_window_short",
        "processors": "mowziesmobs:monastery",
        "projection": "rigid",
        "element_type": "mowziesmobs:mowzie_element",
        "bounds": {
          "special_bounds": "window",
          "bounds_max_offset": [ 0, 0, -1 ],
          "check_bounds_max_offset": [ 0, 80, 0 ],
          "place_bounds": false,
          "forbidden_overlap_bounds": "window"
        },
        "conditions": {
          "min_height": -1
        },
        "gen_order": 3
      }
    }

  ]
}