{
  "type": "minecraft:mul",
  "argument1": -0.33,
  "argument2": {
    "type": "minecraft:max",
    "argument1": 0,
    "argument2": {
      "type": "minecraft:max",
      "argument1": {
        "type": "minecraft:max",
        "argument1": {
          "type": "minecraft:add",
          "argument1": {
            "type": "minecraft:y_clamped_gradient",
            "from_y": 192,
            "to_y": 64,
            "from_value": -1.5,
            "to_value": 1
          },
          "argument2": {
            "type": "minecraft:noise",
            "noise": "minecraft:gravel",
            "xz_scale": 7,
            "y_scale": 0.5
          }
        },
        "argument2": {
          "type": "minecraft:add",
          "argument1": {
            "type": "minecraft:y_clamped_gradient",
            "from_y": 192,
            "to_y": 64,
            "from_value": -1.5,
            "to_value": 1
          },
          "argument2": {
            "type": "minecraft:noise",
            "noise": "minecraft:gravel",
            "xz_scale": 8,
            "y_scale": 0.5
          }
        }
      },
      "argument2": {
        "type": "minecraft:max",
        "argument1": {
          "type": "minecraft:add",
          "argument1": {
            "type": "minecraft:y_clamped_gradient",
            "from_y": 192,
            "to_y": 64,
            "from_value": -1.5,
            "to_value": 1
          },
          "argument2": {
            "type": "minecraft:noise",
            "noise": "minecraft:gravel",
            "xz_scale": 9,
            "y_scale": 0.5
          }
        },
        "argument2": {
          "type": "minecraft:add",
          "argument1": {
            "type": "minecraft:y_clamped_gradient",
            "from_y": 192,
            "to_y": 64,
            "from_value": -1.5,
            "to_value": 1
          },
          "argument2": {
            "type": "minecraft:noise",
            "noise": "minecraft:gravel",
            "xz_scale": 10,
            "y_scale": 0.5
          }
        }
      }
    }
  }
}