{
  "type": "minecraft:block",
  "random_sequence": "terramity:blocks/daemonium_slab",
  "pools": [
    {
      "rolls": 1.0,
      "entries": [
        {
          "type": "minecraft:item",
          "name": "terramity:daemonium_slab",
          "functions": [
            {
              "conditions": [
                {
                  "condition": "minecraft:block_state_property",
                  "block": "terramity:daemonium_slab",
                  "properties": {
                    "type": "double"
                  }
                }
              ],
              "count": 2.0,
              "function": "minecraft:set_count"
            },
            {
              "function": "minecraft:explosion_decay"
            }
          ]
        }
      ]
    }
  ]
}