{
  "anim_state": "GROUND_SLAM",
  "class": "SPECIAL3",
  "cooldown_type": "STAND_SP3",
  "move": {
    "type": "jcraft:cmoon_ground_slam_attack",
    "attack_extras": {
      "backstab": true,
      "block_stun": 11,
      "blockable_type": "NON_BLOCKABLE_EFFECTS_ONLY",
      "hit_animation": "MID",
      "hit_spark": "HIT_SPARK_2",
      "static_height": true
    },
    "cooldown": 240,
    "damage": 7.0,
    "duration": 18,
    "extras": {
      "actions": [
        {
          "type": "jcraft:play_sound",
          "on_impact": true,
          "sound": "jcraft:impact10"
        },
        {
          "type": "jcraft:cmoon_inversion",
          "damage": 0.5,
          "slow": false,
          "time": 40
        }
      ],
      "description": {
        "text": "launches downwards, combo starter/extender, knocks down if it hits while user is crouching"
      },
      "init_actions": [
        {
          "type": "jcraft:play_sound",
          "sound": "jcraft:cmoongroundslam"
        }
      ],
      "name": {
        "text": "Ground Slam"
      }
    },
    "hitbox_size": 3.0,
    "knockback": 0.2,
    "move_distance": 1.0,
    "offset": 1.4,
    "stun": 17,
    "windup": 10
  }
}