{
  "aerial_variant": {
    "anim_state": "TORNADO",
    "class": "SPECIAL2",
    "cooldown_type": "STAND_SP2",
    "move": {
      "type": "jcraft:thefool_sand_tornado_move",
      "cooldown": 280,
      "duration": 13,
      "extras": {
        "description": {
          "text": "summons a slow, stunning sand tornado"
        },
        "init_actions": [
          {
            "type": "jcraft:play_sound",
            "sound": "jcraft:foollaunch"
          }
        ],
        "name": {
          "text": "Sand Tornado"
        },
        "ranged": true
      },
      "move_distance": 1.0,
      "windup": 12
    }
  },
  "anim_state": "CHARGE",
  "class": "SPECIAL2",
  "cooldown_type": "STAND_SP2",
  "move": {
    "type": "jcraft:thefool_charge_attack",
    "attack_extras": {
      "block_stun": 10,
      "hit_animation": "LAUNCH",
      "hit_spark": "HIT_SPARK_2",
      "override_stun": true,
      "shockwaves": true,
      "stun_type": "LAUNCH"
    },
    "cooldown": 220,
    "damage": 6.0,
    "duration": 20,
    "extras": {
      "actions": [
        {
          "type": "jcraft:play_sound",
          "on_impact": true,
          "sound": "jcraft:impact2"
        }
      ],
      "description": {
        "text": "The Fool detaches from the user and charges forward, launches on hit"
      },
      "init_actions": [
        {
          "type": "jcraft:play_sound",
          "sound": "jcraft:foolcharge"
        }
      ],
      "name": {
        "text": "Charge"
      },
      "ranged": true
    },
    "hitbox_size": 1.5,
    "knockback": 1.2,
    "move_distance": 7.0,
    "offset": 0.0,
    "stun": 10,
    "windup": 5
  }
}