{
  "properties": {
    "fuel": 21.0,
    "durability": 2.0,
    "yawSpeed": 3.0,
    "pitchSpeed": 3.0,
    "engineSpeed": 0.035,
    "pushSpeed": 0.03,
    "glideFactor": 0.05,
    "driftDrag": 0.01,
    "lift": 0.15,
    "rollFactor": 40.0,
    "groundPitch": 5.75,
    "wind": 0.005,
    "mass": 2.0
  },
  "inventorySlots": [
    {"type": "boiler", "x": 12, "y": 37},
    {"type": "booster", "x": 40, "y": 32},
    {"type": "weapon", "x": 62, "y": 21},
    {"type": "weapon", "x": 62, "y": 43},
    {"type": "upgrade", "x": 84, "y": 32},
    {"type": "upgrade", "x": 106, "y": 32},
    {"type": "upgrade", "x": 128, "y": 32},
    {"type": "upgrade", "x": 150, "y": 32},
    {"type": "inventory", "x": 8, "y": 68, "cols": 9, "rows": 3}
  ],
  "weaponMounts": [
    {
      "ROTATING": [
        {"x": 0, "y": 3.375, "z": -1.5}
      ],
      "FRONT": [
        {"x": -2.875, "y": 4.0, "z": 1.0},
        {"x": 2.875, "y": 4.0, "z": 1.0},
        {"x": -2.25, "y": 1.75, "z": 1.0, "roll": 180},
        {"x": 2.25, "y": 1.75, "z": 1.0, "roll": 180}
      ],
      "DROP": [
        {"x": -2.875, "y": 1.75, "z": 0.5},
        {"x": 2.875, "y": 1.75, "z": 0.5}
      ]
    },
    {
      "ROTATING": [
        {"x": 0, "y": 3.375, "z": -2.5}
      ],
      "FRONT": [
        {"x": -4.0, "y": 4.0, "z": 1.0},
        {"x": 4.0, "y": 4.0, "z": 1.0}
      ],
      "DROP": [
        {"x": -4.0, "y": 1.75, "z": 0.5},
        {"x": 4.0, "y": 1.75, "z": 0.5}
      ]
    }
  ],
  "passengerPositions": [
    [
      {"x": 0.0, "y": 2.0, "z": 1.25}
    ],
    [
      {"x": 0.0, "y": 2.0, "z": 1.25},
      {"x": 0.0, "y": 2.0, "z": -0.25}
    ]
  ],
  "boundingBoxes": [
    {"width": 2.0, "height": 2.3, "x": 1.0, "y": 2.5, "z": 1.0},
    {"width": 2.0, "height": 2.3, "x": 2.2, "y": 2.5, "z": 1.0},
    {"width": 2.0, "height": 2.3, "x": 3.4, "y": 2.5, "z": 1.0},
    {"width": 2.0, "height": 2.3, "x": 4.6, "y": 2.5, "z": 1.0},
    {"width": 2.0, "height": 2.3, "x": 0.0, "y": 2.5, "z": 1.0},
    {"width": 2.0, "height": 2.3, "x": -1.0, "y": 2.5, "z": 1.0},
    {"width": 2.0, "height": 2.3, "x": -2.2, "y": 2.5, "z": 1.0},
    {"width": 2.0, "height": 2.3, "x": -3.4, "y": 2.5, "z": 1.0},
    {"width": 2.0, "height": 2.3, "x": -4.6, "y": 2.5, "z": 1.0},
    {"width": 2.0, "height": 1.75, "x": 0.0, "y": 2.0, "z": -1.5},
    {"width": 2.0, "height": 1.75, "x": 0.0, "y": 2.0, "z": -3.0},
    {"width": 2.0, "height": 1.5, "x": 0.0, "y": 2.0, "z": -4.5},
    {"width": 1.5, "height": 1.5, "x": 0.0, "y": 2.0, "z": -5.5},
    {"width": 3.0, "height": 0.2, "x": 0.0, "y": 2.5, "z": -5.25}
  ]
}