{
  "anim_state": "ARMOR_OFF",
  "class": "ULTIMATE",
  "cooldown_type": "STAND_ULTIMATE",
  "move": {
    "type": "jcraft:silverchariot_armor_off_attack",
    "attack_extras": {
      "backstab": true,
      "block_stun": 8,
      "hit_animation": "LAUNCH",
      "hit_spark": "HIT_SPARK_1",
      "override_stun": true,
      "shockwaves": true,
      "stun_type": "LAUNCH"
    },
    "cooldown": 1200,
    "damage": 4.0,
    "duration": 15,
    "extras": {
      "description": {
        "text": "25s of faster moves"
      },
      "init_actions": [
        {
          "type": "jcraft:play_sound",
          "sound": "jcraft:scarmoroff"
        }
      ],
      "name": {
        "text": "Armor Off"
      }
    },
    "hitbox_size": 1.75,
    "knockback": 0.75,
    "move_distance": 0.65,
    "offset": 0.0,
    "stun": 7,
    "windup": 6
  }
}