{
  "anim_state": "BISECT",
  "class": "ULTIMATE",
  "cooldown_type": "STAND_ULTIMATE",
  "followup": {
    "anim_state": "NONE",
    "class": "ULTIMATE",
    "cooldown_type": "STAND_ULTIMATE",
    "move": {
      "type": "jcraft:metallica_bisect_attack",
      "cooldown": 0,
      "duration": 11,
      "extras": {
        "init_actions": [
          {
            "type": "jcraft:user_animation",
            "animation": "mtl.bsc_fire"
          }
        ]
      },
      "move_distance": 0.75,
      "windup": 1
    }
  },
  "move": {
    "type": "jcraft:metallica_bisect_charge_move",
    "cooldown": 600,
    "duration": 80,
    "extras": {
      "description": {
        "text": "Chargeable projectile that consumes iron over time to become larger and more powerful.\nUnblockable."
      },
      "init_actions": [
        {
          "type": "jcraft:user_animation",
          "animation": "mtl.bsc"
        }
      ],
      "is_holdable": true,
      "name": {
        "text": "Bisect"
      }
    },
    "minimum_charge": 12,
    "move_distance": 0.75,
    "set_move_stun": false,
    "windup": 81
  }
}