{
  "type": "minecraft:crafting_shapeless",
  "category": "misc",
  "ingredients": [
    {
      "item": "minecraft:waxed_oxidized_cut_copper_slab"
    },
    {
      "item": "minecraft:gold_ingot"
    },
    {
      "item": "minecraft:netherite_ingot"
    },
    {
      "item": "minecraft:experience_bottle"
    },
    {
      "item": "minecraft:paper"
    },
    {
      "item": "minecraft:nautilus_shell"
    },
    {
      "item": "minecraft:ender_eye"
    },
    {
      "item": "minecraft:ink_sac"
    },
    {
      "item": "minecraft:emerald"
    }
  ],
  "result": {
    "item": "jcraft:diary_page"
  }
}