{
  "type": "minecraft:crafting_shapeless",
  "category": "equipment",
  "ingredients": [
    {
      "item": "jcraft:knife"
    },
    {
      "item": "jcraft:knife"
    },
    {
      "item": "jcraft:knife"
    },
    {
      "item": "jcraft:knife"
    },
    {
      "item": "jcraft:knife"
    },
    {
      "item": "jcraft:knife"
    },
    {
      "item": "jcraft:knife"
    },
    {
      "item": "jcraft:knife"
    },
    {
      "item": "jcraft:knife"
    }
  ],
  "result": {
    "item": "jcraft:knife_bundle"
  }
}