{
  "type": "minecraft:entity",
  "pools": [
    {
      "bonus_rolls": 0.0,
      "conditions": [
        {
          "condition": "minecraft:killed_by_player"
        },
        {
          "chance": 0.5,
          "condition": "minecraft:random_chance_with_looting",
          "looting_multiplier": 0.01
        }
      ],
      "entries": [
        {
          "type": "minecraft:item",
          "name": "minecraft:lightning_rod"
        }
      ],
      "rolls": 1.0
    },
    {
      "bonus_rolls": 0.0,
      "entries": [
        {
          "type": "minecraft:item",
          "functions": [
            {
              "add": false,
              "count": {
                "type": "minecraft:uniform",
                "max": 5.0,
                "min": 3.0
              },
              "function": "minecraft:set_count"
            }
          ],
          "name": "minecraft:copper_ingot"
        }
      ],
      "rolls": 1.0
    }
  ],
  "random_sequence": "trailsandtalesplus:entities/copper_golem"
}