{
  "type": "minecraft:entity",
  "pools": [
    {
      "bonus_rolls": 0.0,
      "conditions": [
        {
          "condition": "minecraft:killed_by_player"
        },
        {
          "chance": 1.0,
          "condition": "minecraft:random_chance_with_looting",
          "looting_multiplier": 0.0
        }
      ],
      "entries": [
        {
          "type": "minecraft:item",
          "name": "trailsandtalesplus:snareling_eye"
        }
      ],
      "rolls": 1.0
    }
  ],
  "random_sequence": "trailsandtalesplus:entities/snareling"
}