{
  "type": "minecraft:crafting_shapeless",
  "ingredients": [
    {
      "tag": "forge:nuggets/copper"
    },
    {
      "tag": "forge:nuggets/copper"
    },
    {
      "tag": "forge:nuggets/copper"
    },
    {
      "tag": "forge:nuggets/copper"
    },
    {
      "tag": "forge:nuggets/copper"
    },
    {
      "tag": "forge:nuggets/copper"
    },
    {
      "tag": "forge:nuggets/copper"
    },
    {
      "tag": "forge:nuggets/copper"
    },
    {
      "tag": "forge:nuggets/copper"
    }
  ],
  "result": {
    "item": "minecraft:copper_ingot",
    "count": 1
  }
}