{
  "type": "minecraft:crafting_shapeless",
  "ingredients": [
    {
      "tag": "iceandfire:frozen_block"
    },
    {
      "tag": "iceandfire:frozen_block"
    },
    {
      "tag": "iceandfire:frozen_block"
    },
    {
      "tag": "iceandfire:frozen_block"
    },
    {
      "tag": "iceandfire:frozen_block"
    },
    {
      "tag": "iceandfire:frozen_block"
    },
    {
      "tag": "iceandfire:frozen_block"
    },
    {
      "tag": "iceandfire:frozen_block"
    },
    {
      "tag": "iceandfire:frozen_block"
    }
  ],
  "result": {
    "item": "iceandfire:dragon_ice",
    "count": 1
  }
}