{
  "type": "minecraft:crafting_shapeless",
  "ingredients": [
    {
      "tag": "forge:nuggets/silver"
    },
    {
      "tag": "forge:nuggets/silver"
    },
    {
      "tag": "forge:nuggets/silver"
    },
    {
      "tag": "forge:nuggets/silver"
    },
    {
      "tag": "forge:nuggets/silver"
    },
    {
      "tag": "forge:nuggets/silver"
    },
    {
      "tag": "forge:nuggets/silver"
    },
    {
      "tag": "forge:nuggets/silver"
    },
    {
      "tag": "forge:nuggets/silver"
    }
  ],
  "result": {
    "item": "iceandfire:silver_ingot",
    "count": 1
  }
}