{
  "anim_state": "DONUT",
  "class": "HEAVY",
  "cooldown_type": "STAND_HEAVY",
  "move": {
    "type": "jcraft:shared_simple_attack",
    "attack_extras": {
      "backstab": true,
      "block_stun": 12,
      "extra_hit_boxes": [
        {
          "size": 1.25,
          "vertical_offset": 0.25
        }
      ],
      "hit_animation": "LAUNCH",
      "hit_spark": "HIT_SPARK_3",
      "override_stun": true,
      "shockwaves": true,
      "stun_type": "LAUNCH"
    },
    "cooldown": 200,
    "damage": 8.0,
    "duration": 30,
    "extras": {
      "actions": [
        {
          "type": "jcraft:play_sound",
          "on_impact": true,
          "sound": "jcraft:twkickhit"
        },
        {
          "type": "jcraft:cmoon_inversion",
          "damage": 0.5,
          "slow": false,
          "time": 40
        }
      ],
      "armor": 2147483647,
      "description": {
        "text": "slow, uninterruptible combo finisher"
      },
      "init_actions": [
        {
          "type": "jcraft:play_sound",
          "sound": "jcraft:cmoondonut"
        }
      ],
      "name": {
        "text": "Gut Punch"
      }
    },
    "hitbox_size": 2.0,
    "knockback": 1.5,
    "move_distance": 1.0,
    "offset": 0.0,
    "stun": 10,
    "windup": 19
  }
}