{
  "anim_state": "BUBBLE",
  "class": "SPECIAL2",
  "cooldown_type": "STAND_SP2",
  "crouching_variant": {
    "anim_state": "BUBBLE_COUNTER",
    "class": "SPECIAL2",
    "cooldown_type": "STAND_SP2",
    "move": {
      "type": "jcraft:killerqueen_bitesthedust_bubble_counter_attack",
      "cooldown": 480,
      "duration": 20,
      "extras": {
        "description": {
          "text": "0.25s windup counter, turns opponent into your primary bomb"
        },
        "name": {
          "text": "Stray Cat Counter"
        }
      },
      "move_distance": 1.0,
      "windup": 5
    }
  },
  "move": {
    "type": "jcraft:killerqueen_bitesthedust_bubble_attack",
    "cooldown": 220,
    "duration": 18,
    "extras": {
      "description": {
        "text": "launches an explosive bubble guided by your view rotation"
      },
      "init_actions": [
        {
          "type": "jcraft:play_sound",
          "sound": "jcraft:kquppercut"
        }
      ],
      "name": {
        "text": "Stray Cat Bubble"
      },
      "ranged": true
    },
    "move_distance": 0.75,
    "windup": 15
  }
}