{
  "type": "minecraft:crafting_shaped",
  "category": "misc",
  "pattern": [
    "012",
    "3 5",
    "6 8"
  ],
  "key": {
    "0": {
      "item": "deep_dark_regrowth:sculk_remnants"
    },
    "1": {
      "item": "deep_dark_regrowth:sculk_heart"
    },
    "2": {
      "item": "deep_dark_regrowth:sculk_remnants"
    },
    "3": {
      "item": "deep_dark_regrowth:sculk_carapace_piece"
    },
    "5": {
      "item": "deep_dark_regrowth:sculk_carapace_piece"
    },
    "6": {
      "item": "deep_dark_regrowth:sculk_remnants"
    },
    "8": {
      "item": "deep_dark_regrowth:sculk_remnants"
    }
  },
  "result": {
    "item": "deep_dark_regrowth:ancient_leggings",
    "count": 1
  }
}