{
  "parent": "minecraft:recipes/root",
  "criteria": {
    "has_diamond": {
      "conditions": {
        "items": [
          {
            "items": [
              "minecraft:diamond"
            ]
          }
        ]
      },
      "trigger": "minecraft:inventory_changed"
    },
    "has_soul_block": {
      "conditions": {
        "items": [
          {
            "items": [
              "jcraft:soul_block"
            ]
          }
        ]
      },
      "trigger": "minecraft:inventory_changed"
    },
    "has_the_recipe": {
      "conditions": {
        "recipe": "jcraft:anubis_sheathed"
      },
      "trigger": "minecraft:recipe_unlocked"
    }
  },
  "requirements": [
    [
      "has_diamond",
      "has_soul_block",
      "has_the_recipe"
    ]
  ],
  "rewards": {
    "recipes": [
      "jcraft:anubis_sheathed"
    ]
  },
  "sends_telemetry_event": false
}