{
  "parent": "minecraft:recipes/root",
  "criteria": {
    "has_netherite_boots": {
      "conditions": {
        "items": [
          {
            "items": [
              "minecraft:netherite_boots"
            ]
          }
        ]
      },
      "trigger": "minecraft:inventory_changed"
    },
    "has_the_recipe": {
      "conditions": {
        "recipe": "jcraft:dio_boots"
      },
      "trigger": "minecraft:recipe_unlocked"
    }
  },
  "requirements": [
    [
      "has_netherite_boots",
      "has_the_recipe"
    ]
  ],
  "rewards": {
    "recipes": [
      "jcraft:dio_boots"
    ]
  },
  "sends_telemetry_event": false
}