{
  "aerial_variant": {
    "anim_state": "AXE_KICK",
    "class": "HEAVY",
    "cooldown_type": "HEAVY",
    "move": {
      "type": "jcraft:shared_simple_uppercut_attack",
      "attack_extras": {
        "backstab": true,
        "block_stun": 9,
        "hit_animation": "CRUSH",
        "hit_spark": "HIT_SPARK_2",
        "static_height": true
      },
      "cooldown": 30,
      "damage": 5.0,
      "duration": 12,
      "extras": {
        "actions": [
          {
            "type": "jcraft:play_sound",
            "on_impact": true,
            "sound": "jcraft:impact1"
          }
        ],
        "description": {
          "text": "jab"
        },
        "name": {
          "text": "Axe Kick"
        }
      },
      "hitbox_size": 1.5,
      "knockback": 0.2,
      "move_distance": 1.0,
      "offset": 0.5,
      "strength": -0.5,
      "stun": 14,
      "windup": 6
    }
  },
  "anim_state": "ROUNDHOUSE",
  "class": "HEAVY",
  "cooldown_type": "HEAVY",
  "crouching_variant": {
    "anim_state": "SWEEP",
    "class": "HEAVY",
    "cooldown_type": "HEAVY",
    "move": {
      "type": "jcraft:shared_simple_uppercut_attack",
      "attack_extras": {
        "backstab": true,
        "block_stun": 9,
        "hit_animation": "LOW",
        "hit_spark": "HIT_SPARK_1",
        "static_height": true
      },
      "cooldown": 30,
      "damage": 5.0,
      "duration": 12,
      "extras": {
        "actions": [
          {
            "type": "jcraft:play_sound",
            "on_impact": true,
            "sound": "jcraft:impact1"
          }
        ],
        "description": {
          "text": "fast launcher"
        },
        "name": {
          "text": "Sweep Kick"
        }
      },
      "hitbox_size": 1.5,
      "knockback": 0.2,
      "move_distance": 1.0,
      "offset": 0.5,
      "strength": 0.5,
      "stun": 12,
      "windup": 6
    }
  },
  "move": {
    "type": "jcraft:shared_simple_attack",
    "attack_extras": {
      "backstab": true,
      "block_stun": 10,
      "hit_animation": "LAUNCH",
      "hit_spark": "HIT_SPARK_2",
      "override_stun": true,
      "shockwaves": true,
      "stun_type": "LAUNCH"
    },
    "cooldown": 30,
    "damage": 6.0,
    "duration": 15,
    "extras": {
      "actions": [
        {
          "type": "jcraft:play_sound",
          "on_impact": true,
          "sound": "jcraft:twkickhit"
        }
      ],
      "description": {
        "text": "fast launcher"
      },
      "name": {
        "text": "Wheel Kick"
      }
    },
    "hitbox_size": 1.5,
    "knockback": 1.5,
    "move_distance": 1.0,
    "offset": 0.0,
    "stun": 19,
    "windup": 8
  }
}